timestamp,sample_id,sample_type,position_index,orientation_index,offset_x_mm,offset_y_mm,offset_z_mm,offset_roll_deg,offset_pitch_deg,offset_yaw_deg,tcp_x_mm,tcp_y_mm,tcp_z_mm,tcp_roll_deg,tcp_pitch_deg,tcp_yaw_deg,marker_base_x_mm,marker_base_y_mm,marker_base_z_mm,marker_base_roll_deg,marker_base_pitch_deg,marker_base_yaw_deg,mean_reprojection_error_px,max_reprojection_error_px,used_corner_count,detected_corner_count,averaged_frames,T_base_tcp_00,T_base_tcp_01,T_base_tcp_02,T_base_tcp_03,T_base_tcp_10,T_base_tcp_11,T_base_tcp_12,T_base_tcp_13,T_base_tcp_20,T_base_tcp_21,T_base_tcp_22,T_base_tcp_23,T_base_tcp_30,T_base_tcp_31,T_base_tcp_32,T_base_tcp_33,T_cam_board_m_00,T_cam_board_m_01,T_cam_board_m_02,T_cam_board_m_03,T_cam_board_m_10,T_cam_board_m_11,T_cam_board_m_12,T_cam_board_m_13,T_cam_board_m_20,T_cam_board_m_21,T_cam_board_m_22,T_cam_board_m_23,T_cam_board_m_30,T_cam_board_m_31,T_cam_board_m_32,T_cam_board_m_33,T_base_board_mm_00,T_base_board_mm_01,T_base_board_mm_02,T_base_board_mm_03,T_base_board_mm_10,T_base_board_mm_11,T_base_board_mm_12,T_base_board_mm_13,T_base_board_mm_20,T_base_board_mm_21,T_base_board_mm_22,T_base_board_mm_23,T_base_board_mm_30,T_base_board_mm_31,T_base_board_mm_32,T_base_board_mm_33
2026-07-15T11:22:50.116,0,reference,0,0,0.0,0.0,0.0,0.0,0.0,0.0,263.461731,-512.499939,52.82386,-177.12084963153094,0.2887134329664218,179.89683014893976,713.288012073801,-558.5766566875803,200.84411895369809,-141.91854050392618,86.4857354295433,-138.97087193716797,0.29524754907470274,0.5370578375371114,24,24,10,-0.9999856831107086,0.0020514846652901317,0.004942163926629921,263.461731,0.0018006297561282865,0.9987356266777874,-0.05023848860195641,-512.499939,-0.005038978675381354,-0.05022887033565098,-0.9987250218547212,52.82386,0.0,0.0,0.0,1.0,0.009852443703560147,0.9984455356624934,0.054858378290871944,-0.0470305381913283,-0.9986399530163683,0.012633582067685428,-0.0505829698970303,0.04129359648253718,-0.051197398298477935,-0.05428540245568114,0.9972120744794918,0.6306486789980595,0.0,0.0,0.0,1.0,-0.04624101082233206,-0.05229876678560408,0.9975603279555749,713.288012073801,-0.04023798780167574,0.9979155677432137,0.050452195129757675,-558.5766566875803,-0.9981195686168071,-0.037806859806707116,-0.04824902170774906,200.84411895369809,0.0,0.0,0.0,1.0
2026-07-15T11:23:00.126,1,random,1,1,-51.975697187942494,-30.00122808975842,24.485335380394346,3.3855839688601677,2.2032824546275833,14.30030826869939,211.484848,-542.491394,77.346046,-173.7071670881415,2.4767246610120095,-165.79920359974588,705.6263622505464,-557.5336453910531,202.4716668906432,-122.04387874390531,87.2344014757993,-120.22649620804694,0.26103585067380314,0.7039008025977743,20,20,10,-0.9685363443302321,-0.23925083023577745,0.06853021189899718,211.484848,-0.2450916966120641,0.9647627319831065,-0.09572320109729285,-542.491394,-0.0432135391197041,-0.10950758516186915,-0.9930461614792969,77.346046,0.0,0.0,0.0,1.0,0.07497041165271086,0.9756397007454153,-0.20617131639978636,-0.1409381756712304,-0.994215655912922,0.05718644832549323,-0.0909117135772618,-0.013047997606376344,-0.07690687169727724,0.21179443915578458,0.9742835565832082,0.660314405792966,0.0,0.0,0.0,1.0,-0.024290024025571063,-0.03221099598640798,0.9991858918491602,705.6263622505464,-0.041690081666474,0.9986439514411203,0.031180047156947364,-557.5336453910531,-0.9988352876342929,-0.04089877733661946,-0.02559996462672759,202.4716668906432,0.0,0.0,0.0,1.0
2026-07-15T11:23:05.461,2,random,1,2,-51.975697187942494,-30.00122808975842,24.485335380394346,11.234270272784343,-13.803885237371228,2.9791308109137162,211.473099,-542.524048,77.267456,-165.8693336338699,-13.49212475129965,-177.10939047562832,708.8982540781955,-557.5183190606438,199.64902044684928,-112.10253733442534,87.68815739238539,-109.51622412646014,0.18374947985092122,0.45019974299523696,24,24,10,-0.9711647484478348,-0.1057902071515247,-0.2136526701052228,211.473099,-0.049037507904460376,0.9656352050253266,-0.25523317502671045,-542.524048,0.23331171035928236,-0.23739646772126355,-0.9429785591002022,77.267456,0.0,0.0,0.0,1.0,0.2019146897944534,0.9776380374126795,-0.05877351315936244,-0.09065465732183592,-0.9547943853276021,0.20985419158573398,0.21054429467640268,0.11585236845246055,0.21816997912658667,0.013604634422959441,0.9758159530004223,0.6337934417999439,0.0,0.0,0.0,1.0,-0.01347597378966781,-0.0453762807649343,0.9988790673922253,708.8982540781955,-0.03802075751161215,0.9982705956766943,0.04483569789287469,-557.5183190606438,-0.9991860788304961,-0.03737393411509888,-0.015177908950077588,199.64902044684928,0.0,0.0,0.0,1.0
2026-07-15T11:23:10.698,3,random,1,3,-51.975697187942494,-30.00122808975842,24.485335380394346,-1.2733929125985668,-0.32498452882851403,13.20191364531054,211.488495,-542.497864,77.351486,-178.36909548400294,-0.05059217331005169,-166.89785017190923,708.2069616525775,-557.8237048514102,201.981723505044,-131.8310779184587,86.85355770286543,-129.8998430346361,0.27597091669525287,0.6763267457713152,24,24,10,-0.9739670825827724,-0.22662049987804975,0.005592055098595408,211.488495,-0.22668776402004037,0.9735672200555487,-0.027919987050587267,-542.497864,0.0008829998852557733,-0.028460798799986725,-0.9995945194141819,77.351486,0.0,0.0,0.0,1.0,-0.004598630022721165,0.9811396686860449,-0.19324544789606682,-0.1255343995982125,-0.999066419662227,-0.012808836979861567,-0.041258002842123054,0.019374128051208035,-0.042955112678369455,0.19287530745499978,0.9802825990850436,0.6602032067508496,0.0,0.0,0.0,1.0,-0.035207887476954976,-0.03442053394147402,0.9987870801640328,708.2069616525775,-0.04210839539321925,0.9985702693479358,0.03292871409269413,-557.8237048514102,-0.9984925075817127,-0.04089797082465005,-0.036606943133888056,201.981723505044,0.0,0.0,0.0,1.0
2026-07-15T11:23:14.435,4,random,1,4,-51.975697187942494,-30.00122808975842,24.485335380394346,11.16019445412024,1.070227757958655,12.467866516262866,211.486008,-542.50116,77.309082,-165.96094958531128,1.3588840027117735,-167.63530415002208,708.5787875189956,-555.4785033142608,202.08060360108632,-130.7071361924646,86.71395848582442,-128.5172604582891,0.27939250042115554,0.618121290243961,22,22,10,-0.9765296957191626,-0.20211808605220113,0.07441795931920393,211.486008,-0.21407326490950096,0.9488597305156028,-0.23202984518558042,-542.50116,-0.023714776609242882,-0.24251492963620366,-0.9698577824990222,77.309082,0.0,0.0,0.0,1.0,0.20677571732176547,0.9656593137594727,-0.15730827211451423,-0.13754407644841563,-0.9760129900051152,0.1923930095687213,-0.10189981948151387,-0.02099312994518416,-0.06813549785056608,0.17460532528727377,0.9822782367099359,0.6656066872367075,0.0,0.0,0.0,1.0,-0.0356965542256183,-0.03898742226120403,0.9986018911066831,708.5787875189956,-0.04484898003600654,0.9982944885035455,0.03737222515685616,-555.4785033142608,-0.9983558108240504,-0.043452216616318345,-0.03738421946465049,202.08060360108632,0.0,0.0,0.0,1.0
2026-07-15T11:23:20.370,5,random,1,5,-51.975697187942494,-30.00122808975842,24.485335380394346,-8.352351056276708,14.385363401668165,5.8235893381566655,211.486038,-542.500732,77.309189,174.5270696929737,14.673907499536488,-174.27949462969767,700.7079771983261,-558.7303349453401,201.30061444731845,-140.548972754116,86.07697643093354,-139.67030308870338,0.11912703511551503,0.21175446836766723,11,11,10,-0.9625656077821992,-0.1232614219451551,0.24140023317085613,211.486038,-0.09642475384638381,0.9880758380008758,0.12003501657654395,-542.500732,-0.25331742451033556,0.09226462062418793,-0.9629732718100358,77.309189,0.0,0.0,0.0,1.0,-0.12936957463627458,0.985026681929515,-0.11395590833896896,-0.059398248573441434,-0.9428115439723813,-0.15779260605721024,-0.29361179476664206,-0.09874974089680534,-0.30719685172677746,0.06945451288868468,0.9491080891703285,0.680752466331474,0.0,0.0,0.0,1.0,-0.0521559200139487,-0.016470092161789303,0.9985031277225329,700.7079771983261,-0.04427793237141103,0.998918836593273,0.014164130896565793,-558.7303349453401,-0.9976568672205947,-0.04347291068383329,-0.05282879256867616,201.30061444731845,0.0,0.0,0.0,1.0
2026-07-15T11:23:38.618,6,random,2,1,-47.72384306355804,27.968590017589456,-85.46715304834245,9.723917595357083,-4.94969224325788,-9.666778404118396,215.73735,-484.531738,-32.643074,-167.3969537072477,-4.661011663389247,170.23005811683106,706.7685952641618,-556.9116426312761,200.60168974279173,-104.757211750076,87.3294107290373,-103.95722404943683,0.31184885576711635,0.5822883404281284,22,24,10,-0.9822379326668881,0.14813034785349427,-0.11517831252054678,215.73735,0.16913132997718922,0.964760415964518,-0.2015736416501851,-484.531738,0.08126030304167645,-0.21747353823574236,-0.9726777592382804,-32.643074,0.0,0.0,0.0,1.0,0.17194800984315292,0.9713759893950358,0.163898044948059,-0.042317201777731836,-0.9820305344953181,0.1558855450886296,0.10637540200281827,0.16683826341697047,0.07778117529209333,-0.1792439233537299,0.9807250913028294,0.6555976845724043,0.0,0.0,0.0,1.0,-0.01123828047673289,-0.014215283482797086,0.999835799902879,706.7685952641618,-0.045218071173688416,0.9988832837379849,0.013693484149523044,-556.9116426312761,-0.9989139237648348,-0.04505675514643416,-0.011868518206446632,200.60168974279173,0.0,0.0,0.0,1.0
2026-07-15T11:23:42.486,7,random,2,2,-47.72384306355804,27.968590017589456,-85.46715304834245,-2.1973210601194815,-0.5278257766916887,-11.123502676031803,215.737976,-484.531189,-32.643253,-179.3179135927396,-0.2392098794671187,168.77337021849044,710.7147400582672,-558.7104853054308,199.31197285410138,-134.4802597692242,86.86949348707381,-132.51572802783926,0.45445843752960274,0.8869603216199534,24,24,10,-0.9808562251396226,0.19462771073596594,-0.006412473666783598,215.737976,0.19468855919423037,0.9808049462566625,-0.010863807681474973,-484.531189,0.004174987871200675,-0.011904268652151419,-0.999920425766037,-32.643253,0.0,0.0,0.0,1.0,-0.03477657082376433,0.9731105363321177,0.22769820860331294,0.026319516406114074,-0.9991022342714077,-0.02833656604358095,-0.0314922926878785,0.13230492405087457,-0.02419329650173654,-0.22858898290222962,0.9732223596383837,0.6789744903911613,0.0,0.0,0.0,1.0,-0.03690534661474351,-0.03500035838218011,0.9987056474779569,710.7147400582672,-0.040252929166967794,0.9986274440140736,0.033510144067094905,-558.7104853054308,-0.9985077351151189,-0.03896412420467463,-0.03826355890711136,199.31197285410138,0.0,0.0,0.0,1.0
2026-07-15T11:23:47.623,8,random,2,3,-47.72384306355804,27.968590017589456,-85.46715304834245,-7.937284750023599,2.9522135326343886,7.083686039147558,215.737808,-484.530731,-32.64365,174.94189113664842,3.2409930639370144,-173.0195031424255,712.9948976313585,-557.8249999875126,200.71115760259238,-140.48036327280136,86.54222535720761,-138.05463629276628,0.2563189026949194,0.4864137460853069,24,24,10,-0.9910000037519394,-0.12600580376082351,0.04518329317618328,215.737808,-0.12133709849731172,0.9881164578708104,0.09435663311657974,-484.530731,-0.05653583900420835,0.08802501407799944,-0.994512592079486,-32.64365,0.0,0.0,0.0,1.0,-0.1220475703308569,0.9885292044539757,-0.08896292777288863,-0.1090394924845515,-0.9868712538592418,-0.1304168190114791,-0.09527109543410468,0.1145223821667172,-0.10578052222702237,0.0761673503577283,0.9914681113666045,0.6770813735884068,0.0,0.0,0.0,1.0,-0.044859702536996136,-0.04318591108948557,0.9980594091393875,712.9948976313585,-0.04031446569792639,0.998329593243245,0.0413855906115603,-557.8249999875126,-0.9981795183952543,-0.038379686530090565,-0.046525785518023166,200.71115760259238,0.0,0.0,0.0,1.0
2026-07-15T11:23:54.498,9,random,2,4,-47.72384306355804,27.968590017589456,-85.46715304834245,4.087026312346126,-11.838557623581387,-14.8310766659589,215.725693,-484.543335,-32.672604,-172.99881936602125,-11.51375878049243,165.07613086229077,704.2043506770319,-557.8255640525169,198.9003130191886,-115.62246597135129,87.46925328448951,-114.66175644380372,0.46789532968855524,0.92818324264818,22,22,10,-0.9468244543028743,0.23210614812220104,-0.22282322306693989,215.725693,0.252352923035094,0.9653297587190744,-0.06675671626898315,-484.543335,0.19960324388573522,-0.11943698311347484,-0.9725704869545668,-32.672604,0.0,0.0,0.0,1.0,0.07630739201506898,0.9652009167468949,0.25012871133640885,0.020479012604098158,-0.9784060926000627,0.02415487047451203,0.2052755713557697,0.22717329260143304,0.192090343034044,-0.26039149860030675,0.9462016526986994,0.614773817768474,0.0,0.0,0.0,1.0,-0.018424349967547802,-0.017133705525308726,0.9996834396263876,704.2043506770319,-0.04012794114861352,0.9990602237187666,0.016383458797885338,-557.8255640525169,-0.9990246701996138,-0.039813383653999654,-0.019094575527428412,198.9003130191886,0.0,0.0,0.0,1.0
2026-07-15T11:24:00.334,10,random,2,5,-47.72384306355804,27.968590017589456,-85.46715304834245,-6.233589701288244,-13.41742625360918,8.482712135193083,215.738007,-484.530853,-32.643517,176.64558114046991,-13.128640326068657,-171.62045479827503,706.2577095097156,-559.2564426933219,199.07861340978184,-106.53078696181645,87.94187941484219,-104.04973936324738,0.22139411297289785,0.4819804540966911,22,22,10,-0.9634660043368589,-0.13233169229848082,-0.23285528059416585,215.738007,-0.14192083892896198,0.98956620675397,0.02484346852310843,-484.530853,0.22713813850797304,0.056982854122790666,-0.9721940240359191,-32.643517,0.0,0.0,0.0,1.0,-0.09026778918889497,0.9918314254006299,-0.0901229705608042,-0.12015303232496899,-0.9727314898522719,-0.0683918131843672,0.22162131788059983,0.23935541622154508,0.21364731424646674,0.10767071782573448,0.9709592378870302,0.589361006094423,0.0,0.0,0.0,1.0,-0.00871845051457804,-0.04343904955982746,0.9990180366709922,706.2577095097156,-0.03483892351736237,0.9984626698330805,0.04311086125268133,-559.2564426933219,-0.9993549109444433,-0.034428853061573755,-0.010218417102874983,199.07861340978184,0.0,0.0,0.0,1.0
2026-07-15T11:24:21.916,11,random,3,1,112.57508883948847,46.99843674962253,-18.627434765022315,10.737704374024677,-6.180883361327211,2.0980953861930054,376.036774,-465.501709,34.196442,-166.3831621845432,-5.89218337356636,-178.00509539675633,709.3502819712631,-557.903905399582,201.18013024981389,-128.75761476051647,87.20259896577716,-127.52556849956332,0.3588602193506171,0.7262627940777907,24,24,10,-0.9941139601386435,-0.057985775582451916,-0.09151548550690819,376.036774,-0.03462670891912613,0.9704615061660699,-0.23875815395356295,-465.501709,0.10265683263618505,-0.23418393386392816,-0.9667571876294077,34.196442,0.0,0.0,0.0,1.0,0.19806603694093516,0.9797140777447314,-0.030498702911795232,-0.14260511396826192,-0.9775670391870857,0.19971483352145677,0.06690791557424856,0.06787425050675824,0.07164167017529682,0.01656234102676011,0.9972929158247376,0.49101001088116536,0.0,0.0,0.0,1.0,-0.029727550526409314,-0.02206762626714812,0.9993144112893765,709.3502819712631,-0.03870592185247461,0.9990318438307332,0.020909964746865756,-557.903905399582,-0.9988083521643424,-0.038057783475900345,-0.030552917432735853,201.18013024981389,0.0,0.0,0.0,1.0
2026-07-15T11:24:26.918,12,random,3,2,112.57508883948847,46.99843674962253,-18.627434765022315,10.617309989305035,10.12220772132435,-7.654781706217952,376.033478,-465.503021,34.246407,-166.72894221390465,10.313240312354818,172.22057079289505,709.5982743266956,-559.149824001092,203.90284363363838,-138.44222009704802,86.44633551943977,-136.84129974159347,0.21589321420915691,0.580968664105478,16,16,10,-0.9747888896397282,0.172464516017322,0.1415719299503144,376.033478,0.1331729419736354,0.9587742596104037,-0.2510316446876945,-465.503021,-0.17902957342582418,-0.2258493077771837,-0.9575701029248639,34.246407,0.0,0.0,0.0,1.0,0.17696706000160115,0.9618712741624369,0.20853371817411018,-0.06507484182700427,-0.9599709942840974,0.21542796668157177,-0.17901531025207057,-0.01027379146742364,-0.2171136794575397,-0.1685065076267769,0.961492177336787,0.547999997175748,0.0,0.0,0.0,1.0,-0.04521451781270485,-0.028868160705566914,0.9985601016846419,709.5982743266956,-0.042397968183071885,0.9987371628757677,0.026953511548755894,-559.149824001092,-0.9980771812204264,-0.04111822939207458,-0.04638137060015513,203.90284363363838,0.0,0.0,0.0,1.0
2026-07-15T11:24:33.423,13,random,3,3,112.57508883948847,46.99843674962253,-18.627434765022315,-4.062856237488271,-10.782263264964167,-14.62170294432048,376.01239,-465.512451,34.11272,178.87043355474242,-10.344924878425552,165.30296485338306,705.9125373307033,-560.2356923967488,196.7603803155786,-118.85456011043972,87.93631963788192,-116.54695112561033,0.5577065646258587,1.2629320359748653,24,24,10,-0.9515572858968614,0.25708276562535515,-0.16866292798068444,376.01239,0.24958375283387046,0.9661947867896689,0.06461876122170582,-465.512451,0.17957361158577925,0.019392926516775696,-0.9835533703989604,34.11272,0.0,0.0,0.0,1.0,-0.0546424879588662,0.9538920543078159,0.2951341173739139,0.0019447543552566266,-0.9835483309362935,-0.10238822172981502,0.1488265190194198,0.1197354777989108,0.17218269141262918,-0.28214641727199097,0.9437936850808462,0.4883530431005225,0.0,0.0,0.0,1.0,-0.01609408871232763,-0.0405183688830402,0.9990491690059995,705.9125373307033,-0.032213614552094504,0.9986808917555482,0.039984490491086835,-560.2356923967488,-0.9993514213458691,-0.031539470911868255,-0.01737810198469826,196.7603803155786,0.0,0.0,0.0,1.0
2026-07-15T11:24:37.994,14,random,3,4,112.57508883948847,46.99843674962253,-18.627434765022315,-5.278216210923514,5.389286693879072,-11.687747684529311,376.039032,-465.488373,34.262016,177.43918498250562,5.556888471855802,168.18070267520713,707.1835582033193,-558.7615664234031,201.81824199451012,-123.02403231317257,87.2575795290918,-120.84650792946181,0.4115909038744272,0.9471929518967062,17,17,10,-0.9741986376565889,0.20038638399508346,0.10383790973156722,376.039032,0.20386315497268323,0.9787071746151765,0.023918202302054548,-465.488373,-0.0968340251803563,0.04446980398150221,-0.9943065966296396,34.262016,0.0,0.0,0.0,1.0,-0.0895380876736778,0.9676971263591894,0.23568029720769873,-0.011979096891249591,-0.9896379237459909,-0.05977237545795663,-0.13055283610798246,0.03244783250236486,-0.11224843312699523,-0.24492761128194873,0.9630216791392877,0.5378406575874605,0.0,0.0,0.0,1.0,-0.02453255085729659,-0.038488178754561106,0.998957863998573,707.1835582033193,-0.041077889023599885,0.9984534837663668,0.03745994912132394,-558.7615664234031,-0.998854724663101,-0.040116092169654505,-0.026075624004743805,201.81824199451012,0.0,0.0,0.0,1.0
2026-07-15T11:24:40.894,15,random,3,5,112.57508883948847,46.99843674962253,-18.627434765022315,-5.130133367109806,-1.791254133702978,-7.779944822364039,376.029419,-465.506927,34.130669,177.84718822841828,-1.400996400653889,172.13955456066356,710.0258332842419,-559.463980544283,200.0700618276118,-134.1072989990415,87.16442638226492,-131.96347703229762,0.3961605363154551,0.8803142920559879,22,22,10,-0.9903079865486585,0.13757399495685593,-0.019065353119018306,376.029419,0.13671982528526683,0.9897793310906619,0.040553238091283,-465.506927,0.024449563429803544,0.03755358381477273,-0.9989954690541688,34.130669,0.0,0.0,0.0,1.0,-0.0784667578699842,0.9818783329153029,0.17250480358772088,-0.03531590969723743,-0.9969112389892574,-0.07670831341799923,-0.016846846276654157,0.07395072391393598,-0.003309000797284272,-0.17329389488389638,0.984864598058887,0.5195479627787504,0.0,0.0,0.0,1.0,-0.033078380068180896,-0.037995874385388734,0.9987302610323544,710.0258332842419,-0.03678439027592479,0.9986463610944731,0.03677436749686933,-559.463980544283,-0.9987756151429074,-0.03552124719736242,-0.03443125895825626,200.0700618276118,0.0,0.0,0.0,1.0
2026-07-15T11:25:02.478,16,random,4,1,65.55960963335288,79.59774718810355,-29.45082454772055,9.135210678980322,-7.541039664814136,-0.15095350862469736,329.017334,-432.906433,23.354652,-167.95197792339093,-7.227690698236796,179.75502309464488,708.6126545440674,-557.468374438605,201.4145317153809,-120.52022615507005,87.3848430273545,-119.69656860255665,0.2661196316782094,0.6308068314218034,24,24,10,-0.9920449447076236,-0.022079366073554,-0.12393276109987288,329.017334,0.004241666376710021,0.9780763410172498,-0.20820345676442809,-432.906433,0.12581270184840979,-0.2070728681795333,-0.9702020363395991,23.354652,0.0,0.0,0.0,1.0,0.16859060395980685,0.9856793564133562,-0.0036625943019424714,-0.16158368195474307,-0.9802450518022171,0.16804869312257206,0.10430376386815908,0.09186412727705837,0.10342556102693734,-0.013994394604576027,0.9945387424559764,0.5347017744214351,0.0,0.0,0.0,1.0,-0.02260404451540365,-0.014819505225203446,0.99963465297899,708.6126545440674,-0.03963462393525165,0.999117336702934,0.01391560581320614,-557.468374438605,-0.9989585345533906,-0.039305594570207755,-0.023171458271452332,201.4145317153809,0.0,0.0,0.0,1.0
2026-07-15T11:25:07.247,17,random,4,2,65.55960963335288,79.59774718810355,-29.45082454772055,4.270051861472833,4.984817678766717,-11.621313555734202,329.021637,-432.91095,23.410311,-173.35852226980438,5.096803362365751,168.2594843720376,710.1696140330356,-559.7392851714972,203.00228669964855,-130.4448725929468,86.83065718340026,-129.11093417773472,0.25856675530842715,0.8139888598474853,20,20,10,-0.9752079125216185,0.21217398943351784,0.0628627517938294,329.021637,0.2026751296086026,0.9704181581184937,-0.13119218815175754,-432.91095,-0.08883872575269906,-0.1151989435792511,-0.9893618570598227,23.410311,0.0,0.0,0.0,1.0,0.06599305369763453,0.9690306333981912,0.23795913178435005,-0.05739563843865503,-0.9912841743104325,0.09092002830452031,-0.09533747539550995,0.03508255310350595,-0.1140201851662477,-0.22959351033730402,0.9665848216197319,0.5933581945897175,0.0,0.0,0.0,1.0,-0.03487652627654962,-0.024013795745564635,0.9991030805321198,710.1696140330356,-0.042898826483554316,0.998825814347667,0.022509626364156016,-559.7392851714972,-0.9984704895995752,-0.042075292115567424,-0.03586573841669321,203.00228669964855,0.0,0.0,0.0,1.0
2026-07-15T11:25:11.284,18,random,4,3,65.55960963335288,79.59774718810355,-29.45082454772055,7.068359183105077,11.33716300440916,1.0344515765025228,329.02121,-432.902496,23.373014,-170.05249849612002,11.625829325220021,-179.0687342476372,710.3334518586478,-558.5532414628241,203.85815489107864,-149.57239065432992,85.4416948480428,-148.1441372888226,0.1414838888497984,0.302940101436245,16,16,10,-0.9793551249022907,0.01879844109234314,0.2012713539978213,329.02121,-0.015919500844145347,0.9854021379035712,-0.1694968911453671,-432.902496,-0.2015194998517311,-0.16920178848809156,-0.9647593720466981,23.373014,0.0,0.0,0.0,1.0,0.1260650769845518,0.9905789972147878,0.053486882894994224,-0.14168684612617088,-0.955230898150516,0.13576059418226724,-0.2628744800961773,-0.025919910751044453,-0.2676593498898118,-0.017953031616458115,0.9633463349555766,0.587811076426825,0.0,0.0,0.0,1.0,-0.06750311286779741,-0.026285771205270217,0.9973727427523283,710.3334518586478,-0.04194487443346788,0.9988438569697966,0.023485674409298128,-558.5532414628241,-0.9968369762714049,-0.040249318327682554,-0.06852762298693028,203.85815489107864,0.0,0.0,0.0,1.0
2026-07-15T11:25:13.952,19,random,4,4,65.55960963335288,79.59774718810355,-29.45082454772055,10.253805266590959,14.452947461168357,-3.733704471926645,329.018311,-432.909027,23.397335,-167.07220122896754,14.70478992469404,176.14819647851684,709.6014543550697,-559.0997120539402,202.87451328730003,-143.03987483611428,86.12911134838836,-141.02743931685256,0.131447466975341,0.2660006187727299,14,14,10,-0.9650616601968711,0.12213460664618273,0.23181701809280766,329.018311,0.06497577977108848,0.9686362595108577,-0.239837329879969,-432.909027,-0.25383880724033886,-0.21639532023635882,-0.9427295080343067,23.397335,0.0,0.0,0.0,1.0,0.16836394045723696,0.9715675144585418,0.16646365489968717,-0.10908852211652063,-0.938595452982828,0.20960487555849686,-0.27405176843448226,-0.05129245439784848,-0.30115138916111944,-0.11010159395284545,0.9471987541246931,0.6010438111937249,0.0,0.0,0.0,1.0,-0.05248419684733151,-0.03618278807153612,0.9979660389655857,709.6014543550697,-0.04245926341998441,0.9985205336722822,0.033969909988874086,-559.0997120539402,-0.9977187078686669,-0.04059001948989605,-0.05394284277535752,202.87451328730003,0.0,0.0,0.0,1.0
2026-07-15T11:25:17.989,20,random,4,5,65.55960963335288,79.59774718810355,-29.45082454772055,7.405799854831198,7.475324175230735,7.091024759319733,329.02124,-432.901947,23.373066,-169.71496905900847,7.764208377597298,-173.01239846576587,708.7194266873132,-558.1599891992587,203.59188916794233,-149.1141877434457,85.67955292514333,-148.8105409440375,0.3233446820484618,0.49810551679812226,17,17,10,-0.9834730185418956,-0.09575808544447313,0.1536593989058313,329.02124,-0.12053928231833179,0.9795579770831415,-0.16104797717129207,-432.901947,-0.13509664399337945,-0.1769083339042921,-0.9749114514544045,23.373066,0.0,0.0,0.0,1.0,0.14436083170450406,0.9862725063353065,-0.08016541346901797,-0.1854388975788488,-0.9685214159668579,0.12422893840001356,-0.21571610435375146,-0.004819354978570427,-0.20279599868620857,0.10878287600114499,0.9731598372342453,0.5626713654793836,0.0,0.0,0.0,1.0,-0.06444569122844712,-0.006547487507931722,0.9978997360904653,708.7194266873132,-0.0390134947526991,0.999230530195694,0.0040366758620525535,-558.1599891992587,-0.9971583124605986,-0.03867140975148976,-0.0646515425845628,203.59188916794233,0.0,0.0,0.0,1.0
2026-07-15T11:25:37.537,21,random,5,1,-22.871105578042798,-48.86228759654413,-31.48860121681035,13.773949690691595,-14.895077663180201,-3.7004723353274027,240.579895,-561.374146,21.307673,-163.32901065759836,-14.58676061889709,176.20858623012361,703.0467414702395,-557.6578495666046,199.7562342915974,-85.06277701882779,87.87075335518372,-82.36225521273694,0.28287269620233835,0.6102652473404536,24,24,10,-0.9656493239253088,-0.008745228368089246,-0.25970156754125273,240.579895,0.06399301010545011,0.9606486308572878,-0.27029447402723983,-561.374146,0.2518457421919966,-0.27762876114121976,-0.92709006742978,21.307673,0.0,0.0,0.0,1.0,0.24201878229168203,0.9696147613642031,0.03569486745584478,-0.044516776103270136,-0.9351209119551692,0.22328065390243185,0.2751265701764092,0.1845457480745492,0.25879681034004887,-0.0999648144976104,0.960745151858845,0.581401470275063,0.0,0.0,0.0,1.0,0.004938088743023894,-0.04702412223303913,0.9988815481366039,703.0467414702395,-0.03682419009789183,0.9982076692548886,0.04717444291517526,-557.6578495666046,-0.9993095587970724,-0.03701595559937606,0.0031976128384519045,199.7562342915974,0.0,0.0,0.0,1.0
2026-07-15T11:25:43.272,22,random,5,2,-22.871105578042798,-48.86228759654413,-31.48860121681035,-4.714690800348578,-4.709508941015146,-9.135130218309088,240.590668,-561.362183,21.335291,178.16443495958222,-4.420770459890893,170.76170565493297,706.9009328443759,-559.1812266638098,198.91720543130134,-104.12489906245298,87.95844993228283,-99.21037414443289,0.49819007100601465,0.9723196982657418,24,24,10,-0.9840926508916623,0.1628954915873269,-0.07089931792016042,240.590668,0.16006328741932188,0.986126340070263,0.04398392251889004,-561.362183,0.07708046757473928,0.03193587700613946,-0.9965132720030919,21.335291,0.0,0.0,0.0,1.0,-0.06752151013373814,0.9668272487630402,0.2463451170990618,0.08928177249149433,-0.9947383176021837,-0.0843031032777774,0.058212251903819755,0.10792788730063643,0.07704884920124945,-0.24111834817580222,0.9674323836887702,0.6248553166306243,0.0,0.0,0.0,1.0,-0.00570201155438696,-0.08576802698861313,0.9962988169272885,706.9009328443759,-0.03516493867124237,0.9957159929317058,0.08551659785255514,-559.1812266638098,-0.9993652556260308,-0.03454717016643229,-0.008693611505592289,198.91720543130134,0.0,0.0,0.0,1.0
2026-07-15T11:25:48.677,23,random,5,3,-22.871105578042798,-48.86228759654413,-31.48860121681035,-11.713895604557951,13.183194484060934,-1.5103903499331341,240.590393,-561.362,21.334654,171.1652398300436,13.471956636911047,178.3864561051954,707.3382803541831,-558.4029773204443,200.52458825376317,-152.80976297024867,84.33184544205476,-150.60254769862522,0.209122610356884,0.3815899387146006,16,16,10,-0.9720984607978804,-0.007942651614252736,0.2344386845205507,240.590393,0.027383139486118653,0.9887510876879918,0.14704234175126912,-561.362,-0.2329694104089107,0.14935930128769304,-0.9609459157166842,21.334654,0.0,0.0,0.0,1.0,-0.19588131463820893,0.9805137764222945,0.014941379511169117,0.03148220440989108,-0.9289454843566523,-0.18065508510644457,-0.3231470676310837,-0.03966702687946305,-0.3141509154355466,-0.07717819945601859,0.9462308005237071,0.6753896488811977,0.0,0.0,0.0,1.0,-0.08604904696934729,-0.04046014772314221,0.9954690040186532,707.3382803541831,-0.048481105190150364,0.9981613910949222,0.03637883680095542,-558.4029773204443,-0.9951106189540985,-0.045131073260786705,-0.08785238910309075,200.52458825376317,0.0,0.0,0.0,1.0
2026-07-15T11:25:54.381,24,random,5,4,-22.871105578042798,-48.86228759654413,-31.48860121681035,-13.751545317186242,-5.4969294366221835,10.554550914371134,240.59021,-561.361084,21.334011,169.12763002321984,-5.208071766180157,-169.54863941108198,713.3401378188,-558.653384601321,199.77150311552126,-130.66290240333993,87.28416595134651,-127.28829368478914,0.2130043715214749,0.4719322311925807,24,24,10,-0.9793493696441757,-0.16130688606944232,-0.12188068216143039,240.59021,-0.18065186610116596,0.9688627492571769,0.16932181305428798,-561.361084,0.09077287839284415,0.1878431835558714,-0.9779955127401523,21.334011,0.0,0.0,0.0,1.0,-0.21952539353331205,0.9693529245328278,-0.11028830080156901,-0.03461616307773284,-0.9740127077197978,-0.21130213524384453,0.08155153488279598,0.12967167771651822,0.05574806538699231,0.1253248392819432,0.990548251154159,0.6272792099853572,0.0,0.0,0.0,1.0,-0.028705542911130196,-0.05938014779285577,0.9978226244449844,713.3401378188,-0.03769738665772586,0.9975881661902022,0.058281709965019746,-558.653384601321,-0.9988768186545103,-0.03594229716319449,-0.030874786303349003,199.77150311552126,0.0,0.0,0.0,1.0
2026-07-15T11:25:58.549,25,random,5,5,-22.871105578042798,-48.86228759654413,-31.48860121681035,0.46209318105194974,-5.764541077376039,12.877674659955765,240.590622,-561.362305,21.335205,-176.6590456486555,-5.4758149438447905,-167.2255247349445,712.034500817967,-556.0073955215687,200.7238538471014,-125.22432683976626,87.35092721406828,-121.90355116527108,0.2299356488678197,0.5577868407677214,24,24,10,-0.9707974766511656,-0.22616177837685447,-0.08001943094741608,240.590622,-0.22010501654247935,0.9723607850149846,-0.07789920062412613,-561.362305,0.09542557843976958,-0.05801166922664374,-0.9937447384580076,21.335205,0.0,0.0,0.0,1.0,0.025321652714837693,0.9854027312784447,-0.16834568926102517,-0.10632231701415473,-0.9976938473774984,0.035518759897482224,0.057839472684575406,0.11440834000533888,0.06297460447572416,0.16649286736772084,0.9840296358884727,0.6217369047966905,0.0,0.0,0.0,1.0,-0.024426096818176642,-0.05838738764738758,0.9979951296263635,712.034500817967,-0.039236744706754124,0.9975797716711694,0.05740276140843267,-556.0073955215687,-0.9989313508239925,-0.03775595471194056,-0.026657911109909085,200.7238538471014,0.0,0.0,0.0,1.0
2026-07-15T11:26:17.330,26,random,6,1,-104.97997097826656,-10.597611643217904,24.556097256533132,2.245336283201972,12.298812010987202,10.450323947503655,158.474716,-523.091064,77.420364,-174.85543180536317,12.573730701484456,-169.64970916614305,699.7366806321606,-557.7882822334377,201.23645733592207,-120.08201418335558,87.16587141313472,-119.4249146364729,0.1603684888596816,0.4176386676523509,12,12,10,-0.9601346553605936,-0.15973905005869596,0.2294011322159062,158.474716,-0.1753567601111481,0.9832720629492204,-0.049255019103699324,-523.091064,-0.21769577455457306,-0.08751849010312023,-0.9720849055669749,77.420364,0.0,0.0,0.0,1.0,0.048945774680105816,0.9879604292691804,-0.14676001273923764,-0.12591367495346314,-0.9674446894505151,0.010365901989604086,-0.25287016615239194,-0.10751536426083516,-0.2483044179932383,0.15435912112408126,0.9563044377868588,0.720554218438697,0.0,0.0,0.0,1.0,-0.02429132123002359,-0.011988268557660726,0.9996330392348429,699.7366806321606,-0.043066352078880606,0.9990123774741526,0.010934302541060556,-557.7882822334377,-0.9987768624830662,-0.04278493976191821,-0.02478362156851444,201.23645733592207,0.0,0.0,0.0,1.0
2026-07-15T11:26:23.767,27,random,6,2,-104.97997097826656,-10.597611643217904,24.556097256533132,11.74210086289817,-10.772054778558115,2.164351085514415,158.472748,-523.113159,77.345886,-165.35670829456635,-10.468511874835272,-177.9274023197366,708.9245730951938,-556.7556181039437,199.58258972326138,-108.13399416216153,87.6326797065427,-105.62685544933574,0.20742430776670134,0.5111029726196925,24,24,10,-0.9827116043897175,-0.08089360965073875,-0.16653566139257128,158.472748,-0.035563782639508316,0.9652243008826022,-0.25899279208128817,-523.113159,0.1816951291646451,-0.24859258416808308,-0.9514140040668296,77.345886,0.0,0.0,0.0,1.0,0.21088486568118417,0.9768610202686386,-0.03563875006709432,-0.1018876921981167,-0.9627574619193546,0.21387431917714358,0.16539602508862156,0.09725441607444404,0.1691911432233723,-0.0005680459744414897,0.9855830935941117,0.6975291294038563,0.0,0.0,0.0,1.0,-0.011126588881464453,-0.043962338228492805,0.9989712267314544,708.9245730951938,-0.03977896907361961,0.9982617005628711,0.04348805363276316,-556.7556181039437,-0.9991465521330208,-0.039254171839560044,-0.01285602403106991,199.58258972326138,0.0,0.0,0.0,1.0
2026-07-15T11:26:28.105,28,random,6,3,-104.97997097826656,-10.597611643217904,24.556097256533132,10.60115194060712,-3.48474420557746,-11.681804610256764,158.481781,-523.097473,77.380096,-166.51969802712287,-3.1961877643577843,168.21530932603304,704.4344207353928,-557.2781842502069,199.10370703594293,-99.42877042469732,87.67003602613914,-95.77550958291147,0.4012241165902749,0.7930387720024895,24,24,10,-0.977399258239496,0.18588468702586786,-0.10068551595030033,158.481781,0.20391680136194842,0.9546072726425477,-0.2171241422326598,-523.097473,0.055755072551245934,-0.2327484439201512,-0.9709374509913363,77.380096,0.0,0.0,0.0,1.0,0.1931836301732072,0.9493677538557251,0.24775179711162074,0.04602409896766016,-0.9793288919871611,0.171143444544044,0.10781856384129147,0.06373407822978236,0.05995837182829712,-0.2634592745160741,0.9628053823692324,0.7137970176531776,0.0,0.0,0.0,1.0,-0.004091087991270111,-0.06380030567497522,0.9979542995522529,704.4344207353928,-0.040447966715638294,0.997156508386821,0.06358348661701019,-557.2781842502069,-0.9991732707531852,-0.040105096653475614,-0.006660047657267111,199.10370703594293,0.0,0.0,0.0,1.0
2026-07-15T11:26:31.409,29,random,6,4,-104.97997097826656,-10.597611643217904,24.556097256533132,10.43359460988109,-10.113939094376887,-4.0587478608939325,158.481735,-523.097656,77.37999,-166.68723088641914,-9.825252158241895,175.83805442401254,709.0878168657559,-557.3451538277504,198.85968537146255,-109.34264310238126,87.63821125592648,-106.50120695590492,0.23232681884879286,0.5465977837710572,24,24,10,-0.9827343649205947,0.031435556535256155,-0.18233204268431297,158.481735,0.07151130503158237,0.9734131061582997,-0.2176075780204601,-523.097656,0.17064378470016245,-0.226889247309275,-0.9588545083580904,77.37999,0.0,0.0,0.0,1.0,0.18786700539766277,0.9787249761287968,0.08248278235244323,-0.038090791269704445,-0.9687722992774314,0.17080934259147693,0.1797342500365104,0.10742197014632589,0.16182156974777412,-0.11367317003213023,0.9802510851711472,0.7028188464650802,0.0,0.0,0.0,1.0,-0.01170491077741261,-0.049799749896203595,0.9986906327657066,709.0878168657559,-0.039512060065199715,0.9980020431689128,0.04930232185282599,-557.3451538277504,-0.9991505352914029,-0.03888324498998381,-0.01364921558009815,198.85968537146255,0.0,0.0,0.0,1.0
2026-07-15T11:26:37.746,30,random,6,5,-104.97997097826656,-10.597611643217904,24.556097256533132,-6.495556380235408,0.005131097238454174,14.346150942491565,158.486404,-523.101135,77.43544,176.41943469873178,0.27089444553785325,-165.7498719335851,707.0494321670301,-558.2584408369039,201.10092223491685,-131.2893831784554,86.96517025863747,-129.6514366276554,0.3082787765618981,0.7949943180825957,24,24,10,-0.9692195264474736,-0.24596114295487892,-0.010799338371619133,158.486404,-0.24615270816202997,0.9672657095207436,0.06169190749061804,-523.101135,-0.004727982385080297,0.06245128775023034,-0.9980368143715462,77.43544,0.0,0.0,0.0,1.0,-0.09348284050884359,0.9707972020180631,-0.22093834226837486,-0.15570857715009878,-0.9944871996572927,-0.10163515243517302,-0.02579739342016416,0.029515742956102632,-0.04749913944687528,0.21730873968475953,0.9749465336152682,0.7036086205648555,0.0,0.0,0.0,1.0,-0.03378375091848215,-0.029256108017199627,0.9990008700284317,707.0494321670301,-0.04076297554115357,0.9987800456132612,0.027871137576400976,-558.2584408369039,-0.9985975355461825,-0.0397806564608642,-0.03493510229888289,201.10092223491685,0.0,0.0,0.0,1.0
2026-07-15T11:26:59.262,31,random,7,1,47.81597700115125,46.143786489717826,81.73868511459213,13.296269497561639,3.953101735709396,-2.1369016270755807,311.27774,-466.356171,134.5625,-163.82484833350458,4.241721148912511,177.75998405199937,710.9191307058093,-557.4629214607252,202.61775234255222,-144.64931712696693,85.82602521772571,-142.2308685487762,0.16150501842148599,0.2903366956400066,12,12,10,-0.9964988381981462,0.05812732932961287,0.06009391861704271,311.27774,0.03897863463097849,0.9588753554623307,-0.28113825554216826,-466.356171,-0.07396439354209368,-0.2778115661235067,-0.9577839016270605,134.5625,0.0,0.0,0.0,1.0,0.23098407654943642,0.9662958889683179,0.1136600692571115,-0.07753646723795937,-0.9643189950732107,0.2428981026983557,-0.10530616053456576,-0.08644738498685661,-0.12936472518270475,-0.08528051751992563,0.9879230745406937,0.5868270637397257,0.0,0.0,0.0,1.0,-0.05753560365010439,-0.04341043607741903,0.997399212127314,710.9191307058093,-0.04457956119654653,0.9981693810169527,0.04087235647421961,-557.4629214607252,-0.997347641013975,-0.042112003512070194,-0.059365496073543515,202.61775234255222,0.0,0.0,0.0,1.0
2026-07-15T11:27:21.376,32,random,7,2,47.81597700115125,46.143786489717826,81.73868511459213,-0.48352480270957265,5.470286209679852,-12.201500578595944,311.27774,-466.35614,134.562408,-177.60436871484185,5.758856094639418,167.6956366058494,705.5813321483361,-558.4628477026022,201.55252682105925,-116.92818626298107,87.45580908110232,-113.0696820647562,0.22970194731177251,0.3594778783857541,9,9,10,-0.9720983010514924,0.21701643588730857,0.08904358285452957,311.27774,0.21202925762053781,0.975281632304958,-0.062203951654700954,-466.35614,-0.10034185071885701,-0.04158851095370522,-0.9940834516030171,134.562408,0.0,0.0,0.0,1.0,-0.0020578233973147122,0.9592499514590542,0.28255140415270497,-0.001545639299214287,-0.9940951332004657,0.028692530394992793,-0.10464991565538752,-0.07624583722937053,-0.10849254126442417,-0.28109832679212493,0.9535266641078552,0.5895530813843339,0.0,0.0,0.0,1.0,-0.01739420418085597,-0.06763708601985688,0.9975583523060979,705.5813321483361,-0.04084000998604262,0.9969247167690888,0.06688200564583519,-558.4628477026022,-0.9990142818024443,-0.03957693380761333,-0.020103011344901712,201.55252682105925,0.0,0.0,0.0,1.0
2026-07-15T11:27:26.716,33,random,7,3,47.81597700115125,46.143786489717826,81.73868511459213,-10.72388036184324,-12.316565515194705,-11.83330201549307,311.277771,-466.356171,134.562531,172.1554254915887,-12.027587331165755,168.06353280610287,707.1811520402944,-561.4090901220721,194.52425870554316,-134.91431592020857,87.93575401094714,-132.109681114676,0.3861242586688567,0.6442328412938975,22,22,10,-0.9568995931734047,0.23271784602343235,-0.17373995719691734,311.277771,0.20228654457920922,0.9633394025322461,0.1762309547469416,-466.356171,0.20838263475341762,0.13349007330520496,-0.9688947713050137,134.562531,0.0,0.0,0.0,1.0,-0.16476667865214292,0.9469932634477481,0.2757819801773196,0.014069855180008358,-0.9677531872034524,-0.20922919298324297,0.14027442197756354,0.04163210761673791,0.19054057379860095,-0.24377633968078807,0.9509297481666757,0.5655727280111561,0.0,0.0,0.0,1.0,-0.02415334632336152,-0.049238718830841494,0.9984949496263269,707.1811520402944,-0.02672195990557711,0.9984612584563788,0.048590659807282985,-561.4090901220721,-0.9993510658022972,-0.025508114975430235,-0.025431935636356488,194.52425870554316,0.0,0.0,0.0,1.0
2026-07-15T11:27:30.482,34,random,7,4,47.81597700115125,46.143786489717826,81.73868511459213,-0.7025411525080738,-4.57069710057195,-13.281154683450245,311.273865,-466.355652,134.527954,-177.84266186183675,-4.314830563571204,166.60873566848622,705.7349981376694,-560.0091591508655,197.4302011535668,-115.35889356913029,88.12611475838483,-112.04999666855791,0.3107900390242049,0.564029445607359,16,16,10,-0.9700539545027435,0.2286802395975496,-0.08185764088462867,311.273865,0.23094316093130599,0.972777629722675,-0.019207798681557035,-466.355652,0.07523683786979905,-0.03753706340061284,-0.9964589239394728,134.527954,0.0,0.0,0.0,1.0,0.005226899250733936,0.9585886538238345,0.2847463297119575,0.0022402640969644448,-0.9975130694605079,-0.015016579063649508,0.06886347804678909,-0.008829714419830836,0.07028766449170246,-0.28439812783039436,0.956126220279974,0.5795446529008138,0.0,0.0,0.0,1.0,-0.01227595115167361,-0.057900467259431515,0.9982468817454241,705.7349981376694,-0.03030787496868418,0.9978849657223561,0.05750676395150416,-560.0091591508655,-0.9994652238763507,-0.029548791454659926,-0.014004827216524345,197.4302011535668,0.0,0.0,0.0,1.0
2026-07-15T11:27:33.986,35,random,7,5,47.81597700115125,46.143786489717826,81.73868511459213,9.2611121688204,0.41379474694858587,-11.189008479658233,311.277771,-466.356171,134.562485,-167.8600181972724,0.7023889610508762,168.70776655094798,708.0400797300505,-558.4040366146324,201.32124886912646,-126.34965357504598,87.47128697408888,-123.05423257943866,0.24636043892599302,0.4970322108969099,16,16,10,-0.9805675244383846,0.1939622992136244,-0.029427138843974618,311.277771,0.195798504754153,0.9582060512179854,-0.20857638635587056,-466.356171,-0.012258692948925575,-0.21028502061012314,-0.9775632637094052,134.562485,0.0,0.0,0.0,1.0,0.16997874196188378,0.9522314156961624,0.2536977694863287,-0.019782260227179757,-0.9850325319091874,0.1716525423506088,0.015694450775615987,-0.04426251654550715,-0.028603118040368573,-0.25256827921545366,0.9671562055699758,0.5878934445029613,0.0,0.0,0.0,1.0,-0.02406451012202002,-0.05791201433341523,0.998031611697963,708.0400797300505,-0.03697941907868402,0.9976890630909351,0.0570004908166224,-558.4040366146324,-0.9990262368512602,-0.03553494033453721,-0.0261504512051065,201.32124886912646,0.0,0.0,0.0,1.0
2026-07-15T11:27:54.066,36,random,8,1,32.58011982657632,-71.98147816894705,-23.84362140082325,14.413888837708683,5.434321626227479,-1.4331625454934311,296.04187,-584.481506,28.980171,-162.7072368583224,5.722931640884715,178.46369081597905,714.4051058487563,-555.4779451759475,201.70328151719335,-142.69347175712153,85.85475418951118,-138.60343615650393,0.29789853727254256,0.6912377419180148,24,24,10,-0.9946580664530281,0.05522951029448826,0.08720683478119381,296.04187,0.02667681043404393,0.9536604319513511,-0.29970006392296417,-584.481506,-0.09971799549223552,-0.2957726858974536,-0.9500393884739816,28.980171,0.0,0.0,0.0,1.0,0.24641942727484825,0.9591848659808591,0.1387150270692302,0.005178766670504624,-0.9571509143122002,0.26332455200376703,-0.12050853722178477,0.03430199373685226,-0.1521170374838225,-0.10307557026423338,0.9829729567601789,0.6125782471062989,0.0,0.0,0.0,1.0,-0.05422471243769065,-0.07251333768798272,0.9958923116574395,714.4051058487563,-0.04779973537440935,0.9964047661288395,0.06994803309507046,-555.4779451759475,-0.9973840112309732,-0.043810476978472,-0.0574958802674816,201.70328151719335,0.0,0.0,0.0,1.0
2026-07-15T11:28:00.173,37,random,8,2,32.58011982657632,-71.98147816894705,-23.84362140082325,-3.332830678934723,-8.988493846873524,-10.316822791664876,296.029724,-584.497009,28.940344,179.5692701774635,-8.674179947824072,169.59103828792166,704.2363995757185,-559.7797199576595,198.95514631357523,-99.5362019350246,88.04208129964684,-95.18333069214032,0.4617067971004764,0.7428232800814853,18,18,10,-0.9722934082979704,0.18178298815610233,-0.14697099508867234,296.029724,0.178606438426055,0.9833105900952345,0.03464135619922596,-584.497009,0.1508153451512014,0.007431596302288446,-0.9885340171401912,28.940344,0.0,0.0,0.0,1.0,-0.041446245707290136,0.9658534569302827,0.2557524358683487,0.10527328272140896,-0.9872318436846871,-0.07899117021844294,0.13832455256553558,0.12520371640154115,0.1538034314692153,-0.24675391539617733,0.9567951764640908,0.5468411518303642,0.0,0.0,0.0,1.0,-0.00308660625095975,-0.07595088877995368,0.9971067823234315,704.2363995757185,-0.03402576548779021,0.9965421319403645,0.07580254976399803,-559.7797199576595,-0.999416189655152,-0.03369334891768175,-0.0056602203040076035,198.95514631357523,0.0,0.0,0.0,1.0
2026-07-15T11:28:04.909,38,random,8,3,32.58011982657632,-71.98147816894705,-23.84362140082325,13.32302202240897,-3.85445037620325,-12.821833922900295,296.04184,-584.481567,28.980227,-163.79814850025147,-3.5658601337761913,167.07500872216366,705.9472563216952,-557.3408042454843,200.42100886266155,-103.563600684031,87.7087607745374,-99.62034521803649,0.5488310680618795,0.9401545972676472,20,20,10,-0.9727767413066253,0.19787760141982264,-0.12062282714810227,296.04184,0.22324222307485886,0.9398362960648864,-0.25859359318364833,-584.481567,0.06219583112603371,-0.27848194098607737,-0.9584255250853708,28.980227,0.0,0.0,0.0,1.0,0.2398919140737095,0.934080700583575,0.2644713866552482,0.0643758128330263,-0.9686581194822629,0.2122242949399187,0.12908251701272747,0.1187755989202457,0.06444623435964707,-0.28714820813397457,0.9557157471980405,0.5620245890032436,0.0,0.0,0.0,1.0,-0.0066812465051384225,-0.06889835517141304,0.9976013119477195,705.9472563216952,-0.03941677633173395,0.996866393187332,0.06858361230858302,-557.3408042454843,-0.9992005197600492,-0.038864003761240835,-0.009376061160988481,200.42100886266155,0.0,0.0,0.0,1.0
2026-07-15T11:28:08.511,39,random,8,4,32.58011982657632,-71.98147816894705,-23.84362140082325,10.587928315503039,3.0535603621351903,-3.703405742035727,296.043793,-584.466248,29.005934,-166.52622974598737,3.3376510439755847,176.19242882030093,713.8876977590833,-556.6009953122812,201.18054817195153,-139.71434681985235,86.49101730783632,-135.17884489847305,0.3811495046406667,0.9402088141769543,24,24,10,-0.996100219833749,0.07811338762449181,0.04102012580408385,296.043793,0.0662931121376044,0.9694293299361293,-0.23624562967957355,-584.466248,-0.05822005951790142,-0.23260497185875692,-0.9708271482279011,29.005934,0.0,0.0,0.0,1.0,0.18695345252657358,0.9685264535178527,0.16433172373137556,0.025103924856274155,-0.977418623511844,0.20016239665320762,-0.06773366502896845,0.05459482430149832,-0.0984948780424979,-0.14795784467940581,0.9840768441525378,0.6043911473501078,0.0,0.0,0.0,1.0,-0.04341336726597509,-0.07993664601503128,0.9958541118891349,713.8876977590833,-0.04314318596496491,0.9960140282837074,0.07806869389745896,-556.6009953122812,-0.9981252151145281,-0.039575094263061814,-0.046689044396386055,201.18054817195153,0.0,0.0,0.0,1.0
2026-07-15T11:28:11.846,40,random,8,5,32.58011982657632,-71.98147816894705,-23.84362140082325,10.754411174601461,-5.106740561189872,-10.334851173265488,296.026245,-584.509399,28.92289,-166.30094274094193,-4.75010660053209,169.59716893632955,706.9681127906638,-558.0155760236394,200.08059492832535,-106.35172285483738,87.80280335142713,-101.78357734541059,0.5199884363186387,0.824531486238376,22,22,10,-0.9801843552548183,0.15614223843507163,-0.12189434396304577,296.026245,0.17994755736833742,0.9591243231349627,-0.21840194451530992,-584.509399,0.08281006165234381,-0.2360087586243037,-0.9682160706896731,28.92289,0.0,0.0,0.0,1.0,0.19861588520856666,0.9516390390088932,0.2343818883298106,0.05468153566386383,-0.9766554264724334,0.17221262254520006,0.1284016766948685,0.1195954323709387,0.08182852855066253,-0.2544129557831806,0.9636275939619515,0.5638577109002689,0.0,0.0,0.0,1.0,-0.007829400083695483,-0.07978880465245797,0.9967810427302793,706.9681127906638,-0.037530961634227734,0.9961327107482061,0.07944211412242853,-558.0155760236394,-0.9992647934422284,-0.0367881669774767,-0.010793672095156148,200.08059492832535,0.0,0.0,0.0,1.0
2026-07-15T11:28:29.026,41,random,9,1,71.53974929176675,-13.41517074468907,-25.45514981187634,-3.6783849707988274,-2.17591833556836,-9.202983106408045,334.995819,-525.93042,27.340677,179.21122885128625,-1.8669829754337877,170.7001699877359,708.9904908827358,-558.9042533150214,199.91281322010917,-124.04103909932657,87.57729282078735,-120.07564375300373,0.5584474436866264,1.1474302235779597,24,24,10,-0.986332329027535,0.16202817809338343,-0.029923339032551923,334.995819,0.1615151083668394,0.9866902056222745,0.01884961268359819,-525.93042,0.03257923394382304,0.013758911032940068,-0.9993744472833099,27.340677,0.0,0.0,0.0,1.0,-0.05327251916338497,0.9719486694486178,0.22908038471036324,0.03593712159705613,-0.9984255361814107,-0.055878737211097144,0.004900553902846417,0.08227689660126833,0.017563809462880532,-0.22845864108138758,0.9733951725339495,0.5485865400250329,0.0,0.0,0.0,1.0,-0.021184121946283337,-0.06952514983150164,0.9973552458970038,708.9904908827358,-0.03658035882563532,0.9969650472378319,0.06872097157531529,-558.9042533150214,-0.9991061556839456,-0.03502781932942342,-0.023663084065110574,199.91281322010917,0.0,0.0,0.0,1.0
2026-07-15T11:28:35.363,42,random,9,2,71.53974929176675,-13.41517074468907,-25.45514981187634,14.827033724701458,13.525114765842705,2.622088492079257,335.001465,-525.915039,27.368366,-162.293790513356,13.813840553265608,-177.48106819732968,709.1166055809209,-556.148233583193,203.40996524412435,-141.06909949898562,85.64101603436221,-139.01869673436963,0.11750547731249528,0.2700425888494197,17,17,10,-0.9701383319749087,0.03068032229054156,0.24060410357491852,335.001465,-0.04267832536754979,0.9548995780601114,-0.2938458037210037,-525.915039,-0.23876804094510468,-0.295339658096859,-0.9250752990856836,27.368366,0.0,0.0,0.0,1.0,0.24512781142489987,0.9661156541093558,0.08082635059737507,-0.06388375739569013,-0.9232408274156851,0.25806407955257193,-0.2846564691650015,-0.038045800322348486,-0.2958694486743102,-0.004844969508154538,0.9552160989072707,0.583686244110774,0.0,0.0,0.0,1.0,-0.05737816149822325,-0.037150827524730874,0.9976610459456214,709.1166055809209,-0.04984521185641085,0.9981677021488741,0.034302962580885075,-556.148233583193,-0.9971074172014136,-0.04776038526921406,-0.05912481848481964,203.40996524412435,0.0,0.0,0.0,1.0
2026-07-15T11:28:39.698,43,random,9,3,71.53974929176675,-13.41517074468907,-25.45514981187634,5.314951090667581,1.5760407480088219,-2.450056811762595,334.996857,-525.940247,27.316353,-171.7109248341262,1.9199815714833885,177.47860447881064,714.172672579004,-557.3768568080019,201.63330995882637,-143.3064846629714,86.2610106025065,-139.8955012609757,0.34437742057166065,0.7630702977636603,24,24,10,-0.9984709994816945,0.048358348373391966,0.02677934533597854,334.996857,0.04396775349750159,0.9883827832949097,-0.14548646101472995,-525.940247,-0.033503728843352246,-0.14408658448587522,-0.9889977534477952,27.316353,0.0,0.0,0.0,1.0,0.09984777900458762,0.9885122335510023,0.11346358511812737,-0.03235182266102338,-0.9916685476955912,0.10819156351478391,-0.06991478452761268,0.05567139760442668,-0.0813874224875503,-0.10553743271576221,0.9910791783488336,0.5658185207300369,0.0,0.0,0.0,1.0,-0.04987827289740142,-0.060470546206822046,0.9969230015072486,714.172672579004,-0.04200809965574962,0.9974091242320295,0.05839827447799648,-557.3768568080019,-0.9978714734153314,-0.038966035725274434,-0.05228929722009737,201.63330995882637,0.0,0.0,0.0,1.0
2026-07-15T11:28:43.136,44,random,9,4,71.53974929176675,-13.41517074468907,-25.45514981187634,7.625107993214563,0.31900662046030526,-12.92352294286127,335.001404,-525.915283,27.368757,-169.4957554065914,0.6076790375157511,166.97330871352796,706.9516465884408,-557.396714519343,201.6461904540139,-116.3878122845619,87.4349142782789,-113.34278051810588,0.5967174159694931,1.109068800261224,24,24,10,-0.9742103697419595,0.2235112380923532,-0.03093350826624575,335.001404,0.2253922635517111,0.957502023201108,-0.17996722784112892,-525.915283,-0.010605801161180843,-0.18229811302426638,-0.9831861039343066,27.368757,0.0,0.0,0.0,1.0,0.1388070766743334,0.950716981071245,0.2772540664587335,0.02672107759527637,-0.9901445810890004,0.13849356265152152,0.020814457575863282,0.07518725074605735,-0.018609245154331624,-0.2774108054976723,0.9605711535268578,0.5513018062737836,0.0,0.0,0.0,1.0,-0.017733023622854536,-0.053476462114541705,0.9984116424966724,706.9516465884408,-0.04109113878187418,0.9977639847964265,0.052711943208020494,-557.396714519343,-0.9989980271185726,-0.04009112922915516,-0.01989078103874068,201.6461904540139,0.0,0.0,0.0,1.0
2026-07-15T11:28:49.573,45,random,9,5,71.53974929176675,-13.41517074468907,-25.45514981187634,4.975499691573123,-0.04784729977312452,13.16097754492301,335.00116,-525.913818,27.368397,-172.1453414343944,0.2408714570729981,-166.94231169681137,710.1211515032113,-556.9709247398977,202.24686818759278,-133.1799783109749,86.85519832548474,-130.91120656281248,0.3784016757469829,1.0009743549897636,24,24,10,-0.9741344704818343,-0.22325260929343438,0.034932876531276635,335.00116,-0.22592998895054842,0.9651333936673179,-0.1321861283229489,-525.913818,-0.004203987616697332,-0.13665944852764186,-0.9906091669352952,27.368397,0.0,0.0,0.0,1.0,0.10446117190121196,0.9780413219375091,-0.18034144323408924,-0.13211956315844176,-0.9933426331203713,0.09375245901980539,-0.06693944766149917,0.05402687761360464,-0.048562092114242804,0.186133417232018,0.9813236337717642,0.5391357694348493,0.0,0.0,0.0,1.0,-0.03592692152794657,-0.040306342360504975,0.9985412635815524,710.1211515032113,-0.04145878436160979,0.9983862356655597,0.038808422189137805,-556.9709247398977,-0.9984940788551435,-0.04000403978438388,-0.03753999589966816,202.24686818759278,0.0,0.0,0.0,1.0
2026-07-15T11:29:07.987,46,random,10,1,-54.44481361817989,9.950166625337033,-71.24204191846094,8.126588737513671,-2.053385342855215,11.678912871429333,209.016937,-502.549652,-18.418406,-168.9942454485134,-1.7646527132234224,-168.42426703391723,711.1667057781724,-555.6385457134077,201.76229164110273,-127.67189757901758,87.04939367252672,-125.19326064906726,0.3235195764206732,0.694039236440018,24,24,10,-0.9791957206215852,-0.2027316825474928,0.008695148522996018,209.016937,-0.20056784939541814,0.9604627632358331,-0.19309018158954908,-502.549652,0.03079413101990747,-0.1908170467459623,-0.9811424851497759,-18.418406,0.0,0.0,0.0,1.0,0.15617562549663916,0.9754052534556712,-0.15554345223060037,-0.18930580354268733,-0.9877063499480403,0.15314987545459133,-0.03132541971888167,0.0994114259177784,-0.006733518623607455,0.15852352247954468,0.9873322402046957,0.6542747062086103,0.0,0.0,0.0,1.0,-0.029666926540898052,-0.043851654282257894,0.9985974693971169,711.1667057781724,-0.04206605300323201,0.9982068842530342,0.042584779142085534,-555.6385457134077,-0.9986742815624858,-0.04074369456198392,-0.031458396321070586,201.76229164110273,0.0,0.0,0.0,1.0
2026-07-15T11:29:13.725,47,random,10,2,-54.44481361817989,9.950166625337033,-71.24204191846094,-6.51298903502483,1.5297143664296158,-5.030072617921261,209.0168,-502.549713,-18.417822,176.36637880690267,1.8183388586271807,174.8670055528248,714.0698381745564,-557.9993672327971,200.03863781655804,-143.22977893635382,86.22866302406315,-140.32572472935198,0.32352501956724067,0.7078544059258475,24,24,10,-0.9954881842146462,0.08728510441370706,0.037210020646522936,209.0168,0.08942281297618165,0.9941673993788117,0.06028882592816918,-502.549713,-0.031730672990865544,0.0633442385687799,-0.9974871787806038,-18.417822,0.0,0.0,0.0,1.0,-0.10937308451596728,0.9850645806756599,0.13298609055742652,0.008295326733962795,-0.990911675613342,-0.09751348552649187,-0.09265619932650211,0.10045747836257063,-0.07830440291976483,-0.141911564147393,0.9867773449186091,0.6946645664537142,0.0,0.0,0.0,1.0,-0.05062590507218109,-0.05166134172387365,0.9973806312070194,714.0698381745564,-0.041992053496529264,0.9978881972049661,0.04955616331160343,-557.9993672327971,-0.9978344978896884,-0.039373235202492654,-0.0526883589697199,200.03863781655804,0.0,0.0,0.0,1.0
2026-07-15T11:29:18.658,48,random,10,3,-54.44481361817989,9.950166625337033,-71.24204191846094,-9.669410329810058,-14.485174688551018,-12.735821838091347,208.996078,-502.559875,-18.473267,173.24244102051088,-14.158016300800695,167.17115104018663,698.7862024543628,-559.5401515045874,198.02478441941332,-88.99949037829911,87.85436017606311,-87.5832982075234,0.49612681018849314,0.8840009952888446,24,24,10,-0.9454207530029601,0.2485598313571191,-0.21070740382586586,208.996078,0.21529498189806792,0.9618734430929243,0.16866401584829405,-502.559875,0.24459695533842324,0.11409421417531866,-0.9628887992550801,-18.473267,0.0,0.0,0.0,1.0,-0.14960206495963288,0.9504992160604118,0.2723425461222624,0.09713551103209012,-0.9555719403219223,-0.20974050694351118,0.20710187497093344,0.2192764765750399,0.2539714334904836,-0.22926002707759946,0.939647993109743,0.6023705516597693,0.0,0.0,0.0,1.0,0.0015787171406935687,-0.02468514027932143,0.9996940289416458,698.7862024543628,-0.03740642760585185,0.9989941631759256,0.024726930949887174,-559.5401515045874,-0.9992988876337042,-0.03743401915133507,0.0006537462960598981,198.02478441941332,0.0,0.0,0.0,1.0
2026-07-15T11:29:22.398,49,random,10,4,-54.44481361817989,9.950166625337033,-71.24204191846094,-11.85114627849109,-9.878090458329378,-1.5803865776662374,209.024338,-502.541901,-18.389177,171.03832967842212,-9.59870464604717,178.31684173308702,707.3620182513035,-559.5536290605321,198.572947830882,-103.20348832073361,87.89223697262747,-100.4436510276403,0.24291592715484742,0.5419418828749926,24,24,10,-0.9855743848636888,0.054977375547908595,-0.16006442477460686,209.024338,0.028961208826859992,0.9866036347537039,0.16054443706982524,-502.541901,0.1667464550863033,0.1535928255767316,-0.9739634816806568,-18.389177,0.0,0.0,0.0,1.0,-0.18954070427722788,0.9766668223982122,0.10097643016403873,0.00997314546464556,-0.9685647871347894,-0.20285494893297493,0.14398653692599564,0.19823223641391202,0.16111044207199518,-0.07051090497207081,0.9844143628246116,0.6366223160264757,0.0,0.0,0.0,1.0,-0.006666891150109997,-0.04826902382750047,0.9988121214228094,707.3620182513035,-0.03616981241451492,0.998192351548166,0.0479976455739525,-559.5536290605321,-0.9993234197357191,-0.03580685199070286,-0.008400721291916534,198.572947830882,0.0,0.0,0.0,1.0
2026-07-15T11:29:27.733,50,random,10,5,-54.44481361817989,9.950166625337033,-71.24204191846094,2.7951582329420077,0.704055401011578,-13.523175270920586,209.017044,-502.55014,-18.418358,-174.32590421110328,0.9925920842846381,166.37382297248257,709.9573884031854,-557.0406115443336,200.09547944975455,-135.25315142569463,86.53262750440534,-133.30058738392094,0.5422700865021804,0.927542986965129,24,24,10,-0.9717076353548907,0.23609639727455614,-0.006539310895013907,209.017044,0.23555080224869823,0.9666882512933207,-0.10014811217120533,-502.55014,-0.01732313346370535,-0.09885502519061246,-0.994951050575636,-18.418358,0.0,0.0,0.0,1.0,0.046331917128304555,0.9611762874133201,0.27201745894254825,0.049493721008134345,-0.9978089934246062,0.05740587483233094,-0.032890396405466406,0.11322925893137123,-0.04722886930882334,-0.26989759178080797,0.9617300680828952,0.68338817617087,0.0,0.0,0.0,1.0,-0.04147883742559056,-0.03495589723056113,0.9985277118310877,709.9573884031854,-0.04401536899610474,0.9984815087251441,0.033125881514233145,-557.0406115443336,-0.9981694011228545,-0.042576542635173416,-0.04295444888806177,200.09547944975455,0.0,0.0,0.0,1.0
2026-07-15T11:29:47.779,51,random,11,1,-64.69617868175193,-30.18292837032413,-73.3444983603623,1.0125162998464141,-13.941147602402268,6.337053308455303,198.759186,-542.691956,-20.54217,-176.09090069900378,-13.643271017655163,-173.7584468108057,705.7332551955633,-558.1554159617609,199.7430977203291,-97.9915291146136,87.92591900343304,-95.24701886377198,0.20132620525275247,0.42856003446399615,24,24,10,-0.9660227749724066,-0.12445261824584455,-0.2265205157295141,198.759186,-0.10565257894405654,0.9900113493876768,-0.0933544891585903,-542.691956,0.2358760920421586,-0.06625008600255197,-0.969522251063674,-20.54217,0.0,0.0,0.0,1.0,0.030938594787437827,0.9965770784980682,-0.07666113725241139,-0.08749716908865042,-0.9730012993500144,0.04757946790030113,0.22584212560438674,0.22496791284669232,0.2287165818557153,0.06760414814623834,0.9711428341586313,0.6161547146546609,0.0,0.0,0.0,1.0,-0.003309718173934644,-0.047941754304092206,0.9988446495626108,705.7332551955633,-0.036039982557469596,0.9982069277719372,0.047791725281333956,-558.1554159617609,-0.999344868112538,-0.03584016660613098,-0.005031603599088249,199.7430977203291,0.0,0.0,0.0,1.0
2026-07-15T11:29:51.917,52,random,11,2,-64.69617868175193,-30.18292837032413,-73.3444983603623,-9.603070616838476,-4.578197357645426,10.770088741839391,198.765427,-542.682129,-20.520414,173.2763028262031,-4.289620420585448,-169.33309268855376,713.9403418781802,-557.5552213738816,200.03202871663308,-132.48376537300402,87.13330559538971,-129.05472201292872,0.2254540822564659,0.5071153417153954,24,24,10,-0.9799669762646358,-0.1752198560702707,-0.09467168251098262,198.765427,-0.18458053256960236,0.9775820265189912,0.10130848149757479,-542.682129,0.07479807769634618,0.11675351586027766,-0.9903402769286904,-20.520414,0.0,0.0,0.0,1.0,-0.1490522724208979,0.9814072466899086,-0.12092657371603596,-0.07355826910069262,-0.9881496529068707,-0.14329838034664452,0.05500761447344922,0.16670121357983014,0.0366562893129907,0.12769256178243837,0.9911361794018219,0.6656122215227959,0.0,0.0,0.0,1.0,-0.03151091949366732,-0.06039384161842067,0.9976771250495987,713.9403418781802,-0.0388368442987139,0.9974929874325043,0.05915606095655938,-557.5552213738816,-0.9987485977349764,-0.03688256929157525,-0.03377742744601899,200.03202871663308,0.0,0.0,0.0,1.0
2026-07-15T11:29:57.254,53,random,11,3,-64.69617868175193,-30.18292837032413,-73.3444983603623,-3.4590251669563337,14.115928659113912,6.169190375031146,198.762299,-542.673157,-20.505823,179.4195563055958,14.400033673463954,-173.93600643151674,708.796257121841,-556.2306678098763,201.04738657183134,-145.22893099707,85.69491307447893,-142.8941537259002,0.1316797418115912,0.2586753630077929,20,20,10,-0.9631633352468815,-0.10813901378284965,0.246216050114886,198.762299,-0.10232031335430834,0.9940873574340804,0.0363439027183791,-542.673157,-0.2486904564135495,0.009812211157506988,-0.9685333124890547,-20.505823,0.0,0.0,0.0,1.0,-0.04832999119278908,0.9964211999468627,-0.06934698441719778,-0.06095799244649102,-0.9494142347346417,-0.06739572354791172,-0.30670902714248166,-0.012504149780056026,-0.31028506705050923,0.051015769561064,0.9492737057464266,0.7249569682477353,0.0,0.0,0.0,1.0,-0.05986781967473794,-0.04202157826735509,0.9973214281901863,708.796257121841,-0.04528727993278253,0.9981990906942315,0.03934002559098074,-556.2306678098763,-0.9971784727137277,-0.042810773143330864,-0.06166304613938055,201.04738657183134,0.0,0.0,0.0,1.0
2026-07-15T11:30:01.991,54,random,11,4,-64.69617868175193,-30.18292837032413,-73.3444983603623,4.127448651121977,0.22373815213197012,14.840563972616906,198.765244,-542.681885,-20.521852,-172.99343356274704,0.5125680435240345,-165.26262862460587,719.2255598970203,-554.7122642480201,201.19531602957932,-111.73322092467701,87.74860592269131,-103.67544753119608,0.503857919428482,1.353723604864847,24,24,10,-0.9670633337409809,-0.2514337177682344,0.03961810322345216,198.765244,-0.25437861496741426,0.960157487651207,-0.11571136138937492,-542.681885,-0.008945880674381733,-0.12197821312253412,-0.992492461806332,-20.521852,0.0,0.0,0.0,1.0,0.08756964035562945,0.9897467889214261,-0.11283993932872373,-0.16395699486592435,-0.9957751336753723,0.08383062676822493,-0.037474113324288016,0.0960409158426676,-0.02763044049197635,0.11564480029543497,0.9929062588798845,0.6822412722892667,0.0,0.0,0.0,1.0,-0.009287624099847597,-0.1403410791087628,0.9900596555527186,719.2255598970203,-0.038170443660171485,0.9894305103384577,0.1398938256041467,-554.7122642480201,-0.9992280807049841,-0.0364917350363822,-0.014546339906272663,201.19531602957932,0.0,0.0,0.0,1.0
2026-07-15T11:30:05.527,55,random,11,5,-64.69617868175193,-30.18292837032413,-73.3444983603623,-4.954094654733986,5.705084596432876,9.616641274574079,198.766068,-542.687378,-20.514778,177.92631369992583,5.993425015965976,-170.48611295547505,714.3885779358234,-556.1551170211377,201.36432603219052,-141.96423896697178,86.25246812380674,-138.58638465679613,0.19924786507883768,0.4527163878174743,24,24,10,-0.9808546365224696,-0.168904648120699,0.09692988112856042,198.766068,-0.16438317562651264,0.9849752069824577,0.05293404576270069,-542.687378,-0.10441433610054277,0.03598696254322442,-0.993882581064582,-20.514778,0.0,0.0,0.0,1.0,-0.07021628793825546,0.9910751481123607,-0.11331250461547425,-0.08687167262782214,-0.984717572014645,-0.08701451829439737,-0.15086343815376735,0.06925544991818593,-0.15937683731883237,0.10098774381108797,0.9820389500046276,0.7067042191992062,0.0,0.0,0.0,1.0,-0.0490170952313271,-0.059908595489304335,0.9969996412043391,714.3885779358234,-0.04323508836494407,0.9973911656675809,0.05780648564250927,-556.1551170211377,-0.997861739675972,-0.04027186157556036,-0.0514793711702117,201.36432603219052,0.0,0.0,0.0,1.0
2026-07-15T11:30:25.173,56,random,12,1,-8.644292323315993,-74.99693008684817,45.18987274469996,-8.51178546956558,-4.355451340223631,10.003627383779712,254.816849,-587.496521,98.013237,174.36738635547073,-4.066682542500044,-170.09953833110026,713.277723317453,-558.3535908844735,200.45260586009863,-139.79767918264994,86.59907491218071,-136.69923970037053,0.238889576608391,0.562228502792734,24,24,10,-0.9826276261617811,-0.1642500282226539,-0.08639951696925349,254.816849,-0.17150413314012705,0.9815483052139484,0.08455327815927142,-587.496521,0.07091742112849632,0.09790226126337917,-0.9926660398240692,98.013237,0.0,0.0,0.0,1.0,-0.1305730350501411,0.984613158803103,-0.11613617020365276,-0.031167972027963935,-0.9912078788099853,-0.12711642636325884,0.03671995552345031,0.03683475042232626,0.021392136471250277,0.11990972296028109,0.9925542981806003,0.6282297177236511,0.0,0.0,0.0,1.0,-0.04317275297392425,-0.05487893053227178,0.9975592295118555,713.277723317453,-0.04068502594790819,0.9977585009628188,0.05312911085316734,-558.3535908844735,-0.9982388702431253,-0.03829199315867711,-0.04530873200239935,200.45260586009863,0.0,0.0,0.0,1.0
2026-07-15T11:30:30.112,57,random,12,2,-8.644292323315993,-74.99693008684817,45.18987274469996,8.359341197446817,-5.795148179584061,2.2956513905671407,254.817398,-587.497314,98.014015,-168.76179647102882,-5.506468185884289,-177.80736766165668,713.3606994918874,-556.9298394703874,200.23579625875723,-136.31426617114937,86.8602898950463,-132.40696613905664,0.27840928686932587,0.5294884202860775,24,24,10,-0.9946565949493084,-0.056213139278759094,-0.08659296216364455,254.817398,-0.038082761093884795,0.9793918172719159,-0.1983465945467184,-587.497314,0.09595812332113232,-0.1939890492611401,-0.9762992816423893,98.014015,0.0,0.0,0.0,1.0,0.1561662894994072,0.9875740484562825,0.017595136818363912,-0.010168530203301508,-0.9860536975230599,0.15483876544905448,0.06101690188230446,0.043568628844451784,0.05753429955330443,-0.02687853288188077,0.997981637528982,0.6274482024363557,0.0,0.0,0.0,1.0,-0.03693703741673002,-0.06884160016949009,0.9969435738059501,713.3606994918874,-0.04044134188987003,0.9969100750925249,0.06734092399993155,-556.9298394703874,-0.9984989499909465,-0.03783036168373262,-0.03960695143350733,200.23579625875723,0.0,0.0,0.0,1.0
2026-07-15T11:30:34.746,58,random,12,3,-8.644292323315993,-74.99693008684817,45.18987274469996,-6.383840915314705,-4.998615222711502,12.937687421399161,254.817108,-587.495789,98.013298,176.49552349392516,-4.7099422590934195,-167.1654787580148,711.2893811901235,-557.7910116268348,200.9366408932696,-135.1721228607148,86.87478781858145,-132.4058460903372,0.25104942598010743,0.655849205475917,24,24,10,-0.9717232138724382,-0.2168268188638954,-0.09348864231971327,254.817108,-0.22138587478811486,0.974307380143352,0.04139351932970673,-587.495789,0.08211144905383727,0.060920108499256415,-0.994759493704241,98.013298,0.0,0.0,0.0,1.0,-0.09207891732458741,0.9806941202141757,-0.17251236350382446,-0.05826374585903138,-0.9950509378584673,-0.08412406939033273,0.05288451584533231,0.0418293602676138,0.03735109170180476,0.17652813805893444,0.9835866573018003,0.6216897376456774,0.0,0.0,0.0,1.0,-0.036765859621301245,-0.04896894174473294,0.9981233963346956,711.2893811901235,-0.04025550436397243,0.9980605465491598,0.047483047400042167,-557.7910116268348,-0.9985127770513051,-0.03843420568183212,-0.038665823396089954,200.9366408932696,0.0,0.0,0.0,1.0
2026-07-15T11:30:42.088,59,random,12,4,-8.644292323315993,-74.99693008684817,45.18987274469996,9.820269693686647,14.42192350956887,-4.314533244495781,254.817673,-587.497009,98.01387,-167.30058220610667,14.710634094204373,175.58228606426613,713.2866573763974,-555.3200110612814,200.17449627443534,-153.91764920817258,83.6011679985728,-149.61012246430212,0.3399544730340004,0.8206275012214327,11,11,10,-0.9643470122291519,0.13080175901221808,0.23005594937757565,254.817673,0.07450237473002604,0.968338421530747,-0.2382647635445244,-587.497009,-0.25393746506629306,-0.21263019829424737,-0.9435593052951436,98.01387,0.0,0.0,0.0,1.0,0.14413606459272849,0.964546698459982,0.2210756915033186,0.07490433877995697,-0.9289977819518876,0.2088503531097211,-0.3055235688689481,-0.10341226309942053,-0.3408634858886986,-0.16134186219296706,0.9261646114443755,0.64566834299071,0.0,0.0,0.0,1.0,-0.09613596671234906,-0.07747240420778094,0.9923486798956043,713.2866573763974,-0.05637980841931498,0.9957896593560511,0.07227912231178503,-555.3200110612814,-0.9937701912951928,-0.048999805161111,-0.10009908085137331,200.17449627443534,0.0,0.0,0.0,1.0
2026-07-15T11:30:45.957,60,random,12,5,-8.644292323315993,-74.99693008684817,45.18987274469996,6.247055967766396,4.101737847066225,-12.368077088650603,254.811401,-587.522034,97.970222,-170.82570504064907,4.420025614757223,167.54924588919346,698.8364700290074,-557.3810484345415,200.24902531866036,-76.00593609050225,87.60620908636531,-73.06322854455104,0.2744861369543621,0.6004872619055152,15,15,10,-0.9735775003794547,0.2248409525879065,0.03991737459122045,254.811401,0.21495918272102957,0.9613412275808916,-0.17209181827493036,-587.522034,-0.07706750624485038,-0.15896411605336408,-0.984271816770435,97.970222,0.0,0.0,0.0,1.0,0.12315000003468869,0.9542500535475594,0.27247185688789205,0.11805213199684224,-0.9907746647460762,0.13387457367023003,-0.02105141852497946,-0.0138671544382016,-0.05656537093271619,-0.2673657304687605,0.9619334306396418,0.6136961075009952,0.0,0.0,0.0,1.0,0.012167514306449972,-0.05109069001564332,0.9986198941485833,698.8364700290074,-0.03995579544094375,0.997871355609409,0.05153922840828722,-557.3810484345415,-0.9991273622548243,-0.04052775651285859,0.010100244836172454,200.24902531866036,0.0,0.0,0.0,1.0
2026-07-15T11:31:04.170,61,random,13,1,-3.58140746653107,19.718465378254102,-90.93633612033393,10.998868078286904,1.9545586027260704,-1.120890437282272,259.880188,-492.781921,-38.112488,-166.12229450042014,2.243187063716686,178.77595281432536,713.30035005574,-556.3297058905081,202.53239910874444,-135.81408019801052,86.47114231326613,-134.11470210097718,0.2856487376840816,0.5126649730874202,24,24,10,-0.9990056781871302,0.030124306768221983,0.03286610855587133,259.880188,0.0213456587685798,0.9703878043442572,-0.24060729837572936,-492.781921,-0.03914099898581557,-0.23966650855233393,-0.9700659497563692,-38.112488,0.0,0.0,0.0,1.0,0.1950393859912619,0.9784010696434501,0.06849076457964652,-0.10018154728850048,-0.9774510377576531,0.1996617244995045,-0.068736195387659,0.10124919385934683,-0.08092655125876859,-0.05354010357140621,0.9952810410185279,0.6437448671122499,0.0,0.0,0.0,1.0,-0.04284564601313349,-0.030575317426119162,0.9986137394318231,713.30035005574,-0.044190581408221734,0.9986113826415147,0.02867924290503307,-556.3297058905081,-0.9981039240141882,-0.04290054105829709,-0.04413729085914535,202.53239910874444,0.0,0.0,0.0,1.0
2026-07-15T11:31:05.669,62,random,13,2,-3.58140746653107,19.718465378254102,-90.93633612033393,11.859407744321388,1.884464089225741,-1.1813400678882484,259.880035,-492.781982,-38.112541,-165.26176918791316,2.1731716211516994,178.71550576693906,713.240071148199,-556.1930097814848,202.54733173816615,-134.95466412767595,86.53782094504174,-133.25218032133486,0.29421418141892736,0.534431861234418,24,24,10,-0.9990296749496387,0.03132374903809199,0.03096015691526509,259.880035,0.022400653160809535,0.9666389433894576,-0.25516144665854623,-492.781982,-0.037919906487072455,-0.25422032937810396,-0.9664026618459305,-38.112541,0.0,0.0,0.0,1.0,0.20994305166701743,0.9752088630227665,0.06993989232607392,-0.1027752650133164,-0.9745808883440565,0.21445608564658544,-0.06481264848510342,0.10035819417257916,-0.07820490477744543,-0.05455511718424841,0.995443485114933,0.6434663778576172,0.0,0.0,0.0,1.0,-0.041379639906819504,-0.03059457736542279,0.998674970767273,713.240071148199,-0.04398449877288284,0.9986178602528648,0.02877035021837044,-556.1930097814848,-0.9981748791012925,-0.04273571129419281,-0.042668134612368194,202.54733173816615,0.0,0.0,0.0,1.0
2026-07-15T11:31:11.509,63,random,13,3,-3.58140746653107,19.718465378254102,-90.93633612033393,-10.06776549694153,-5.405803716270718,-3.113894263752366,259.88028,-492.781372,-38.112442,172.81169135013153,-5.116971476754356,176.78291912396276,710.2382782803361,-559.1326633723654,199.36935086024204,-120.36808356860271,87.5560032786112,-117.55281945260448,0.32788897441797044,0.6412783840258021,24,24,10,-0.9944450494807935,0.066820816053084,-0.08132663834895762,259.88028,0.05589550299632547,0.9899504116711578,0.12989948104935914,-492.781372,0.08918932844197226,0.12463210250214411,-0.9881862692417684,-38.112442,0.0,0.0,0.0,1.0,-0.16326335144794235,0.9801751234459065,0.11225776343659519,-0.0004933440977100444,-0.983980528761287,-0.1700336794329927,0.05358047104249155,0.17792134726933947,0.0716058453804068,-0.10171172614934383,0.9922335046102192,0.6103841790672733,0.0,0.0,0.0,1.0,-0.019725140527865965,-0.04947888847416267,0.9985803715407777,710.2382782803361,-0.03780650667295314,0.9980972817781041,0.04870815291454589,-559.1326633723654,-0.9990903797376609,-0.0367920603190442,-0.02155823307082253,199.36935086024204,0.0,0.0,0.0,1.0
2026-07-15T11:31:15.243,64,random,13,4,-3.58140746653107,19.718465378254102,-90.93633612033393,0.41863947142500635,1.2113505274860294,-4.496687036808883,259.880554,-492.781677,-38.112724,-176.7024758495264,1.4999462118729823,175.40020007697356,713.301283776067,-557.3254788779286,201.40590192458626,-138.49241955489236,86.50407229576487,-136.25180268883568,0.3236354122333217,0.6781530459645949,24,24,10,-0.996437611677269,0.08156348201368026,0.021435588088605212,259.880554,0.08016796456971878,0.9950080467080622,-0.05943134226109174,-492.781677,-0.026176009849643106,-0.057501177274998205,-0.9980022199977017,-38.112724,0.0,0.0,0.0,1.0,0.011846426640735219,0.9924610040716828,0.12198695656861032,-0.03551163166590357,-0.9977067963208295,0.019862081034484898,-0.06470429902414213,0.1234848556289824,-0.06663940839377044,-0.1209407008992663,0.9904203835316207,0.643249456196548,0.0,0.0,0.0,1.0,-0.044049345218101735,-0.039987043291397725,0.9982287771621638,713.301283776067,-0.04216541852503356,0.9983826850559947,0.03813255382203619,-557.3254788779286,-0.9981391349238165,-0.04041102014542041,-0.04566417396976738,201.40590192458626,0.0,0.0,0.0,1.0
2026-07-15T11:31:19.947,65,random,13,5,-3.58140746653107,19.718465378254102,-90.93633612033393,-2.5757555692422613,9.758870991686479,10.098805759727743,259.880066,-492.780212,-38.112377,-179.69652410376204,10.047502486973142,-170.00442733710855,711.9632012009131,-556.7302682768834,202.46673792709902,-145.47510475728427,85.85413992623543,-142.78259995941326,0.23560038456711588,0.6437311850667182,24,24,10,-0.9697174063411194,-0.17265959688456736,0.17273336516930107,259.880066,-0.17091008211376776,0.9849677473094808,0.025065525965994758,-492.780212,-0.1744645971849807,-0.00521539679655226,-0.9846496351318762,-38.112377,0.0,0.0,0.0,1.0,-0.027927939967110134,0.9915252612895751,-0.126876658191463,-0.13679995029876554,-0.9710323004092155,-0.05704276833382992,-0.23203963916279632,0.05839923824991093,-0.23731055967061654,0.11672094415936182,0.964396142393449,0.6494357143250042,0.0,0.0,0.0,1.0,-0.0575724766268407,-0.04815683134634518,0.9971791862698153,711.9632012009131,-0.04372745201644138,0.997998996154354,0.04567180328223993,-556.7302682768834,-0.997383236211238,-0.04097466619243441,-0.0595630494116681,202.46673792709902,0.0,0.0,0.0,1.0
2026-07-15T11:31:39.263,66,random,14,1,-13.806464492476383,69.40039032880043,-49.41212796656488,-14.892087131209616,8.772878847502625,-3.808956371643493,249.655441,-443.099243,3.411915,167.9873294193505,9.061442121552995,176.0879786142486,710.6160356080165,-559.1612585466555,200.63652290511556,-147.80752559510645,85.89915088347725,-146.42884691612886,0.17032135287000666,0.3588437742084604,22,22,10,-0.9852190824413419,0.03402816624516824,0.1678852092813168,249.655441,0.06737317404714899,0.9780589305609074,0.19713341616495828,-443.099243,-0.15749353958893972,0.20553056281741955,-0.9658949077077184,3.411915,0.0,0.0,0.0,1.0,-0.24570850512429565,0.968350125119539,0.04387898916972845,-0.05179416239432852,-0.9456231856778557,-0.22949735222799475,-0.2304945900206849,0.03398948016569818,-0.2131293532530136,-0.09812747067622253,0.9720837815130128,0.6730282420280305,0.0,0.0,0.0,1.0,-0.05958396928467997,-0.025196666572515368,0.9979052453003318,710.6160356080165,-0.039544267742849734,0.9989562439891301,0.022862053359469985,-559.1612585466555,-0.9974397232379332,-0.038099220316995336,-0.06051816188775828,200.63652290511556,0.0,0.0,0.0,1.0
2026-07-15T11:31:45.099,67,random,14,2,-13.806464492476383,69.40039032880043,-49.41212796656488,-11.866293531667857,-12.338274515087818,4.643752626717355,249.645035,-443.105042,3.374755,171.0370118754933,-12.029420796110173,-175.45319867302317,706.2980035244268,-559.9354645521169,198.48686999633986,-106.2280835433531,87.93142788821666,-104.55593076296667,0.22505025342549026,0.5268970044973897,24,24,10,-0.9749627318998724,-0.045937440907469325,-0.21757165010453505,249.645035,-0.07753260144444858,0.9872545474025806,0.13898616602447167,-443.105042,0.2084139321628805,0.15237522815667406,-0.9660980399134488,3.374755,0.0,0.0,0.0,1.0,-0.1863508969009181,0.9823030149138986,-0.018818345179332154,-0.10108858165765516,-0.9625864657705568,-0.17870829312531622,0.2036925179862635,0.2020899842538628,0.19672478018686862,0.05607256779657052,0.9788540381492674,0.5754973760354386,0.0,0.0,0.0,1.0,-0.0090717132881612,-0.029337681039890907,0.9995283910371026,706.2980035244268,-0.03493698405700962,0.9989685509502148,0.02900416103644774,-559.9354645521169,-0.999348343253251,-0.03465739002910492,-0.010087326372870553,198.48686999633986,0.0,0.0,0.0,1.0
2026-07-15T11:31:47.601,68,random,14,3,-13.806464492476383,69.40039032880043,-49.41212796656488,-6.7682822542398675,-11.347201775031666,6.668519618827872,249.655304,-443.099579,3.411663,176.1106104471563,-11.058543812260993,-173.4347829523363,705.1490039572877,-559.1858600988319,199.35477841712532,-100.35272292252128,87.93418884529909,-98.88821627321084,0.263399373750975,0.5808314938375359,24,24,10,-0.9749958282752336,-0.1011453640109667,-0.1978705389515584,249.655304,-0.11221108679871433,0.9926418854711083,0.04550559534622493,-443.099579,0.19181190485822966,0.0665710338469519,-0.979171328525915,3.411663,0.0,0.0,0.0,1.0,-0.10131690075001379,0.9919250123888246,-0.07628666606847147,-0.14275904526564487,-0.9780163428917509,-0.08526059541128031,0.19030150789407682,0.18527323987101255,0.18226057900450468,0.09389036514757294,0.9787572123225446,0.5734940672874705,0.0,0.0,0.0,1.0,-0.005569581876178742,-0.025656462080889324,0.9996553034477522,705.1490039572877,-0.035614525798297776,0.9990416886104966,0.025442287052276188,-559.1858600988319,-0.999350081457888,-0.03546054669319008,-0.006477987213104921,199.35477841712532,0.0,0.0,0.0,1.0
2026-07-15T11:31:52.906,69,random,14,4,-13.806464492476383,69.40039032880043,-49.41212796656488,9.913832358031492,-0.8697953737400574,0.08053360857925362,249.655304,-443.100189,3.411438,-167.2073046770594,-0.5812656831602201,179.9775026064942,710.9061824320794,-557.0337508455609,202.5248630739762,-128.96269523307046,86.81488214476313,-128.50368901950793,0.22627989397021825,0.4063391814393049,24,24,10,-0.9999484628444097,-0.0018634025609758958,-0.009979949198162306,249.655304,0.0003926333737224207,0.9751783985925571,-0.22142027178533089,-443.100189,0.010144825978595754,-0.2214127788754563,-0.9751274090376664,3.411438,0.0,0.0,0.0,1.0,0.17873329950480846,0.9838124045971663,0.012944504967933862,-0.1505513012116618,-0.9835938922532137,0.17898951588366718,-0.022490182878389733,0.07153701840204688,-0.024443051574982833,-0.008712391432380088,0.9996632590353771,0.6392518699451815,0.0,0.0,0.0,1.0,-0.03459106101396934,-0.008758874699230782,0.9993631675281668,710.9061824320794,-0.043481177005031055,0.9990279332598851,0.007250918061786776,-557.0337508455609,-0.9984552297144748,-0.04320266983051778,-0.034938282375214534,202.5248630739762,0.0,0.0,0.0,1.0
2026-07-15T11:31:56.473,70,random,14,5,-13.806464492476383,69.40039032880043,-49.41212796656488,11.795983977877345,1.6378934371818836,-10.605355763068307,249.654236,-443.115112,3.434289,-165.55781648065727,1.8643473695761856,169.28215674056662,712.5555809707729,-558.9972868518756,201.0919563736004,-133.18369840117097,86.72662810606148,-132.10763769164595,0.25408684126272274,0.7962054357165195,24,24,10,-0.9820348158608461,0.18806818649018353,-0.015426524801387178,249.654236,0.18587417125492403,0.9499970371718184,-0.25091118314069194,-443.115112,-0.03253325832820086,-0.24927091004579782,-0.9678871837706553,3.434289,0.0,0.0,0.0,1.0,0.2014201052458624,0.9556876162733312,0.21468842843652197,-0.06680101292153548,-0.9775277111684639,0.21004523662993094,-0.017904537604194817,0.06737514850669751,-0.06220542661608634,-0.20625755421529252,0.9765184617961078,0.6625551882371363,0.0,0.0,0.0,1.0,-0.038287036236606176,-0.019577394377786647,0.999074986417733,712.5555809707729,-0.04236174923186276,0.9989410547121801,0.017951362414429867,-558.9972868518756,-0.9983684615702927,-0.04163525957519677,-0.039075825031243856,201.0919563736004,0.0,0.0,0.0,1.0
2026-07-15T11:32:13.351,71,random,15,1,46.892316008971804,28.46151777657339,9.052414632596356,-9.579984668851754,10.337815966334258,4.065183057292792,310.351318,-484.038116,61.90012,173.30810198383287,10.621892676591793,-176.03658430002537,708.9483025560496,-558.9405776327842,201.7242163885207,-149.84061766342535,85.38013849263135,-148.15366600530342,0.12746816053425702,0.24632634929345779,14,14,10,-0.9805143575810801,-0.09007689576378497,0.17457877140970504,310.351318,-0.06793513515445684,0.9893271548566046,0.12890538419663308,-484.038116,-0.18432691607279583,0.11453354754348667,-0.976168865769748,61.90012,0.0,0.0,0.0,1.0,-0.1500435143890464,0.9861881970445912,-0.07014117050436308,-0.08849286849709245,-0.9555743541613975,-0.162858819501425,-0.24567185141898093,-0.025439311678498187,-0.2537017884422803,0.030163635731463637,0.966812059099724,0.5915149018712674,0.0,0.0,0.0,1.0,-0.06841979536588072,-0.03082520089532102,0.9971802939247519,708.9483025560496,-0.04249870923033041,0.9987053125030981,0.027956367643966223,-558.9405776327842,-0.996751017714979,-0.04046610640835012,-0.06964124436209687,201.7242163885207,0.0,0.0,0.0,1.0
2026-07-15T11:32:19.691,72,random,15,2,46.892316008971804,28.46151777657339,9.052414632596356,13.84034850611894,-0.006599005691967363,2.234576129675709,310.353973,-484.038544,61.876259,-163.28076761124834,0.2822390098814435,-177.86855955417664,712.2664599412165,-556.5848545248749,202.58383298648175,-138.25827931493387,86.28660385917827,-136.5628795761415,0.27951647529874146,0.4972418890247451,22,22,10,-0.9992960111611152,-0.034203680138256067,0.015413965825970188,310.353973,-0.03719162268246417,0.9571160718611227,-0.2873075150207168,-484.038544,-0.004925980078068375,-0.28767852413785433,-0.957714363195069,61.876259,0.0,0.0,0.0,1.0,0.24606257875140694,0.9692283864941222,0.007038618629261268,-0.11816067312394299,-0.967772594348979,0.24608136993424037,-0.053480510453192596,0.005719499077620658,-0.0535669017701632,0.006347770103580711,0.9985440865827898,0.5796245527344464,0.0,0.0,0.0,1.0,-0.04702822331018497,-0.030600966194861228,0.9984247227909714,712.2664599412165,-0.04453013037989729,0.9986011767768159,0.028508897353413932,-556.5848545248749,-0.9979005029062952,-0.04311926028933142,-0.04832510415368177,202.58383298648175,0.0,0.0,0.0,1.0
2026-07-15T11:32:26.462,73,random,15,3,46.892316008971804,28.46151777657339,9.052414632596356,-11.898206381205114,8.079231131635382,6.11288484263881,310.354034,-484.0383,61.876236,170.98120578624759,8.367876710547135,-173.99032283049513,709.595203304718,-558.9809120948581,201.64876883737367,-146.58851774725633,85.83471973791418,-144.69676435341182,0.13958538599673898,0.3118211298356426,16,16,10,-0.9839168140244704,-0.12608949526694108,0.12652723921457995,310.354034,-0.10358184512847812,0.9798207258320781,0.17094486418047058,-484.0383,-0.14552836300775004,0.15508960124143592,-0.9771226694469108,61.876236,0.0,0.0,0.0,1.0,-0.18833410486954055,0.9765722688970476,-0.1041002812880915,-0.09659317572369744,-0.9598661632837693,-0.20546168024917752,-0.19089904801250238,-0.0031289178856307507,-0.20781533515571923,0.06396953626887943,0.9760741185502565,0.5853982731874392,0.0,0.0,0.0,1.0,-0.059276834591504686,-0.03419830299030458,0.9976556184141873,709.595203304718,-0.0419753642796569,0.9986144509614152,0.03173715684524581,-558.9809120948581,-0.9973586745370998,-0.039995679811861466,-0.06063018985609054,201.64876883737367,0.0,0.0,0.0,1.0
2026-07-15T11:32:29.531,74,random,15,4,46.892316008971804,28.46151777657339,9.052414632596356,-5.365408164902503,9.085574010104185,1.015384651898536,310.353973,-484.038666,61.876255,177.5134976085341,9.374219781914912,-179.087584559097,710.4787619566089,-558.1738667217664,201.76971912983637,-150.44162504416946,85.2620169717141,-148.4037085460203,0.11431031702387688,0.20976239790075416,16,16,10,-0.9865204488579931,-0.022974571279802986,0.16201719988795388,310.353973,-0.01571132453207587,0.9988192678953082,0.045969820127215164,-484.038666,-0.1628820378877663,0.04280466277860366,-0.9857165934374538,61.876255,0.0,0.0,0.0,1.0,-0.08426718257516821,0.9964111930449753,0.007986007483914133,-0.07175226983787777,-0.968960168003422,-0.08007105072932792,-0.2338906147280853,-0.02552380716400677,-0.2324117784528648,-0.027447426287200035,0.9722301188641429,0.5963526567275401,0.0,0.0,0.0,1.0,-0.07035475638370733,-0.036996679848198634,0.9968357206352506,710.4787619566089,-0.04327625785012609,0.9984843147373287,0.03400351055431651,-558.1738667217664,-0.9965828484178717,-0.040747010979187696,-0.07184919857300685,201.76971912983637,0.0,0.0,0.0,1.0
2026-07-15T11:32:35.269,75,random,15,5,46.892316008971804,28.46151777657339,9.052414632596356,4.837772129745996,-10.659017529160941,-4.119846937168843,310.337097,-484.058502,61.81805,-172.22148752536725,-10.298801775917521,175.8067709283984,709.6575217465553,-558.7432610705032,199.1343152756279,-122.49100296058134,87.61236302611817,-120.17472117131004,0.30111526226511703,0.8555257848066888,24,24,10,-0.9812550299122719,0.048315283868108086,-0.18655883687622662,310.337097,0.0719422808970512,0.9899157184686398,-0.12202941673238743,-484.058502,0.17878163913331865,-0.13316344721229256,-0.9748356896602334,61.81805,0.0,0.0,0.0,1.0,0.09638431777623177,0.9911890312298891,0.09085355059855643,-0.06742384450039168,-0.9822908007606863,0.07998888130426154,0.1694301083297236,0.09724381255500011,0.16066999106161525,-0.10557501237152088,0.9813455409462121,0.5526585402593983,0.0,0.0,0.0,1.0,-0.020939956705168863,-0.04078379985262476,0.9989485471648513,709.6575217465553,-0.03601498792652939,0.9985499057145476,0.04001257854875789,-558.7432610705032,-0.999131842580266,-0.0351392582028933,-0.02237841985290344,199.1343152756279,0.0,0.0,0.0,1.0
2026-07-15T11:32:51.647,76,random,16,1,-86.76790539014685,51.14790337659997,-26.52349470671665,4.453564870592263,-2.7680176279536255,2.5594308638652343,176.693649,-461.352692,26.300014,-172.6675351688766,-2.479188379531072,-177.54392166745555,710.0842533896262,-556.5586012191302,200.4012380723873,-123.57461968543869,87.13196922996576,-122.29246355314548,0.2408917986167846,0.4870472182329315,24,24,10,-0.9981462251322997,-0.048018691639207495,-0.03739409722669122,176.693649,-0.042813415608261254,0.9906745836368974,-0.12934790597382723,-461.352692,0.04325649891166441,-0.12750715505068122,-0.9908939401937963,26.300014,0.0,0.0,0.0,1.0,0.0867287060795542,0.9959693452461663,-0.022873453427250924,-0.13662994520318167,-0.9961233612840762,0.08703540661252879,0.012770555974792304,0.07814682304017145,0.014709882592316884,0.021677207516517714,0.9996568001211245,0.7007947187231736,0.0,0.0,0.0,1.0,-0.026731119033476657,-0.022933511560423937,0.9993795581873413,710.0842533896262,-0.042296765772002615,0.9988674393024016,0.021790417772291765,-556.5586012191302,-0.9987474309756428,-0.04168804083871672,-0.027670857785457213,200.4012380723873,0.0,0.0,0.0,1.0
2026-07-15T11:32:57.385,77,random,16,2,-86.76790539014685,51.14790337659997,-26.52349470671665,-11.030779243868016,2.2234208025671265,-13.325397367358953,176.693665,-461.351837,26.300821,171.8485492965166,2.512018861192068,166.57166529914124,707.3848398823186,-558.8924274615123,198.30536007157338,-128.5622032473193,87.22605836668038,-126.29896228556534,0.4366003540327787,0.9080077531065132,24,24,10,-0.9717264729801893,0.22383805564881276,0.07512780146417491,176.693665,0.23200578521571813,0.9642772858852066,0.12783830236786514,-461.351837,-0.04382895545092929,0.14165394724192706,-0.9889454898501038,26.300821,0.0,0.0,0.0,1.0,-0.18551144162807903,0.9484916363109323,0.25680560911569283,0.05459782680479132,-0.9806480947311917,-0.1620602412233146,-0.10984440138088233,0.04070287541978888,-0.06256851704455844,-0.2722133245505282,0.9602005449967179,0.7258554241708617,0.0,0.0,0.0,1.0,-0.028650069414760643,-0.04003314046483483,0.9987875255463761,707.3848398823186,-0.03900382385635299,0.998481512974566,0.03890205614880006,-558.8924274615123,-0.9988282511258438,-0.03784198610729325,-0.030168010215183665,198.30536007157338,0.0,0.0,0.0,1.0
2026-07-15T11:33:02.320,78,random,16,3,-86.76790539014685,51.14790337659997,-26.52349470671665,-12.586910761409802,-13.30409489025332,-3.896182312387001,176.684555,-461.355804,26.270702,170.31926764553293,-12.998922681251038,176.00730615669417,706.4736069960663,-560.3554425508173,197.24331967911257,-109.10036420485089,87.84539609984587,-107.48165709518466,0.19381104236144325,0.46517701781506543,24,24,10,-0.9720094267592896,0.10637016465118704,-0.20948284503308742,176.684555,0.06784496819983453,0.9807338996977384,0.18318864122436637,-461.355804,0.22493273345833997,0.16384872918562887,-0.9604992760867723,26.270702,0.0,0.0,0.0,1.0,-0.20010297387658332,0.9708705752883992,0.1317919795925403,-0.007224906761129296,-0.9556170173919364,-0.22308129698992504,0.19243401727405957,0.1913364026587941,0.21622885079629756,-0.08743603932284509,0.9724196743746223,0.6632192418222285,0.0,0.0,0.0,1.0,-0.011293876532411729,-0.028448696279002452,0.9995314502470127,706.4736069960663,-0.03585962647034759,0.9989637403899102,0.028027354060056492,-560.3554425508173,-0.9992930178592654,-0.03552628697493842,-0.012302332766453048,197.24331967911257,0.0,0.0,0.0,1.0
2026-07-15T11:33:06.490,79,random,16,4,-86.76790539014685,51.14790337659997,-26.52349470671665,-12.953569270406083,1.6601648292302222,-3.2915025261773447,176.695816,-461.344757,26.33674,169.90553482166897,1.9361962770855907,176.59985910841849,712.7764604650241,-559.5157725074788,199.07751881381716,-142.2955546757234,86.48030809697177,-140.2540551779433,0.2401742299484729,0.6175803240893063,24,24,10,-0.9976697580122187,0.05247933211861192,0.04360015651606615,176.695816,0.059274967134139954,0.9831382641606309,0.17299026508583662,-461.344757,-0.03378656861961076,0.17517155375118934,-0.9839580247842418,26.33674,0.0,0.0,0.0,1.0,-0.2159092911398577,0.9732959978727915,0.0779620325818304,-0.03262325697266263,-0.97325361707556,-0.20810507608942413,-0.09731225079687664,0.06157910551381092,-0.07848932952206557,-0.09688744929360668,0.9921956698759349,0.7264868487329837,0.0,0.0,0.0,1.0,-0.047203195753721144,-0.03651034027980494,0.9982178386320737,712.7764604650241,-0.0392528320659405,0.9986276905141523,0.03466916372185431,-559.5157725074788,-0.9981137577878781,-0.037546381863270535,-0.04857155261609941,199.07751881381716,0.0,0.0,0.0,1.0
2026-07-15T11:33:12.328,80,random,16,5,-86.76790539014685,51.14790337659997,-26.52349470671665,8.476657109552328,-7.873148842585202,-2.8506112768896443,176.693741,-461.352173,26.300377,-168.64445471458603,-7.584299629926219,177.0461932308254,709.5770831066981,-556.8116668006185,199.74541785667498,-112.61952595530224,87.41596954578154,-111.23007074566323,0.20360651327544854,0.45830844538144405,24,24,10,-0.989934771940064,0.024569225427371055,-0.13937539404741564,176.693741,0.05108001546349365,0.9804608014250227,-0.18996696788981893,-461.352173,0.13198476928881836,-0.1951742043173259,-0.9718472362696083,26.300377,0.0,0.0,0.0,1.0,0.15337092858734352,0.9868330796811318,0.051359820008542764,-0.10885375867865829,-0.9811177749328425,0.14587294541113963,0.12699998231459314,0.12269875879505349,0.11783577544652704,-0.0698681375458982,0.9905721444603536,0.6895037184567683,0.0,0.0,0.0,1.0,-0.016325740076682877,-0.024588075165968414,0.9995643534913504,709.5770831066981,-0.04202483852071262,0.9988310588600467,0.023883651392243133,-556.8116668006185,-0.9989831746121938,-0.041616612261822894,-0.017339966135851988,199.74541785667498,0.0,0.0,0.0,1.0
2026-07-15T11:33:31.277,81,random,17,1,-83.3393478215383,0.1359100448227462,3.1698128136529986,10.520522418055599,1.5956978112837454,-0.05624961224652658,180.122406,-512.364075,55.993557,-166.60059966779534,1.8843435966262514,179.84056569345793,713.7031296182402,-555.9265599703677,200.61907129453627,-140.18897069477066,86.1553757206571,-137.72116911500953,0.24737407351619184,0.5376499080235208,24,24,10,-0.9994553689877992,0.010326888418473401,0.03134199701765398,180.122406,0.002781145248640995,0.9727533336451618,-0.2318258335762656,-512.364075,-0.03288207159788131,-0.23161240739178207,-0.9722522625890953,55.993557,0.0,0.0,0.0,1.0,0.1867000581340783,0.9803956992273167,0.06298699254062344,-0.06486238741777081,-0.978966552891814,0.19103034379550465,-0.07163725335669238,0.01179008866174467,-0.08226528193503921,-0.048287479598256466,0.9954399744345191,0.7181668591226527,0.0,0.0,0.0,1.0,-0.049609680262078334,-0.044124016213014816,0.9977935411784984,713.7031296182402,-0.04510784152777614,0.9981032478979588,0.041894977840439225,-555.9265599703677,-0.9977495488633408,-0.04292991647766727,-0.051505922127665194,200.61907129453627,0.0,0.0,0.0,1.0
2026-07-15T11:33:36.945,82,random,17,2,-83.3393478215383,0.1359100448227462,3.1698128136529986,-3.744936601183257,13.95124186547421,-14.47706577234291,180.122482,-512.363892,55.99379,179.13422332362066,14.239949265504402,165.41979094781024,700.5937431319811,-557.1825766810148,198.37664557288753,-151.64065985827463,84.27458277224288,-152.36002748439859,0.24959657544766597,0.5731466715630824,12,12,10,-0.9380597485694483,0.24810921029469787,0.24183822667387556,180.122482,0.24400028653901473,0.9686213502149671,-0.04729207202706227,-512.363892,-0.245983268298277,0.01464580740947856,-0.9691634186465264,55.99379,0.0,0.0,0.0,1.0,-0.08132814640095257,0.9693803956211156,0.23170537582981163,0.09330669059108987,-0.9451445688348542,-0.0012175622769550615,-0.3266500597643891,-0.0919971602272921,-0.31636604843908656,-0.24556092141778335,0.9163036381393924,0.7141927124230194,0.0,0.0,0.0,1.0,-0.08837643155548557,0.010455841330992552,0.9960322694208156,700.5937431319811,-0.04628061753234296,0.9988219018242683,-0.014591534428436458,-557.1825766810148,-0.9950114123900005,-0.04738653625464052,-0.0877884126490741,198.37664557288753,0.0,0.0,0.0,1.0
2026-07-15T11:33:40.881,83,random,17,3,-83.3393478215383,0.1359100448227462,3.1698128136529986,1.2618795806403398,1.7506824602122357,-11.042528602310732,180.122421,-512.364075,55.993668,-175.8589673835348,2.0393859759886523,168.85427185916294,707.8087100627542,-557.6136478386352,199.05043672709422,-125.12128667249439,87.28223142288705,-121.52402449326641,0.4123825721195543,0.9107434014958836,24,24,10,-0.9805172456227402,0.1953217175282976,0.020865227010282136,180.122421,0.19318264194700638,0.9780805150278182,-0.07771082918932666,-512.364075,-0.035586484608196536,-0.07216600851310748,-0.9967575780140909,55.993668,0.0,0.0,0.0,1.0,0.02770981809754659,0.9658362466001407,0.25766744213104104,0.053987030799252676,-0.9982601173226389,0.04015826870913509,-0.0431746640667462,0.02606624227767932,-0.052047133869142004,-0.25602276892424497,0.9652685831665561,0.711237826231043,0.0,0.0,0.0,1.0,-0.024791859117471702,-0.0632238570582402,0.99769138896764,707.8087100627542,-0.0404185854809908,0.9972455007667687,0.062191230476272605,-557.6136478386352,-0.9988752182676351,-0.0387834384643275,-0.027278988831488715,199.05043672709422,0.0,0.0,0.0,1.0
2026-07-15T11:33:47.622,84,random,17,4,-83.3393478215383,0.1359100448227462,3.1698128136529986,13.544205866395185,-0.29227733222205465,14.573853801427024,180.122284,-512.363708,55.993324,-163.5766430166539,-0.003552338329811104,-165.52934047823925,704.5608142476061,-555.3225632116805,202.19575964263186,-118.31112211345706,87.14565473210241,-117.20482341513976,0.3779805502319502,0.8998945142672515,24,24,10,-0.9682757281536768,-0.23970559196020425,0.07059280028072935,180.122284,-0.2498841940268869,0.92876453465327,-0.2737778821340902,-512.363708,6.199999996027867e-05,-0.28273250317800874,-0.9591987947254195,55.993324,0.0,0.0,0.0,1.0,0.2467052950343242,0.9448321426258361,-0.21547324581742752,-0.20144569010961808,-0.9685268605188203,0.23280720524228285,-0.08807113965899857,-0.010545568769714395,-0.03304871942427207,0.23041924279093545,0.9725300790700862,0.6770572962854522,0.0,0.0,0.0,1.0,-0.022765888419875962,-0.0198067005007255,0.999544600775638,704.5608142476061,-0.044288456740724895,0.9988421756412242,0.01878405600050368,-555.3225632116805,-0.9987593538605676,-0.043840652088896634,-0.02361673771801713,202.19575964263186,0.0,0.0,0.0,1.0
2026-07-15T11:33:52.256,85,random,17,5,-83.3393478215383,0.1359100448227462,3.1698128136529986,2.5493367572228927,12.420397873175805,11.566825583373369,180.120041,-512.367371,56.013508,-174.56454113277525,12.705109923907953,-168.53501977571605,703.2043956905911,-557.3014391629985,201.4749083844833,-117.95625359426126,87.2957835861136,-116.15654397899368,0.21856807656298702,0.5126343705280535,16,16,10,-0.9560498761964531,-0.17745784768077463,0.23340382713497593,180.120041,-0.1939020858398336,0.979780593732762,-0.04931500027008207,-512.367371,-0.21993320652350004,-0.09240508882731178,-0.9711285621518441,56.013508,0.0,0.0,0.0,1.0,0.054500835467915024,0.9879332822912089,-0.14497409656424154,-0.14479232534592368,-0.9672811706249411,0.016207416735558956,-0.25318857912078674,-0.08504409327883054,-0.2477837684105682,0.1540297029279701,0.9564925795468461,0.7033737152121244,0.0,0.0,0.0,1.0,-0.020798114931893343,-0.03183930860678977,0.9992765867580017,703.2043956905911,-0.04234839978899218,0.9986238073313518,0.03093710500915002,-557.3014391629985,-0.9988864056791394,-0.04167433093016698,-0.022117836488487853,201.4749083844833,0.0,0.0,0.0,1.0
2026-07-15T11:34:10.672,86,random,18,1,-76.52274098131731,57.43538811025761,29.750159155349582,-7.853864480845326,0.057892450614552615,-0.7708846511029108,186.93898,-455.064545,82.574112,175.02525649583995,0.34658217027463495,179.12597273137078,712.6066832026927,-559.0730438148446,199.47528907923532,-144.15473778506225,86.33571146090625,-142.2593807491339,0.22776861049944414,0.5364831573737535,24,24,10,-0.9998653570121423,0.014672115717963638,0.007348256074741745,186.93898,0.015253782883761407,0.9961251101068114,0.08661458954718927,-455.064545,-0.006048963110844881,0.08671501620279895,-0.9962147941133137,82.574112,0.0,0.0,0.0,1.0,-0.12624640600501857,0.9911056614392769,0.042088155505187526,-0.08025573249884327,-0.9904185484372524,-0.12353783997440859,-0.0617211552541126,0.01960459459650666,-0.05597270658330562,-0.04947696390715871,0.9972056388530247,0.7078905796992674,0.0,0.0,0.0,1.0,-0.050539623013644216,-0.03402089754448989,0.9981424372482649,712.6066832026927,-0.03911872351588468,0.9987201262968012,0.03205986275998453,-559.0730438148446,-0.9979556462970313,-0.037425764654427394,-0.0518057927639847,199.47528907923532,0.0,0.0,0.0,1.0
2026-07-15T11:34:15.340,87,random,18,2,-76.52274098131731,57.43538811025761,29.750159155349582,-12.975097363808189,-8.206366656413643,-14.77467946099471,186.924484,-455.074341,82.518196,169.92730721788394,-7.870090978137475,165.13027537393063,703.0865356785577,-560.572548211951,196.94909504098555,-102.01687729682122,88.02380270639992,-99.44593998300925,0.40138405942927946,0.9635736203021221,24,24,10,-0.9574083131568032,0.2758129992686892,-0.08541961913199331,186.924484,0.2542050150881997,0.9454689718434202,0.20363750535044914,-455.074341,0.13692747059028337,0.17325014492275637,-0.9753129011153246,82.518196,0.0,0.0,0.0,1.0,-0.2068698222088517,0.925732999883919,0.31658062098807893,0.06794409192062759,-0.968289169240812,-0.24005140992596738,0.06921997777732564,0.07517968972125545,0.1400748421031286,-0.2922220619981914,0.9460366298887739,0.6853272790061602,0.0,0.0,0.0,1.0,-0.005659459874126402,-0.04495173623288069,0.9989731287294885,703.0865356785577,-0.03401673457747924,0.9984196115543109,0.04473411486129721,-560.572548211951,-0.9994052392711472,-0.03372863284196302,-0.007179627009363058,196.94909504098555,0.0,0.0,0.0,1.0
2026-07-15T11:34:20.781,88,random,18,3,-76.52274098131731,57.43538811025761,29.750159155349582,2.025072184415187,0.8620472790885962,-3.330657200602845,186.940216,-455.057404,82.584839,-175.10971047484222,1.14431130843528,176.56198659816033,713.1744948698483,-557.9693439142096,199.8809758311426,-143.68952355186386,86.21952568702937,-141.57295713431492,0.23746750017228696,0.5427891483083472,24,24,10,-0.9980011860425759,0.061449748423673865,0.014749951738189633,186.940216,0.05995669192078945,0.9944644763862206,-0.0862878919651858,-455.057404,-0.019970672285310596,-0.08523106021015593,-0.9961610505455056,82.584839,0.0,0.0,0.0,1.0,0.04111934482504853,0.9939857707831792,0.10149624112117456,-0.07450257849288311,-0.9967675226176835,0.04782602003797646,-0.0645536804677458,-0.0017961416789158652,-0.06901960109826387,-0.09851375177048063,0.9927393088703298,0.7136951766337629,0.0,0.0,0.0,1.0,-0.0516525975086017,-0.03794209704449561,0.9979440898379429,713.1744948698483,-0.04097905362570982,0.9985169041922738,0.03584284037598708,-557.9693439142096,-0.9978239956698548,-0.03904342856542305,-0.053130822987236925,199.8809758311426,0.0,0.0,0.0,1.0
2026-07-15T11:34:24.212,89,random,18,4,-76.52274098131731,57.43538811025761,29.750159155349582,-8.359568554356493,0.1805036054692195,-4.564076339813944,186.93898,-455.064453,82.574074,174.51990772053455,0.4692524342121442,175.33276294448666,712.6548334863154,-559.7034903098125,199.11378498669714,-144.1970270973144,86.50223997014072,-141.62556902174995,0.24153892448437655,0.5607371146455339,24,24,10,-0.9966506514026189,0.0802171549385112,0.015896135137399587,186.93898,0.08136586789592161,0.9921923153258563,0.0945198653715722,-455.064453,-0.00818990844143057,0.09549668822471062,-0.9953960558179008,82.574074,0.0,0.0,0.0,1.0,-0.13673442798679494,0.9834461584047993,0.11890058755938157,-0.04502146218325355,-0.9892016088910127,-0.1291602136583189,-0.06926627011157371,0.015536786130559185,-0.05276242195498691,-0.12708773633431186,0.9904871700849357,0.7134235434790985,0.0,0.0,0.0,1.0,-0.047829666553198424,-0.0457196741297466,0.9978086161157758,712.6548334863154,-0.03787458553659519,0.9983165308780937,0.0439274395561483,-559.7034903098125,-0.9981371843428343,-0.03569055299372215,-0.04948076049497765,199.11378498669714,0.0,0.0,0.0,1.0
2026-07-15T11:34:29.749,90,random,18,5,-76.52274098131731,57.43538811025761,29.750159155349582,8.423836947641178,-0.29100669398540013,9.710800778258914,186.939011,-455.064514,82.573906,-168.6969949443995,-0.002291831180523293,-170.39237706019165,705.3907582172093,-556.5359542567284,202.0456399018285,-129.14677593554447,86.70772222677961,-129.055514690044,0.30260152157566833,0.5236691848509456,22,22,10,-0.985973839740858,-0.16367052987523686,0.03267330710271478,186.939011,-0.16689992734171313,0.966848958298927,-0.19325502862696878,-455.064514,3.999999998933334e-05,-0.1959975752060184,-0.9806043794075984,82.573906,0.0,0.0,0.0,1.0,0.1584788359861839,0.9750088446177538,-0.15569910552606364,-0.20087899864150965,-0.9864220901722957,0.1494665904364318,-0.06805290855964206,-0.0213948937668483,-0.043080373310631324,0.16436998284498275,0.9854575537155094,0.6742395050486467,0.0,0.0,0.0,1.0,-0.03618476426532119,-0.002399278918749001,0.9993422368216669,705.3907582172093,-0.04459604296425113,0.9990047941584702,0.000783709335669397,-556.5359542567284,-0.9983495659271826,-0.044538350991726275,-0.03625575132229368,202.0456399018285,0.0,0.0,0.0,1.0
2026-07-15T11:34:47.564,91,random,19,1,7.18500377297687,-45.44763710604478,11.323231638877246,-9.805792890999573,-13.51202513693671,11.05012888034349,270.64624,-557.947266,64.146706,173.07336117516778,-13.223235658044755,-169.0530309182938,711.4297703474143,-559.4529007128745,199.2705038643793,-123.7378703112743,87.63458251751067,-120.82536764981067,0.1996348927178378,0.4670054312676795,24,24,10,-0.9557720481286986,-0.16142996194446368,-0.24584580411811324,270.64624,-0.1848653781978321,0.9798762177664041,0.07528206824722147,-557.947266,0.22874567528074755,0.11740087411265647,-0.9663811105345235,64.146706,0.0,0.0,0.0,1.0,-0.14861566724752118,0.982245878166147,-0.11448326635010873,-0.05126735219481828,-0.9680889227297,-0.12088782648387322,0.21952214260993025,0.13705921459531228,0.20178508650696597,0.1434544116910343,0.9688671790445559,0.5701012534619365,0.0,0.0,0.0,1.0,-0.021149032745613295,-0.051173962767448795,0.9984657950819352,711.4297703474143,-0.035442145241222744,0.9980998156891122,0.05040448652711252,-559.4529007128745,-0.9991479233600127,-0.03432176359159873,-0.022922560706372472,199.2705038643793,0.0,0.0,0.0,1.0
2026-07-15T11:34:52.105,92,random,19,2,7.18500377297687,-45.44763710604478,11.323231638877246,6.413016508539375,-9.7515198949664,9.917710641202532,270.64682,-557.947693,64.147118,-170.70813410108823,-9.462913648601164,-170.18542470459036,710.4827011623256,-557.0712167291032,200.75468643361938,-120.03947208494692,87.53273721070966,-117.11570235350247,0.22877972456922033,0.5797668617660914,24,24,10,-0.971955949937198,-0.19438110277795195,-0.13235413958205608,270.64682,-0.168140585190875,0.9679101976426281,-0.1867581133741689,-557.947693,0.1644091694320886,-0.1592665570113076,-0.9734494279747741,64.147118,0.0,0.0,0.0,1.0,0.12584546387870457,0.9818800990131679,-0.14168412184519896,-0.10090445038716146,-0.982299959445015,0.14330531152852088,0.12062494502396828,0.08935834801205667,0.13874332018326307,0.12399620498065722,0.9825351048460912,0.5851889360603787,0.0,0.0,0.0,1.0,-0.019621050426015033,-0.05137303603642601,0.9984867678385023,710.4827011623256,-0.03831699633126978,0.9979839847816578,0.05059420827992988,-557.0712167291032,-0.9990729814044262,-0.03726630230816443,-0.021549954523090102,200.75468643361938,0.0,0.0,0.0,1.0
2026-07-15T11:34:56.304,93,random,19,3,7.18500377297687,-45.44763710604478,11.323231638877246,-0.4470863915622907,-10.475763164836497,-1.9676986364375573,270.640594,-557.962646,64.126007,-177.56729834549685,-10.176876357113683,177.93336108080595,709.3181065004768,-559.3287226671644,199.5716773358519,-118.73727801974157,87.73678132383067,-114.98220114220936,0.3185235480557277,0.686078073831685,24,24,10,-0.9836267902648774,0.028534550391163056,-0.17794413985065408,270.640594,0.03549447192665857,0.9987193650384749,-0.03605235581474898,-557.962646,0.17668752060024673,-0.04177809630799127,-0.9833799422059704,64.126007,0.0,0.0,0.0,1.0,0.00551985176783107,0.9955256663640987,0.09433015873397786,0.010994476104498814,-0.986871166022075,-0.009803601098516579,0.1612116344428366,0.10920539781856572,0.1614150950521381,-0.09398157806622244,0.9824014607447873,0.5876118820844565,0.0,0.0,0.0,1.0,-0.01667822244635445,-0.06578041404965823,0.9976947298765723,709.3181065004768,-0.03579559112793629,0.9972331449598822,0.06515159437207323,-559.3287226671644,-0.9992199520385046,-0.03462645983748672,-0.01898672502806618,199.5716773358519,0.0,0.0,0.0,1.0
2026-07-15T11:35:00.639,94,random,19,4,7.18500377297687,-45.44763710604478,11.323231638877246,-1.6661287814762158,3.6908918519635847,-8.050485847606282,270.648743,-557.936279,64.178665,-178.82534177626562,3.960628054621329,171.83330861916613,705.8378250187425,-557.9866543618542,200.23600528466486,-106.2352801767718,87.72814099143348,-101.66836892238776,0.4269957548603197,0.998314058619094,20,20,10,-0.9874949488666792,0.14342526568126762,0.0654440152118771,270.648743,0.14171424870902002,0.9894498164234052,-0.030102034690824984,-557.936279,-0.06907096116048064,-0.020451257759546378,-0.9974020996470881,64.178665,0.0,0.0,0.0,1.0,-0.019126951528877313,0.9749135645358198,0.22176045952620493,0.06508472208134615,-0.9972620611483372,-0.002756268724895919,-0.07389712022051964,0.005221839567755638,-0.07143207346410817,-0.22256671958488689,0.9722970298287663,0.619151770468394,0.0,0.0,0.0,1.0,-0.008017266337562558,-0.07977589307372077,0.9967805828389533,705.8378250187425,-0.038821833214824096,0.9960859536154839,0.07940804918754817,-557.9866543618542,-0.9992139854437149,-0.0380602140590662,-0.011082932800712146,200.23600528466486,0.0,0.0,0.0,1.0
2026-07-15T11:35:04.813,95,random,19,5,7.18500377297687,-45.44763710604478,11.323231638877246,3.127213090969331,11.795212319307332,4.163435503022576,270.647339,-557.947266,64.146965,-173.9936459857069,12.083966378206627,-175.93969713686874,707.425501290577,-556.3186349466368,202.05141545851575,-146.43013515750363,85.1533850725043,-144.29226469247496,0.1472898582304507,0.2810174463587026,14,14,10,-0.9753875534069409,-0.04856703727749909,0.2150822250882395,270.647339,-0.06923741736940325,0.9935652113145003,-0.08963454078416083,-557.947266,-0.20934493233617374,-0.10232015322339166,-0.9724737968446782,64.146965,0.0,0.0,0.0,1.0,0.056291748811107836,0.998397070156318,-0.0058761653369487875,-0.028205274634379038,-0.958660972694345,0.05240523841508136,-0.27968344680976515,-0.0616887728796629,-0.2789271920206408,0.02137712071207231,0.9600742889284881,0.6350103431562635,0.0,0.0,0.0,1.0,-0.06860509975424957,-0.03890964553839036,0.9968848377680272,707.425501290577,-0.04931181116199223,0.9981500120945583,0.035565413473725944,-556.3186349466368,-0.9964244505067272,-0.046718228131103906,-0.07039688624262182,202.05141545851575,0.0,0.0,0.0,1.0
2026-07-15T11:35:20.754,96,random,20,1,51.13086848738571,-16.339365763669207,42.983599817169875,-8.487844538738393,8.224596900451004,14.102040141163581,314.592163,-528.838745,95.806786,174.3913359913072,8.51335069473085,-166.00111392674998,704.0018776306136,-559.3729956146021,202.35076881259783,-132.7643091371544,86.8638099104093,-131.3240232693625,0.187130884768449,0.3225841084450143,12,12,10,-0.9596090722146301,-0.25478368413292435,0.11931346455044846,314.592163,-0.23923759739374453,0.9621552858025106,0.13047060203569855,-528.838745,-0.14803986124232035,0.09665650677498791,-0.9842467775824371,95.806786,0.0,0.0,0.0,1.0,-0.12683879066722423,0.9637635904285045,-0.23467352417013915,-0.11279576316103654,-0.9731018783852463,-0.166768488801654,-0.1589371115438966,-0.03961242836768614,-0.19231395026149395,0.2082018561568784,0.9589928736062903,0.5621489106445723,0.0,0.0,0.0,1.0,-0.03612560053650944,-0.025861122005715147,0.9990125841822424,704.0018776306136,-0.041086152376135436,0.9988583297692164,0.02437139991003658,-559.3729956146021,-0.9985023130012272,-0.04016515180172327,-0.03714689101315237,202.35076881259783,0.0,0.0,0.0,1.0
2026-07-15T11:35:24.592,97,random,20,2,51.13086848738571,-16.339365763669207,42.983599817169875,0.4618301479840845,1.3886235017847,8.393182483256972,314.592957,-528.842285,95.806465,-176.6600196769072,1.6780214945996421,-171.70983621431543,710.109645641529,-558.0047955249114,201.79351621473043,-135.18045943250698,86.79727035416094,-132.65666201616125,0.20990241474029486,0.39245946290866457,16,16,10,-0.9891262042809897,-0.1422532002368703,0.03732799253979025,314.592957,-0.14412449077200376,0.9881156991610752,-0.05343684338665779,-528.842285,-0.029282813464425732,-0.05823565998414095,-0.9978733009464775,95.806465,0.0,0.0,0.0,1.0,0.022930648281243353,0.9950207149239922,-0.09699465058213197,-0.08575167506022516,-0.9970971912612537,0.01571627856808596,-0.07449959574984086,-0.012560547857429064,-0.07260424607639215,0.09842141769004499,0.9924927445536116,0.5701164880371108,0.0,0.0,0.0,1.0,-0.037857083920891474,-0.044780334829351245,0.998279301002269,710.109645641529,-0.04108764288571173,0.9982203544289738,0.04321955119839665,-558.0047955249114,-0.9984381036394313,-0.03938077724303814,-0.03962963013493001,201.79351621473043,0.0,0.0,0.0,1.0
2026-07-15T11:35:29.728,98,random,20,3,51.13086848738571,-16.339365763669207,42.983599817169875,-11.488350370005286,6.259503936309585,-7.378720782796405,314.592499,-528.839355,95.807625,171.3908133139866,6.548220048991152,172.5181077759065,707.8264230762004,-559.2888878047285,200.45269664122986,-123.52820406735744,87.33334154631474,-118.86080531613392,0.3138316126907142,0.652177337647661,11,11,10,-0.9850178384954238,0.11182000897511356,0.1312864937402496,314.592499,0.1293633707667511,0.9825372500455948,0.13373731931179303,-528.839355,-0.11403936228192071,0.14871730856106133,-0.9822821315613386,95.807625,0.0,0.0,0.0,1.0,-0.19110235974622913,0.9635866972199233,0.18703092001116245,0.03511615410105179,-0.9728208162427948,-0.16054478716706483,-0.16686830375533904,-0.04676308019094652,-0.1307652384394457,-0.21383649888239584,0.9680776849827673,0.5832151413544167,0.0,0.0,0.0,1.0,-0.022456926097906196,-0.08180713059369649,0.9963951424280726,707.8264230762004,-0.04074650686361757,0.9958932634205736,0.08084757295016679,-559.2888878047285,-0.9989171180076182,-0.0387840335388836,-0.02569805622626746,200.45269664122986,0.0,0.0,0.0,1.0
2026-07-15T11:35:32.327,99,random,20,4,51.13086848738571,-16.339365763669207,42.983599817169875,-6.179043294175276,2.621222232291366,-7.230255753688914,314.591858,-528.842102,95.785934,176.70213207484932,2.9195064450891097,172.66896756336445,709.0030724724786,-559.2740063715602,200.3161973263706,-125.74112247601812,87.44630191392696,-120.88244062055074,0.28175948207649204,0.6754466504097758,14,14,10,-0.99053816137577,0.12448444180013504,0.05777347668279875,314.591858,0.12743620040630196,0.9905568470130567,0.05056824756264344,-528.842102,-0.05093295283324877,0.05745221131741355,-0.9970481822512016,95.785934,0.0,0.0,0.0,1.0,-0.09811963419426385,0.9736393128676823,0.2059102372980293,0.030459023408115654,-0.992803104589036,-0.08149184830219773,-0.0877557643614533,-0.019025909988899248,-0.06866245629130314,-0.2130388863537325,0.9746280829101973,0.579881520445442,0.0,0.0,0.0,1.0,-0.02286946408905267,-0.0851121330156422,0.9961088858281546,709.0030724724786,-0.03823867976339752,0.9957148540571629,0.08420055094757166,-559.2740063715602,-0.9990069023696639,-0.036164267218483884,-0.02602604069616147,200.3161973263706,0.0,0.0,0.0,1.0
2026-07-15T11:35:36.365,100,random,20,5,51.13086848738571,-16.339365763669207,42.983599817169875,-10.79885235446375,10.421899087938865,2.9569583997484123,314.592468,-528.838745,95.807587,172.08036802042656,10.710529247498531,-177.14628895763474,708.2489367946139,-558.9468551558183,201.50080332917565,-152.09114591160417,84.6196928581016,-150.1152784887262,0.15577480146554262,0.2949655108665187,9,9,10,-0.9813601691270887,-0.07488622032994065,0.17698664485081217,314.592468,-0.04891872361916755,0.9879591838257935,0.14677741506697606,-528.838745,-0.18584718703903869,0.13538354811042386,-0.9732071300451456,95.807587,0.0,0.0,0.0,1.0,-0.1748560272838471,0.9831307021530091,-0.05365996838091512,-0.03941590635469272,-0.947673381183046,-0.1828335077802733,-0.2617003458726294,-0.06439135532559662,-0.26709648503790495,0.00509224085162051,0.9636563374790336,0.5844887154187326,0.0,0.0,0.0,1.0,-0.08129801259484087,-0.03626653092284197,0.9960298047161801,708.2489367946139,-0.04671958791576246,0.9983779416756053,0.0325386797605872,-558.9468551558183,-0.9955942513158214,-0.0438887720311613,-0.08286049985660417,201.50080332917565,0.0,0.0,0.0,1.0
2026-07-15T11:35:54.478,101,random,21,1,78.97749673894036,-23.971901629415377,54.43797769697121,-9.741780424382192,11.416877845376632,7.308922178532818,342.438843,-536.471436,107.261971,173.1374751524429,11.70552775452272,-172.79433072893906,706.1918018176053,-559.1715660524256,201.9747611331083,-142.69420878876238,85.84150207607549,-140.71305986366846,0.13088302249525313,0.19973618245127694,8,8,10,-0.9714697833655587,-0.14858315025814556,0.18484995933740353,342.438843,-0.12282283364785071,0.9819538964158921,0.1438092377017549,-536.471436,-0.20288176739763183,0.1170025331905801,-0.9721879425731428,107.261971,0.0,0.0,0.0,1.0,-0.1534437896738135,0.9805527290979522,-0.12235746347933556,-0.05975640531984672,-0.9526501905137357,-0.17968652418011852,-0.24529648905398327,-0.07389659867285628,-0.2625121291001267,0.07892463802024212,0.9616955254074399,0.5498024120612723,0.0,0.0,0.0,1.0,-0.0561260905512142,-0.03580566579569173,0.997781447139785,706.1918018176053,-0.04591731301981771,0.9983919027328688,0.03324468261967171,-559.1715660524256,-0.9973672655168091,-0.04394954896662644,-0.05767993430260771,201.9747611331083,0.0,0.0,0.0,1.0
2026-07-15T11:36:00.117,102,random,21,2,78.97749673894036,-23.971901629415377,54.43797769697121,-11.510018131303504,-10.606190148585284,10.562668632690023,342.438568,-536.471436,107.261421,171.36915550933065,-10.317365608479761,-169.5405034103911,711.9902009369544,-560.2456385080087,199.57001853683934,-137.18651935662706,87.07425327624622,-134.65066021668844,0.32745735873796883,0.8296650937553033,24,24,10,-0.9674829632424033,-0.15305402333232881,-0.20137323997365061,342.438568,-0.1786050365422786,0.9771266865613768,0.11542824321333263,-536.471436,0.17910040970759908,0.1476411336700308,-0.9726896416078452,107.261421,0.0,0.0,0.0,1.0,-0.1774392257801686,0.9772996535513302,-0.11576142847677574,-0.06066322598449314,-0.974453912506013,-0.1580188259849916,0.15959205192003773,0.06494964074679616,0.13767677202875328,0.14112206702983932,0.9803722092353333,0.5167562089588253,0.0,0.0,0.0,1.0,-0.03587122279168038,-0.04486721135383074,0.998348731015751,711.9902009369544,-0.036311334640446204,0.9983905196690599,0.043564403032446755,-560.2456385080087,-0.9986965216481223,-0.03468866645281473,-0.03744267709000316,199.57001853683934,0.0,0.0,0.0,1.0
2026-07-15T11:36:05.455,103,random,21,3,78.97749673894036,-23.971901629415377,54.43797769697121,7.613328338578079,-10.271178866603773,-0.8838173293536791,342.439209,-536.472046,107.261978,-169.5075010413916,-9.982471777225793,179.01304274995047,711.5830750497855,-559.0892717592203,199.62224046183553,-135.8336586262083,87.26306089661972,-132.66290547917717,0.37073455662671867,0.7697605340619551,24,24,10,-0.9847147183937269,-0.014626182560497646,-0.17355978267579736,342.439209,0.016964032530688657,0.9836766263198722,-0.17914384285331172,-536.472046,0.17334689203750023,-0.1793498525666004,-0.9683927330403084,107.261978,0.0,0.0,0.0,1.0,0.14507828774114584,0.9883796576095171,0.04536455499385914,-0.03871200136301961,-0.9791947842369105,0.13685325352828698,0.14982910772594382,0.04745779942025399,0.14187975524833538,-0.0661576860418791,0.9876706412707916,0.5278747130119927,0.0,0.0,0.0,1.0,-0.032359692236363716,-0.05585044755074341,0.9979146144970266,711.5830750497855,-0.035113448696124636,0.9978846860027258,0.054710137652046256,-559.0892717592203,-0.9988592974183264,-0.033269820402625674,-0.034252343151157306,199.62224046183553,0.0,0.0,0.0,1.0
2026-07-15T11:36:30.338,104,random,21,4,78.97749673894036,-23.971901629415377,54.43797769697121,-4.534084583448079,-14.67648196681943,4.4769707387957745,342.439148,-536.471191,107.261864,178.34514584816648,-14.387428601971076,-175.62628922293217,711.5463282807805,-560.4538326682122,198.93205707361602,-133.10759930369238,87.41172128120013,-130.22736347552103,0.29347263122050826,0.726385912510629,24,24,10,-0.9658168837203616,-0.06907494097619023,-0.24985275593802345,342.439148,-0.07386980186642385,0.9972192172676821,0.009853176353167466,-536.471191,0.24847736213366595,0.027972937657085105,-0.9682337090113771,107.261864,0.0,0.0,0.0,1.0,-0.060312044131373886,0.9979743093151789,-0.020241918871130183,-0.04134772324830767,-0.9741930448858412,-0.05443174207807872,0.21905500850334036,0.079216922472894,0.2175094679059932,0.03293119191945046,0.9755025207399597,0.5119403858681129,0.0,0.0,0.0,1.0,-0.029164449719213604,-0.0507294361235752,0.9982865115702799,711.5463282807805,-0.034478052268926,0.9981681057647589,0.049716159804765694,-560.4538326682122,-0.9989798290177416,-0.03296903008242507,-0.03086007568214104,198.93205707361602,0.0,0.0,0.0,1.0
2026-07-15T11:36:35.108,105,random,21,5,78.97749673894036,-23.971901629415377,54.43797769697121,-11.764358598728395,-14.813474062639358,-10.521700697521439,342.429718,-536.487305,107.242065,171.1030739092719,-14.512333401309595,169.380132523534,702.444019235863,-562.0965406884152,198.39574914422167,-107.12291228177413,88.26241762357374,-104.11752133708823,0.4003902145975696,0.7611105227434715,20,20,10,-0.951511732482128,0.2201663272913658,-0.2148306572067654,342.429718,0.1784120977472597,0.9639034491605076,0.19763416727352343,-536.487305,0.2505884002229189,0.14972284068741146,-0.9564457771615755,107.242065,0.0,0.0,0.0,1.0,-0.17962694441301388,0.9462613736243859,0.2689304252540681,0.07372598439423561,-0.951783199616527,-0.23628046744072415,0.19565347334948724,0.06758692518058709,0.24868233103413184,-0.22081882504098882,0.9430780162526042,0.504284773064027,0.0,0.0,0.0,1.0,-0.007395859285978973,-0.05253709959626786,0.9985915853998739,702.444019235863,-0.029406087553202696,0.9981984450671996,0.052298625988048346,-562.0965406884152,-0.9995401859256259,-0.028977878311502718,-0.008927445789719407,198.39574914422167,0.0,0.0,0.0,1.0
2026-07-15T11:36:52.021,106,random,22,1,12.067595588942078,-21.5220269323747,-44.926709123577865,-11.552896352823259,-1.3718332974372949,7.770508762693861,275.529144,-534.021667,7.896925,171.32624097047534,-1.083062120135795,-172.33264133762265,713.7897032011181,-558.3083449624411,200.55323892430795,-134.97815512998895,86.95817010562251,-131.6343219437806,0.24630108156965158,0.5135549690935439,24,24,10,-0.9908823115824182,-0.12907059714204777,-0.03863968874717396,275.529144,-0.13339776513143628,0.9801050090639184,0.146966688286001,-534.021667,0.01890187427271257,0.15078113993869272,-0.9883864461776917,7.896925,0.0,0.0,0.0,1.0,-0.18489006325556345,0.9796602923955317,-0.07798317775555959,-0.045821108174513146,-0.9825272948188959,-0.18598734800385977,-0.006987225368730318,0.1089224736806427,-0.02134899166743389,0.07532873214114584,0.9969301894660388,0.6073832819903091,0.0,0.0,0.0,1.0,-0.03525501620075916,-0.05898992394103452,0.9976358417308973,713.7897032011181,-0.03966080222903131,0.9975525888749203,0.05758344549863334,-558.3083449624411,-0.9985910597432934,-0.03753693251153205,-0.03750832038882561,200.55323892430795,0.0,0.0,0.0,1.0
2026-07-15T11:36:57.624,107,random,22,2,12.067595588942078,-21.5220269323747,-44.926709123577865,-3.8087067721410435,13.130712047466034,-6.340899595478334,275.530029,-534.022034,7.896896,179.07033852946356,13.419301815538525,173.556135413345,707.1400600769646,-556.9371028564215,201.04970161534055,-153.5171092267499,84.05859093951085,-151.9677660605934,0.2475474869392377,0.5590827862868873,16,16,10,-0.9665525288171996,0.10847331236049687,0.23239997750132974,275.530029,0.10916558636192118,0.993974079194124,-0.00991991151428124,-534.022034,-0.2320755993018965,0.01578196425465856,-0.9725697125722814,7.896896,0.0,0.0,0.0,1.0,-0.07396208314380867,0.9886009871040333,0.13113999601173684,0.0325895159266122,-0.9465940290620792,-0.02821264920886662,-0.32119120562156805,-0.014678908327192739,-0.3138301362218854,-0.14789230785117785,0.9378904578240496,0.644501357048568,0.0,0.0,0.0,1.0,-0.09136779287508079,-0.02915224143074273,0.9953904124737694,707.1400600769646,-0.04864707165768544,0.9985086393683898,0.02477820667074278,-556.9371028564215,-0.9946282666626098,-0.046158898668076626,-0.09264970172365318,201.04970161534055,0.0,0.0,0.0,1.0
2026-07-15T11:37:01.959,108,random,22,3,12.067595588942078,-21.5220269323747,-44.926709123577865,10.668042217117204,12.32785425717567,2.810094968822206,275.529419,-534.021973,7.896731,-166.45306303554915,12.61658794456024,-177.2932526320858,710.5007820820198,-555.1384115777267,202.51334873653735,-144.56444807130947,85.36750723690643,-142.22888307862013,0.1130783559628207,0.22583668750813288,20,20,10,-0.974764825744152,0.0051971436983129565,0.22317375336125872,275.529419,-0.04608379019688767,0.9735099099315322,-0.2239525386017967,-534.021973,-0.2184257740585165,-0.22858574969249307,-0.9487037136347991,7.896731,0.0,0.0,0.0,1.0,0.1793488888834437,0.9820560158860138,0.05830915638529016,-0.05728303900721256,-0.9424355042609535,0.1885115817380286,-0.2761859950450588,-0.019169763747691478,-0.28222206923746596,-0.005418967864502176,0.9593337992704135,0.6455309447869735,0.0,0.0,0.0,1.0,-0.06384117540692422,-0.042249170280345805,0.9970653498809816,710.5007820820198,-0.04946876561213421,0.9980091842808326,0.039121724398583746,-555.1384115777267,-0.9967332369051783,-0.04682601522369173,-0.06580409369329931,202.51334873653735,0.0,0.0,0.0,1.0
2026-07-15T11:37:05.533,109,random,22,4,12.067595588942078,-21.5220269323747,-44.926709123577865,9.544952645719952,11.206333301534581,13.939612404265745,275.529144,-534.020447,7.895967,-167.575773835108,11.495023060591654,-166.1636620532286,709.2840365915804,-554.8462505552843,202.78243873960992,-131.56272017710597,86.64450985072673,-128.4888522083136,0.21796092671578599,0.6043251345144935,19,19,10,-0.9515068478938729,-0.19191754573540457,0.2404212429257558,275.529144,-0.2343524667082883,0.9584973516459864,-0.16236301375427525,-534.020447,-0.19928281350584903,-0.21083283076060344,-0.9569931440269903,7.895967,0.0,0.0,0.0,1.0,0.17355000205130622,0.9758337228659197,-0.1327740264721623,-0.13879511850434784,-0.9540330207218355,0.13313943969879224,-0.26850490678768185,-0.02316021331266923,-0.24433868330733416,0.1732698326724259,0.9540839443808431,0.6266776965764946,0.0,0.0,0.0,1.0,-0.036427416194204934,-0.05442173039185361,0.9978533552634726,709.2840365915804,-0.045813832266488566,0.9975571723857943,0.0527331071976233,-554.8462505552843,-0.9982855984749416,-0.043794555401492206,-0.038831698323836275,202.78243873960992,0.0,0.0,0.0,1.0
2026-07-15T11:37:09.868,110,random,22,5,12.067595588942078,-21.5220269323747,-44.926709123577865,0.845634402139817,7.117317562672433,0.21127844011212638,275.53009,-534.034424,7.877872,-176.27860167268864,7.410292347544989,-179.89150164144505,713.7733096119077,-556.2828106461883,201.70937037912125,-148.55984612260377,85.32646732176873,-145.61928580406942,0.23388472530027427,0.4236240196302906,24,24,10,-0.991646232154157,0.006481365139286784,0.12882446258531363,275.53009,-0.0018778366919175674,0.9979055103739627,-0.06466116372784704,-534.034424,-0.12897373369730025,-0.06436291068008183,-0.989557068462939,7.877872,0.0,0.0,0.0,1.0,0.017799632878834244,0.99800791158734,0.06052587445427443,-0.026336932722201882,-0.9805792737951834,0.02924998395248736,-0.19392969407001828,0.03191227549205102,-0.1953137498300888,-0.05589854065944011,0.9791465121622269,0.6395396307125722,0.0,0.0,0.0,1.0,-0.06724418021791258,-0.05273123700426318,0.9963421284231742,713.7733096119077,-0.04600981256444829,0.9977039640405309,0.049698061185471376,-556.2828106461883,-0.9966751313114051,-0.042499609195977776,-0.06951593949292492,201.70937037912125,0.0,0.0,0.0,1.0
2026-07-15T11:37:26.345,111,random,23,1,-43.596856159677955,8.868010573985567,64.02838001761356,4.395921770229457,-7.926688190760018,12.629720406426308,219.864777,-503.631775,116.852043,-172.7248882441692,-7.637928479550466,-167.47344357289765,706.3388237967094,-557.6989261115623,202.08575647211688,-121.6027288574798,87.32739831775143,-120.19369417668251,0.32476248549070874,0.7669501703634293,24,24,10,-0.9675345537354088,-0.23157657280690624,-0.10123822526610754,219.864777,-0.2149677849485079,0.96468620675812,-0.15221489389991322,-503.631775,0.1329125229703941,-0.12551021240376192,-0.9831487414526894,116.852043,0.0,0.0,0.0,1.0,0.09192491766219439,0.974408874966135,-0.20512716519279023,-0.17001152891456633,-0.9905881380621073,0.11046578785238027,0.08082357604561062,0.022817361595254083,0.10141474371829017,0.19576683606112752,0.9753924316167155,0.627729126158669,0.0,0.0,0.0,1.0,-0.023450773649166763,-0.025055729097897623,0.9994109623446346,706.3388237967094,-0.04030266538930015,0.9988969027144866,0.024097155639699247,-557.6989261115623,-0.9989122866286981,-0.03971382865927898,-0.024434717830328825,202.08575647211688,0.0,0.0,0.0,1.0
2026-07-15T11:37:31.086,112,random,23,2,-43.596856159677955,8.868010573985567,64.02838001761356,13.853350707756945,1.1832390994852844,0.046608080029660215,219.865051,-503.632416,116.851898,-163.26764687773985,1.4718139841320586,179.94369809658147,711.8832117487649,-556.4808840448295,201.2306576628118,-137.99550187480028,86.3693468706149,-135.25692012223777,0.19413383625727657,0.3323030195640831,19,19,10,-0.9996695988259217,0.008335840325989226,0.024314747567692238,219.865051,0.0009823292360750368,0.9576523498334838,-0.2879253581879836,-503.632416,-0.025685174955466742,-0.28780634222418777,-0.9573441289123994,116.851898,0.0,0.0,0.0,1.0,0.2441655577352901,0.9674431124613505,0.06661084421406195,-0.06529381696270994,-0.9671636525242236,0.24794080843222197,-0.05585539141371515,-0.04840020130071686,-0.07055246028181893,-0.05078562459074145,0.9962144200337149,0.6740747951704923,0.0,0.0,0.0,1.0,-0.04497748449594646,-0.04873301181955333,0.9977986367235689,711.8832117487649,-0.04457591522141988,0.9979125042599052,0.046729237356265864,-556.4808840448295,-0.9979929927963371,-0.04237602388993901,-0.047055912792013876,201.2306576628118,0.0,0.0,0.0,1.0
2026-07-15T11:37:33.383,113,random,23,3,-43.596856159677955,8.868010573985567,64.02838001761356,11.790133181351415,4.048190574856065,-3.8942496113859217,219.864914,-503.631653,116.852417,-165.33058141910837,4.336717551345201,176.00283708589217,710.2243458579344,-556.8894407272869,200.83446199660102,-134.97050072690436,86.64270058139421,-131.36149340704978,0.18744570767320407,0.4599734360357218,17,17,10,-0.9947113469023898,0.08653782131254051,0.055322163968091594,219.864914,0.06950749800662019,0.9637149924505516,-0.2577248941155917,-503.631653,-0.07561774966562607,-0.252516571354262,-0.9646332656128932,116.852417,0.0,0.0,0.0,1.0,0.2063748657026659,0.9658708370210703,0.15653415281791686,-0.024597549662355465,-0.9721649535072635,0.2205397889410465,-0.07910439094044136,-0.06184172827747043,-0.11092663331421489,-0.13585185933970423,0.9844996466914142,0.6778184397589484,0.0,0.0,0.0,1.0,-0.03869848061779243,-0.06374976644315272,0.9972153202174132,710.2243458579344,-0.04395432481895134,0.9971055230033249,0.062037031892046776,-556.8894407272869,-0.9982837497062566,-0.041431187223011444,-0.04138854669721254,200.83446199660102,0.0,0.0,0.0,1.0
2026-07-15T11:37:40.890,114,random,23,4,-43.596856159677955,8.868010573985567,64.02838001761356,-14.210071627738682,-12.585659650285994,4.847055240772242,219.864716,-503.631714,116.852051,168.66909189977665,-12.296934790656755,-175.25610119149817,710.8025982010896,-560.8924434813769,198.74374279370994,-127.82918367120425,87.52669199539687,-125.34897213757093,0.20396215731574913,0.5003708508784857,24,24,10,-0.9737098800884424,-0.03938857449750445,-0.22436044575014935,219.864716,-0.0808046504060615,0.9806105589069202,0.1785316225014822,-503.631714,0.21297811599059974,0.19196737212170223,-0.9580129697189816,116.852051,0.0,0.0,0.0,1.0,-0.22532089956732548,0.9742815472079203,-0.002441103912385617,-0.054267286414636656,-0.9564381114766614,-0.2207155159975555,0.19107799431878583,0.09682319587680291,0.18562497443266734,0.045388630383309696,0.9815718216711392,0.6359629949476509,0.0,0.0,0.0,1.0,-0.024966940388629472,-0.04370003500901787,0.9987326763593154,710.8025982010896,-0.035198244228277435,0.9984630841330865,0.04280833127664101,-560.8924434813769,-0.999068433837681,-0.034084843606135874,-0.026466732806829856,198.74374279370994,0.0,0.0,0.0,1.0
2026-07-15T11:37:48.662,115,random,23,5,-43.596856159677955,8.868010573985567,64.02838001761356,5.652506552841665,14.222775468642517,3.5131125039834643,219.86496,-503.631958,116.85218,-171.4683345036678,14.5114739646169,-176.59006153012174,703.4374028739018,-557.334886298931,201.68199115660516,-142.3704102427388,85.58783946165221,-141.22496226273185,0.12196734780978029,0.27649850023399475,8,8,10,-0.9663834885238378,-0.021713008527001382,0.2561864523529761,219.86496,-0.05758197962192993,0.989394240544992,-0.13335423652519632,-503.631958,-0.25057387878890525,-0.1436230553814558,-0.9573845357177952,116.85218,0.0,0.0,0.0,1.0,0.09683174509448761,0.9952860847344056,0.005405800219542429,-0.07031669720065009,-0.9456071072559642,0.09369049002611349,-0.31152735158517625,-0.15183147222880383,-0.3105653101184409,0.025053973990651488,0.9502218091258021,0.6654802381939694,0.0,0.0,0.0,1.0,-0.05997596618600205,-0.021401142717174606,0.9979703776016875,703.4374028739018,-0.048178908301030186,0.9986670011176781,0.018520628324789467,-557.334886298931,-0.9970364468137443,-0.04697033073146471,-0.06092710198261757,201.68199115660516,0.0,0.0,0.0,1.0
2026-07-15T11:38:10.075,116,random,24,1,122.60719901619875,2.388333497948316,39.12833857425902,-12.903763303585698,-2.4759524711210315,-7.531045770588762,386.068817,-510.11145,91.952362,169.97566485579299,-2.1872090871324046,172.36593018551974,708.7156504723387,-560.3153299600841,199.02291228882345,-117.84891646000351,87.95568074781703,-113.34739346163941,0.3292753377447229,0.6307658962271481,14,14,10,-0.9904146399230055,0.13740205628118912,-0.014125011712709846,386.068817,0.1327489904895738,0.975123418981281,0.17751626201071327,-510.11145,0.038164729138070605,0.17393962367430288,-0.9840164941533549,91.952362,0.0,0.0,0.0,1.0,-0.20770827455251412,0.9553106233396038,0.21033042009399175,0.019501170522749016,-0.9777759419550252,-0.2090256016317591,-0.016202012110958865,0.016828582933092872,0.028486488312531415,-0.209021316609045,0.9774960916477576,0.5021323432287279,0.0,0.0,0.0,1.0,-0.014137205597927412,-0.0787086170627585,0.9967974182440235,708.7156504723387,-0.03275162509857134,0.9963985734569158,0.0782126196110686,-560.3153299600841,-0.999363532690324,-0.03154102745775777,-0.016664126608508387,199.02291228882345,0.0,0.0,0.0,1.0
2026-07-15T11:38:13.278,117,random,24,2,122.60719901619875,2.388333497948316,39.12833857425902,-6.399078882646959,-9.360790945499897,-7.122267633503258,386.057709,-510.122101,91.90831,176.4852102536128,-9.038180035070685,172.78436126330377,707.7444456221708,-560.9220457103627,198.01639582168485,-118.95410772052001,88.10244112500732,-115.34925863879972,0.38046763541347955,0.6823002706031774,20,20,10,-0.979762663504073,0.1349222403263571,-0.14785503802279254,386.057709,0.12404450924241525,0.9890046976375885,0.08051501585164368,-510.122101,0.157092593492542,0.06054500075232313,-0.9857262398626143,91.90831,0.0,0.0,0.0,1.0,-0.09201986245466653,0.9763538333486105,0.19561578928935955,0.005085625365960946,-0.9848724264975626,-0.11820776674123727,0.12670133151176013,0.054246687484345496,0.1468286363030996,-0.18099755796011224,0.972461431406844,0.4848093137057523,0.0,0.0,0.0,1.0,-0.014176660281308314,-0.0630804167742263,0.9979077529124917,707.7444456221708,-0.029924343345283114,0.997587781202439,0.06263507380812929,-560.9220457103627,-0.9994516276331851,-0.02897377806200097,-0.016030103124806273,198.01639582168485,0.0,0.0,0.0,1.0
2026-07-15T11:38:18.616,118,random,24,3,122.60719901619875,2.388333497948316,39.12833857425902,-10.572598158700828,-13.061282348283115,13.16062781643178,386.068329,-510.11142,91.951653,172.3065717579442,-12.772489760615338,-166.94254087992942,710.1631864898119,-560.4350886460461,199.53008198149712,-132.8813020214386,87.30195960094186,-130.71900002421788,0.40406199850103486,1.0382073915848422,24,24,10,-0.950039390836059,-0.19506308902739938,-0.2436709813640902,386.068329,-0.22033763775961468,0.9720619819473767,0.08091247517565371,-510.11142,0.22108025973922402,0.13055992705124653,-0.9664769134345685,91.951653,0.0,0.0,0.0,1.0,-0.15910547417564316,0.9737311536622677,-0.16288980469904357,-0.09259123728268392,-0.9700014005835381,-0.12346457045036084,0.20941294780763056,0.08501639256384566,0.18380079149262976,0.1913220850583031,0.9641644718696215,0.45303121568828597,0.0,0.0,0.0,1.0,-0.030707595946019187,-0.03826022261863539,0.9987958744990834,710.1631864898119,-0.03567693610495437,0.9986723153774777,0.0371586158077796,-560.4350886460461,-0.9988914854884778,-0.03449292483625723,-0.032031833460813244,199.53008198149712,0.0,0.0,0.0,1.0
2026-07-15T11:38:21.719,119,random,24,4,122.60719901619875,2.388333497948316,39.12833857425902,-6.83637786724989,-5.049826244656886,14.539804636561627,386.069916,-510.097076,91.981247,176.03429246884485,-4.770618489597774,-165.56835890408766,707.6943832005388,-559.6741448753276,201.2716951526971,-127.87289066259014,87.32948310614394,-126.06625283003703,0.3399651317290181,0.8871463032682034,20,20,10,-0.9650906307603093,-0.243057727685808,-0.09758593869446425,386.069916,-0.24836133626202808,0.9675603344800344,0.04629952257878727,-510.097076,0.08316682673282617,0.06891980958400448,-0.9941495555388518,91.981247,0.0,0.0,0.0,1.0,-0.09861853487008831,0.9716595359176977,-0.21483046999967695,-0.11310984063343893,-0.9940029157209087,-0.08593393988500733,0.06762811186312973,0.04033247061430049,0.04725027109349862,0.22021149887334437,0.97430709103729,0.4689943930796173,0.0,0.0,0.0,1.0,-0.027429916669211685,-0.03203124872544529,0.9991104036975136,707.6943832005388,-0.037662381677508405,0.9988099480836805,0.03098762035803268,-559.6741448753276,-0.9989139826220764,-0.036778889517827755,-0.028603646759419697,201.2716951526971,0.0,0.0,0.0,1.0
2026-07-15T11:38:27.590,120,random,24,5,122.60719901619875,2.388333497948316,39.12833857425902,-6.200849247195366,-13.085911521194209,-6.6391508207233585,386.052002,-510.137054,91.905693,176.6666086915512,-12.76028575957905,173.27080243136984,707.7836481284476,-561.232527842226,197.4580395968667,-127.62379805875864,87.86001415161121,-124.6377756617025,0.4381545848434363,0.7823839270488945,22,22,10,-0.9685838891929898,0.1297329288645953,-0.21216648360190193,386.052002,0.11428288223767122,0.9899259399322949,0.0835826314291004,-510.137054,0.2208725252792498,0.05670979295832532,-0.973652569944429,91.905693,0.0,0.0,0.0,1.0,-0.08983705722848857,0.9796559442591466,0.17945343135823547,0.0026443055128931355,-0.9749086859783804,-0.12334629771593139,0.1853071634980153,0.07330267970807851,0.20367218060509062,-0.1583032587077486,0.9661561577354226,0.47414981376154286,0.0,0.0,0.0,1.0,-0.021224179480915747,-0.05240630131442788,0.9984002773376534,707.7836481284476,-0.03072284377168448,0.9981877922438678,0.051742035965872124,-561.232527842226,-0.9993025773387869,-0.029575513484203366,-0.022795787466178198,197.4580395968667,0.0,0.0,0.0,1.0
2026-07-15T11:38:49.738,121,random,25,1,-106.61559286335188,20.678779253862558,47.673079570404205,2.679405141760256,7.385769976496199,1.4227630242719727,156.84613,-491.821381,100.496429,-174.44141250260162,7.6744831868798125,-178.68038345409752,710.8146712035444,-557.1368991832433,200.70778821810333,-150.6201307540902,84.9407240079478,-148.75603662797636,0.11082591093908552,0.2263210816467073,16,16,10,-0.9907799313053061,-0.009989129922475741,0.13511234216771154,156.84613,-0.02282333590420577,0.9953316042549821,-0.09377682501240517,-491.821381,-0.13354483539567022,-0.09599591061391817,-0.9863825637573628,100.496429,0.0,0.0,0.0,1.0,0.050847828898416894,0.9983125304992324,0.028046207311092145,-0.07466414390911985,-0.9766420600607969,0.05557521632639259,-0.20756127252085815,-0.08412633158534295,-0.20876969324238753,-0.016837065614118858,0.9778198854620339,0.7407529046592529,0.0,0.0,0.0,1.0,-0.07539635170415182,-0.034162997927268283,0.996568251411977,710.8146712035444,-0.045740761291221316,0.9984794018619665,0.03076795108338842,-557.1368991832433,-0.9961039970335446,-0.043263999237145356,-0.0768443456853195,200.70778821810333,0.0,0.0,0.0,1.0
2026-07-15T11:38:55.376,122,random,25,2,-106.61559286335188,20.678779253862558,47.673079570404205,-11.569757162825027,-4.882704084099855,-11.553673936371087,156.837463,-491.833588,100.456444,171.32933494256906,-4.571171881112734,168.35047006990442,704.7001812758634,-560.5707902224319,197.93475881904905,-111.91700420561529,87.94253900814846,-108.23083333917059,0.3701753503357157,0.6862793012107333,24,24,10,-0.976285686821108,0.21138415852322234,-0.04672253453812946,156.837463,0.2012823485728538,0.9657816069243339,0.16355825836578194,-491.833588,0.07969738929998696,0.1502751651207907,-0.9854266593139671,100.456444,0.0,0.0,0.0,1.0,-0.18548528163394443,0.9445999862896479,0.27078788045031427,0.06957294392625456,-0.97973887860027,-0.1989611509489278,0.02293883545786806,0.030897801984925817,0.07554429201641805,-0.2610465979756772,0.9623656964112259,0.7209373484888484,0.0,0.0,0.0,1.0,-0.011231722753720716,-0.0644785532010704,0.997855883673129,704.7001812758634,-0.03409962123847743,0.9973631043186758,0.06406289078090918,-560.5707902224319,-0.9993553243143182,-0.03330697105578591,-0.013400800114659179,197.93475881904905,0.0,0.0,0.0,1.0
2026-07-15T11:38:59.013,123,random,25,3,-106.61559286335188,20.678779253862558,47.673079570404205,-4.625785425686676,-12.07313679147507,-6.036747653091252,156.841766,-491.821167,100.481339,178.2624107425496,-11.776803704236993,173.86369915777124,708.5207642045302,-560.0489226450466,197.3158808334273,-115.52636402817409,87.79211323516041,-112.97870946640549,0.20150092040089565,0.5729753204622213,24,24,10,-0.9733411251585556,0.11299813472160163,-0.1995957805779362,156.841766,0.1046439231044787,0.9931516992498073,0.05195528495277705,-491.821167,0.20409973893266212,0.029683729999093435,-0.9784999605216957,100.481339,0.0,0.0,0.0,1.0,-0.06658664300944647,0.9854732317841333,0.1562329299785066,0.0029525967016844046,-0.9789326714025711,-0.09481352322136793,0.18083478834277708,0.10641018812245909,0.19302083782161575,-0.14090033800984125,0.9710252576093753,0.7043475721461872,0.0,0.0,0.0,1.0,-0.015039877674942446,-0.04471183570075729,0.9988867072034698,708.5207642045302,-0.03546836947043542,0.998394842464051,0.04415578453942386,-560.0489226450466,-0.9992576228614076,-0.03476478519208466,-0.01660159221028868,197.3158808334273,0.0,0.0,0.0,1.0
2026-07-15T11:39:03.049,124,random,25,4,-106.61559286335188,20.678779253862558,47.673079570404205,-4.266124747922275,1.9840337818582974,-6.625849070685597,156.849197,-491.807617,100.534187,178.57856885390277,2.255620247871025,173.25951516280577,709.6373578767615,-558.8659016786987,199.06455623335484,-132.5459991980454,87.15427504518608,-128.77561016128027,0.21869313293321618,0.49692922745333173,20,20,10,-0.9923184987527401,0.11636679198526223,0.04198531595887873,156.849197,0.11728153354678543,0.9928969633741234,0.02001654344183543,-491.807617,-0.03935783177491378,0.024786888580524757,-0.9989176999295158,100.534187,0.0,0.0,0.0,1.0,-0.06680444252588423,0.9814197689445978,0.17986773914056797,0.005686478986089269,-0.995605704973719,-0.053711246258107324,-0.0767097272136039,-0.02544298071654335,-0.0656235223269101,-0.1842018977918915,0.9806952707988734,0.7402845580906574,0.0,0.0,0.0,1.0,-0.031092433731623497,-0.06632719693656354,0.9973133727726625,709.6373578767615,-0.03870491594406433,0.9971273029297268,0.06510815028744969,-558.8659016786987,-0.9987668346748444,-0.03657655941485549,-0.03357030317057022,199.06455623335484,0.0,0.0,0.0,1.0
2026-07-15T11:39:06.921,125,random,25,5,-106.61559286335188,20.678779253862558,47.673079570404205,-13.883732235029937,9.178707168765175,-13.32994485779286,156.846466,-491.821228,100.496635,168.9956205472217,9.467268127844157,166.56708163678022,697.5309844348074,-559.1409925036547,198.27951799740626,-51.01506348046901,86.8594301623739,-47.19398554644251,0.21997789768649206,0.46058947797814725,11,11,10,-0.9593949150746232,0.19749679770430908,0.20138622551083238,156.846466,0.22914267681750913,0.9620520254781539,0.14815375099634787,-491.821228,-0.16448413476643628,0.18828413414285472,-0.9682427661698343,100.496635,0.0,0.0,0.0,1.0,-0.21931776313438056,0.938066505869797,0.268199458125781,0.06592931062287616,-0.968330885725353,-0.17566995497462856,-0.17741297210059334,-0.10623516961485081,-0.1193105801012037,-0.2986156350301215,0.9468863120731398,0.7302395415918131,0.0,0.0,0.0,1.0,0.0372279823593794,-0.06584768169872438,0.9971349758906031,697.5309844348074,-0.04019409962390221,0.9969205307224661,0.0673341650238658,-559.1409925036547,-0.9984981280327342,-0.042585657667116174,0.034466651653237645,198.27951799740626,0.0,0.0,0.0,1.0
2026-07-15T11:39:27.132,126,random,26,1,-62.63682835168826,-20.482876171004243,46.49780958713991,1.3046022313888344,0.9126884939261668,-14.836822588176872,200.824799,-532.982849,99.321785,-175.81622473201804,1.2013779048303102,165.0600307482476,698.6574685922169,-558.0662651477633,199.63238360791703,-75.26910936202235,87.68277386638884,-72.0127289188621,0.30874855583550914,0.7497477607422193,20,20,10,-0.9659840798855193,0.2585977778652355,0.00139523864950047,200.824799,0.25775019847269953,0.963227378788128,-0.07588051093815869,-532.982849,-0.020966463579028764,-0.07293974250101477,-0.9971159417885539,99.321785,0.0,0.0,0.0,1.0,0.039066919006362014,0.9491735315671345,0.3123193602896299,0.10276075968561926,-0.9992360721194116,0.036789377471140444,0.013183849235177587,-0.004576640812659169,0.001023725900961805,-0.31259582319291973,0.9498856790728135,0.6694668472757521,0.0,0.0,0.0,1.0,0.012485694153378095,-0.05655975253264909,0.9983211416347714,698.6574685922169,-0.03845608326258786,0.9976331650558004,0.05700173366526958,-558.0662651477633,-0.9991822842212569,-0.0391032271582655,0.010281076023446606,199.63238360791703,0.0,0.0,0.0,1.0
2026-07-15T11:39:33.237,127,random,26,2,-62.63682835168826,-20.482876171004243,46.49780958713991,-11.317135739786824,2.333634431321215,5.541516725186188,200.824722,-532.982727,99.320969,171.56218499051022,2.6223705325342648,-174.56190552691766,712.154566738637,-559.0663361973953,200.66676394310423,-143.60173504405583,86.16517892576026,-140.89859992719332,0.14818459539166823,0.30209972589836087,19,19,10,-0.9944566698839242,-0.10042778946026439,0.03114788640503112,200.824722,-0.09467097065521349,0.984087345487649,0.15036456951779734,-532.982727,-0.045753022179694534,0.14658224843137593,-0.9881398207775187,99.320969,0.0,0.0,0.0,1.0,-0.1825515702323131,0.9811902454403398,-0.0627744092639855,-0.05666478123613827,-0.9779682343894381,-0.18778588929705783,-0.09118438630663393,-0.013860977599350177,-0.10125737864926765,0.044745525291794125,0.9938535008920781,0.6906628904139909,0.0,0.0,0.0,1.0,-0.05190118143930365,-0.04819214776737073,0.9974887389132631,712.154566738637,-0.04218105192119971,0.9980493507712791,0.04602447483512607,-559.0663361973953,-0.9977610065662139,-0.03968639966784553,-0.05383273592692949,200.66676394310423,0.0,0.0,0.0,1.0
2026-07-15T11:39:37.173,128,random,26,3,-62.63682835168826,-20.482876171004243,46.49780958713991,-13.94184710651505,-9.479388781562196,11.282842505519373,200.824371,-532.982422,99.321312,168.93735073945692,-9.190644104354996,-168.82035275769118,710.6679187476135,-559.8914238613457,199.9202866229295,-125.08731278309351,87.5285731733318,-122.31118012467162,0.2238247269414481,0.6218274822060798,24,24,10,-0.9684300549158993,-0.1602172206032292,-0.19098081306184775,200.824371,-0.19139684417692832,0.9687367639716862,0.15784907401938797,-532.982422,0.1597199949120362,0.18941891233940128,-0.9688188679384075,99.321312,0.0,0.0,0.0,1.0,-0.22085468842488185,0.9681181357267034,-0.1181967930098007,-0.08319810719194608,-0.9665669598070918,-0.20107471462903842,0.15911401995464655,0.09708008101972698,0.13027478194196063,0.14938619217954502,0.9801592966329865,0.6525298491925953,0.0,0.0,0.0,1.0,-0.023049005295840207,-0.04884053111163127,0.998540608025335,710.6679187476135,-0.036444174449881885,0.9981831332058678,0.04798181668074246,-559.8914238613457,-0.9990698501624098,-0.03528505496738771,-0.02478708115953776,199.9202866229295,0.0,0.0,0.0,1.0
2026-07-15T11:39:44.980,129,random,26,4,-62.63682835168826,-20.482876171004243,46.49780958713991,4.035889583483851,11.676521943301854,-7.19474075858349,200.82518,-532.982727,99.321648,-173.08510680996795,11.96507763571698,172.70225641126154,704.7728027540276,-556.7136553152696,200.13458088638666,-137.57539282505488,86.02228424312011,-135.03033046889308,0.26672932769217406,0.564398422559029,12,12,10,-0.9703495806709742,0.1508591063538859,0.1888470844937026,200.82518,0.12426580710571859,0.9815139269678335,-0.14556242768155148,-532.982727,-0.2073154612565813,-0.11777920528807069,-0.9711582560662714,99.321648,0.0,0.0,0.0,1.0,0.06197312008464586,0.978057888922218,0.19890223302916665,0.046359184258407085,-0.9666870028390563,0.10840695138385173,-0.23187102327307244,-0.1027180587404683,-0.24834566823082802,-0.17790643273550893,0.9521941662614349,0.6928543870619399,0.0,0.0,0.0,1.0,-0.049076883411194025,-0.04555483002608676,0.9977555897993947,704.7728027540276,-0.049024951576813185,0.9978651048320819,0.04314842617466041,-556.7136553152696,-0.9975911054322484,-0.046797329194659405,-0.05120543274606195,200.13458088638666,0.0,0.0,0.0,1.0
2026-07-15T11:39:50.585,130,random,26,5,-62.63682835168826,-20.482876171004243,46.49780958713991,-1.2249989175094012,-8.765878483551873,-5.37729117845738,200.814728,-532.998779,99.283821,-178.31437801456795,-8.455653844761175,174.53291386248404,709.7125172399368,-559.3650548593902,199.08883908880824,-123.19676373595519,87.65999977149288,-119.52615440044777,0.31034738037055914,0.6927150326685179,24,24,10,-0.9846305095669556,0.09092701813978397,-0.14911417438367364,200.814728,0.0942382956709099,0.9954324285139305,-0.015278216253890219,-532.998779,0.14704388208612898,-0.029095663509634325,-0.9887019465470748,99.283821,0.0,0.0,0.0,1.0,-0.00812280103975598,0.9879276305242819,0.154702995930741,0.022622819281050158,-0.9914206984063164,-0.028139832412719418,0.1276446183875992,0.07215845968337087,0.13045696177207372,-0.15233892043224675,0.9796804756892613,0.6688852851255396,0.0,0.0,0.0,1.0,-0.020121556241036544,-0.06436428314812531,0.9977235899933742,709.7125172399368,-0.03552688112997952,0.9973414342297305,0.06362314269006657,-559.3650548593902,-0.9991661341797046,-0.03416581073840144,-0.022354723996789283,199.08883908880824,0.0,0.0,0.0,1.0
2026-07-15T11:40:06.795,131,random,27,1,-8.106188975283692,-32.54555122307788,40.504388968611224,3.0410026111185537,12.009929264669413,5.380093452792853,255.350479,-545.030518,93.357506,-174.0839441342195,12.291090621146418,-174.72691737191533,704.8961847097756,-557.4682126342664,202.2711121804144,-145.83247142914536,85.27948724737135,-144.56059410591118,0.1285826332916769,0.2565601901795948,12,12,10,-0.9729436754885086,-0.0695645156970403,0.2203210895097153,255.350479,-0.08979625656502975,0.9924809954802283,-0.08317515204363846,-545.030518,-0.21287845507194733,-0.10070874721895443,-0.9718747406943806,93.357506,0.0,0.0,0.0,1.0,0.05767187384421027,0.9974468252346296,-0.04211633645814655,-0.049085157687008336,-0.9577749268994937,0.0433767745802447,-0.28422815629294035,-0.09622852404398878,-0.28167560130399466,0.05672994144517469,0.9578311799965901,0.6394511530148895,0.0,0.0,0.0,1.0,-0.06704839540187331,-0.023748685826017937,0.9974670483758203,704.8961847097756,-0.047718250967140614,0.998649024245263,0.02056927073624883,-557.4682126342664,-0.9966079877257008,-0.04621824634839823,-0.06809106039567715,202.2711121804144,0.0,0.0,0.0,1.0
2026-07-15T11:40:11.933,132,random,27,2,-8.106188975283692,-32.54555122307788,40.504388968611224,-12.181140532925191,12.31809733409776,14.372575264344917,255.35524,-545.044983,93.327705,170.69827922701197,12.60690495782253,-165.73073514322772,699.3343735065206,-559.130831599304,201.7351711728656,-126.84531411199504,87.09597485373665,-126.03169312447696,0.13110237594004606,0.2624457471303975,11,11,10,-0.9457823802071689,-0.27742803505911184,0.16890640796874015,255.35524,-0.24053667061449382,0.9477092726895165,0.20973613076435335,-545.044983,-0.218260851687509,0.15773655195149797,-0.9630583475569356,93.327705,0.0,0.0,0.0,1.0,-0.18809459937170003,0.9445380577266691,-0.26919932985268147,-0.1139217280273157,-0.9481948279827613,-0.24608589234969158,-0.20091864466295276,-0.0696338940346353,-0.25602146369775614,0.21746170028855416,0.9418935285018524,0.6201805844214315,0.0,0.0,0.0,1.0,-0.02980169176215959,-0.014804408762284317,0.9994461909724367,699.3343735065206,-0.04097083201921181,0.9990680919864033,0.013577131446009114,-559.130831599304,-0.9987158004616562,-0.04054352051620474,-0.030380468271330955,201.7351711728656,0.0,0.0,0.0,1.0
2026-07-15T11:40:17.970,133,random,27,3,-8.106188975283692,-32.54555122307788,40.504388968611224,3.8885264819976406,-0.74308321045309,2.900824664624004,255.355591,-545.048828,93.327316,-173.2333309915683,-0.45372527796409895,-177.20226693421904,712.3515307036798,-556.5065179761024,201.1290214796231,-135.87072305427668,86.65967610317917,-132.47886024125552,0.21350309767970285,0.44740890308690234,20,20,10,-0.9987767515800472,-0.04940219466537627,-0.0021032511625834437,255.355591,-0.048808721075942633,0.9918050491975344,-0.11806969608331852,-545.048828,0.00791891723277076,-0.1178226105147931,-0.9930030831781641,93.327316,0.0,0.0,0.0,1.0,0.07694531561513979,0.9969447202048738,0.01344035938925424,-0.04114187550252202,-0.9964726181602378,0.07734773310626412,-0.03255225706773315,0.004655797181312593,-0.0334923821453207,-0.010888206415562837,0.9993796612395531,0.6350240121650494,0.0,0.0,0.0,1.0,-0.03934851229501711,-0.059963462862870125,0.997424722824566,712.3515307036798,-0.0429731869806347,0.9973757911806528,0.05826522434088971,-556.5065179761024,-0.998301056686257,-0.04056986921669836,-0.04182207468363672,201.1290214796231,0.0,0.0,0.0,1.0
2026-07-15T11:40:22.976,134,random,27,4,-8.106188975283692,-32.54555122307788,40.504388968611224,-7.51308649319701,-11.14730482517426,-6.787041009904398,255.346024,-545.060608,93.299164,175.37710987782978,-10.845976470267457,173.11616112246406,705.6949674495143,-560.3096772455737,199.27707626920474,-109.8531351213021,88.01611230016417,-105.8325424643408,0.38820564915986944,0.6843052779339117,24,24,10,-0.9750565349719104,0.13452348264142944,-0.17654513934570026,255.346024,0.11771575863594734,0.9877436605621409,0.10249615206467752,-545.060608,0.18816948152486118,0.07915739786857034,-0.9789414449216776,93.299164,0.0,0.0,0.0,1.0,-0.11327744485957293,0.9727467549735319,0.20231651236255982,0.059409272566702365,-0.9766084607904989,-0.14646918771553377,0.15742519290877396,0.08281605846232035,0.18276798078027595,-0.17975129412167024,0.9665843664487264,0.6009689272780956,0.0,0.0,0.0,1.0,-0.009444839140251913,-0.07026881595089393,0.9974833775649968,705.6949674495143,-0.03330514025179733,0.9969965286477073,0.06991916401981298,-560.3096772455737,-0.9994006016840408,-0.03256094853165088,-0.011756784607039251,199.27707626920474,0.0,0.0,0.0,1.0
2026-07-15T11:40:28.578,135,random,27,5,-8.106188975283692,-32.54555122307788,40.504388968611224,4.489217952747474,3.981386780232601,3.285393957792678,255.354904,-545.024963,93.354012,-172.64845567429876,4.261660080183063,-176.82577636703857,712.5596419728543,-556.0459338016927,201.42063384508867,-142.15022484494474,86.08451901143465,-138.50602138056954,0.13810139963760834,0.3360583642224177,17,17,10,-0.9957051011281381,-0.04542307172271709,0.08067277200318057,255.354904,-0.05521921848651831,0.9907846361183907,-0.12367959711078583,-545.024963,-0.07431143584363317,-0.1276030931718391,-0.9890375428242532,93.354012,0.0,0.0,0.0,1.0,0.08480388538263457,0.9961234033683789,0.023376618356964814,-0.03997668736639849,-0.988198273766333,0.08708648797462282,-0.12601632964614667,-0.03336509668279691,-0.12756360276054232,-0.012414059531194899,0.9917527002114522,0.642663106300972,0.0,0.0,0.0,1.0,-0.051147088921567975,-0.06463323558573253,0.9965974714761064,712.5596419728543,-0.04524154009649676,0.9970290908162891,0.062339354470039264,-556.0459338016927,-0.9976658650793598,-0.04189912795946143,-0.05391924268468894,201.42063384508867,0.0,0.0,0.0,1.0
2026-07-15T11:40:44.621,136,random,28,1,-5.040353588980358,-48.32709049913802,-72.55269699109628,-10.190522874095695,2.440676215501476,4.60854943267838,258.421448,-560.826538,-19.729065,172.688906494635,2.7293990486647024,-175.49473811317014,715.8090229872407,-556.4519238482962,200.6824016860574,-142.42039967892785,86.24800426770712,-138.45247762399129,0.21195187068129426,0.4352007758164543,24,24,10,-0.995779201969193,-0.08395312740270558,0.0370898008204722,258.421448,-0.07846153953951612,0.9883290634819404,0.1305735390115454,-560.826538,-0.047618985065687416,0.12711229160162169,-0.9907446177421798,-19.729065,0.0,0.0,0.0,1.0,-0.16562287541857046,0.9859218468258907,-0.02296029375923371,-0.0005585524219307862,-0.9811376262395977,-0.16708330606682137,-0.09722205105174524,0.0988358514022376,-0.09968962591469581,0.006425012467417118,0.9949978380377424,0.6462960437130827,0.0,0.0,0.0,1.0,-0.04897409864242767,-0.07017624208579368,0.996331688098335,715.8090229872407,-0.04340109076351611,0.9967359904924659,0.06807136385838496,-556.4519238482962,-0.9978566445049601,-0.03990814833739771,-0.05185997217104402,200.6824016860574,0.0,0.0,0.0,1.0
2026-07-15T11:40:49.593,137,random,28,2,-5.040353588980358,-48.32709049913802,-72.55269699109628,-0.26355683463555835,14.701507940341656,-4.541732517874538,258.421539,-560.827087,-19.728775,-177.3844102172911,14.990237498228215,175.35510829849676,706.5429184090053,-555.6590694296367,200.60785197000175,-149.25522906509693,84.74400035944389,-147.66778490088575,0.3062019158981703,0.5583678898921913,20,20,10,-0.9627974116782934,0.09266039627078404,0.2538408852579113,258.421539,0.0782241312720882,0.9947214896986942,-0.06640890917894676,-560.827087,-0.2586544593706166,-0.044081843139230865,-0.9649635546242885,-19.728775,0.0,0.0,0.0,1.0,-0.01201047891542772,0.9925253305157525,0.12144635309806208,0.042450998101910595,-0.9445116515565403,0.028610651930766676,-0.3272295381991566,-0.0027915104678143637,-0.32825826489238447,-0.1186376790092153,0.937108111505363,0.6680368916563273,0.0,0.0,0.0,1.0,-0.07740342976857627,-0.02951881305712384,0.9965627670828164,706.5429184090053,-0.048993352361334445,0.998466606896572,0.0257698726587077,-555.6590694296367,-0.9957953406621559,-0.04683027426939118,-0.07873096549258332,200.60785197000175,0.0,0.0,0.0,1.0
2026-07-15T11:40:55.430,138,random,28,3,-5.040353588980358,-48.32709049913802,-72.55269699109628,13.336413919364656,-3.3763217700050383,2.6151583055758785,258.419586,-560.827576,-19.741251,-163.77740742806773,-3.0841172196301954,-177.4851934934546,713.6531731875939,-554.5705057754493,201.3515580307252,-124.69732769614326,87.0593971366777,-121.00737382646533,0.25781674409231053,0.5851934499304087,24,24,10,-0.9975899338852631,-0.05714669351382979,-0.039351991451933695,258.419586,-0.043814010982121974,0.9585993548108043,-0.2813673922080676,-560.827576,0.053802009743643894,-0.27896510960467163,-0.9587928928453727,-19.741251,0.0,0.0,0.0,1.0,0.237958546737048,0.9711984688748814,0.01221736836957235,-0.07619425050801149,-0.9709420634035458,0.2375286054976429,0.029183404256692393,0.1296570977214625,0.025440903058980783,-0.01880679731987601,0.999499407116439,0.6225153540226367,0.0,0.0,0.0,1.0,-0.02642745911816767,-0.06491502928368932,0.9975407903327342,713.6531731875939,-0.043969858985103846,0.9969990287360813,0.06371489778804133,-554.5705057754493,-0.9986832535420764,-0.04217790502630759,-0.029202455756393353,201.3515580307252,0.0,0.0,0.0,1.0
2026-07-15T11:40:58.233,139,random,28,4,-5.040353588980358,-48.32709049913802,-72.55269699109628,6.651029161046008,-3.395613649608327,6.552137229268048,258.4216,-560.826782,-19.72879,-170.46955447519576,-3.1068636440968893,-173.5512079763069,713.5375747989578,-555.2692873410656,201.1107831488619,-126.24430377488396,87.16730019796768,-122.56180192537155,0.2420923442766339,0.526194541580058,24,24,10,-0.9922121189063758,-0.11968190975770242,-0.03451596112045721,258.4216,-0.11215008349523617,0.9789498405959419,-0.17052732440635787,-560.826782,0.054198430487711495,-0.1653283099590897,-0.9847482318129542,-19.72879,0.0,0.0,0.0,1.0,0.12753481742169345,0.9904553833099674,-0.052278140914918315,-0.08003967391548915,-0.9915657558761911,0.12854907437216437,0.016507187880959562,0.13212784915871964,0.0230699397245158,0.04973197311955953,0.9984961235431727,0.620225700939194,0.0,0.0,0.0,1.0,-0.02659818181072341,-0.0647579305248806,0.9975464636589609,713.5375747989578,-0.04165157047080086,0.9971047142540258,0.06361867249253815,-555.2692873410656,-0.9987780951751393,-0.0398572358114757,-0.029218441980858,201.1107831488619,0.0,0.0,0.0,1.0
2026-07-15T11:41:02.967,140,random,28,5,-5.040353588980358,-48.32709049913802,-72.55269699109628,-9.392791398224489,-5.561973754233783,14.34126611482143,258.420959,-560.826599,-19.729282,173.48663563279564,-5.273159771707019,-165.76207593462138,713.4842438358892,-556.5326271487284,200.4919381023018,-130.45730122312244,87.21683619637513,-126.87976439158804,0.21935030789002327,0.48078036354979387,24,24,10,-0.9651806282216715,-0.2342566010434451,-0.11640532536439915,258.420959,-0.24490811714285957,0.9655905123274564,0.08749272347309696,-560.826599,0.09190412973941268,0.11295489086698567,-0.9893406003829361,-19.729282,0.0,0.0,0.0,1.0,-0.14349884661761006,0.9735860067072544,-0.17759045177947075,-0.07208029600228133,-0.9881675087108673,-0.13113786077997114,0.07954769762985289,0.1684698925540033,0.05415769333689625,0.18690411716672767,0.9808841905334965,0.6000306561160266,0.0,0.0,0.0,1.0,-0.02914045182577821,-0.06293786088218674,0.9975919304680468,713.4842438358892,-0.038839999535218675,0.9973333550229273,0.06178700020890246,-556.5326271487284,-0.9988204485809717,-0.036945969012669784,-0.03150725107369915,200.4919381023018,0.0,0.0,0.0,1.0
2026-07-15T11:41:21.282,141,random,29,1,86.40363642395188,32.94944671171431,34.98461127438235,-5.709227339594566,-1.4995525140166794,9.451689220111177,349.865295,-479.550568,87.80806,177.17006670613267,-1.2107744126704558,-170.65175505404736,706.6382036690945,-558.881190193005,201.51777360151826,-129.01632823576824,87.11878102388079,-127.97409040920034,0.2900522231562599,0.5896406608755284,19,19,10,-0.9864989836103171,-0.16120724913225407,-0.028844031670740386,349.865295,-0.16239846175448222,0.9856854259195795,0.045287754962188065,-479.550568,0.021130427245781652,0.049360550614317426,-0.9985574801119174,87.80806,0.0,0.0,0.0,1.0,-0.08336882882428934,0.9858611377058007,-0.14535286561292995,-0.12459664322266764,-0.9963928254138441,-0.08478561679319617,-0.00356884418455395,0.025429159933968618,-0.015842217151729912,0.1445310220901431,0.9893734420375838,0.5166702059371928,0.0,0.0,0.0,1.0,-0.030928657772910144,-0.018793814659866473,0.9993448907453807,706.6382036690945,-0.039623797120883326,0.9990603213179942,0.017562148778257007,-558.881190193005,-0.9987358874247427,-0.03905466551536725,-0.03164427707174802,201.51777360151826,0.0,0.0,0.0,1.0
2026-07-15T11:41:26.419,142,random,29,2,86.40363642395188,32.94944671171431,34.98461127438235,11.807336083612775,-10.023260540645547,9.110821807173462,349.865326,-479.550629,87.808525,-165.31379375571103,-9.73443834771366,-170.9923784632526,708.2028259167914,-557.4896998483224,201.1453782006221,-122.47848634945908,87.47830403913467,-120.79184414245361,0.37155496358624523,0.7434230608611399,22,22,10,-0.9734471039640248,-0.1937884854327085,-0.12184727611953435,349.865326,-0.15431161467293755,0.9486878287527044,-0.27600603100930643,-479.550629,0.16908181854085896,-0.24987482164110958,-0.9534012335573832,87.808525,0.0,0.0,0.0,1.0,0.21814152117970012,0.962670315500058,-0.16025024303390675,-0.16620155525958638,-0.9656541708829304,0.23666886970362105,0.10723743921603085,0.02820629033993163,0.14116054333208009,0.13135337745269457,0.9812339126008445,0.4976324964201369,0.0,0.0,0.0,1.0,-0.02252332329435237,-0.029851400418889427,0.9993005522868529,708.2028259167914,-0.03779545757451629,0.9988649985742553,0.02898651427796821,-557.4896998483224,-0.9990316327797196,-0.03711614899588944,-0.023626006628372623,201.1453782006221,0.0,0.0,0.0,1.0
2026-07-15T11:41:30.455,143,random,29,3,86.40363642395188,32.94944671171431,34.98461127438235,-1.1236393743702173,-14.442902554316932,7.612861989254796,349.865295,-479.550415,87.808456,-178.24419068466443,-14.154062892014291,-172.49026202706312,709.4246922522044,-559.5536742157284,199.1256482550788,-127.5965266954146,87.54693515465719,-125.6108944692255,0.34563698228844186,0.8165813807211797,24,24,10,-0.9613247705280985,-0.1380614347874786,-0.23831434239995195,349.865295,-0.12672702909000916,0.9899779668795581,-0.062320824697981156,-479.550415,0.24453005064228553,-0.02970968390002348,-0.9691864573008859,87.808456,0.0,0.0,0.0,1.0,-0.001324803972475995,0.9946487260643043,-0.1033061306655671,-0.1266499487726221,-0.9764061579251732,0.02102114102842801,0.21491655682069963,0.08658940741541292,0.21593809219365775,0.10115346444150895,0.9711532922104749,0.4882943810372783,0.0,0.0,0.0,1.0,-0.024922050177605393,-0.035071659836933666,0.99907400631346,709.4246922522044,-0.03479677085420311,0.9988092564643011,0.03419435537263971,-559.5536742157284,-0.9990836181987298,-0.033912355823691925,-0.02611275491828251,199.1256482550788,0.0,0.0,0.0,1.0
2026-07-15T11:41:33.559,144,random,29,4,86.40363642395188,32.94944671171431,34.98461127438235,0.847318639737928,-8.064149640705265,13.693695137335258,349.869659,-479.52652,87.853233,-176.28536257467118,-7.797439929714886,-166.4199460749906,706.8558203428383,-558.6347329896288,201.51674132878873,-124.0818574351307,87.43658843505365,-122.46537784223656,0.42203548220504156,0.9235261058988824,22,22,10,-0.9630551988981241,-0.2428544686244213,-0.11638896401482614,349.869659,-0.2326327172475934,0.9679367644752062,-0.09476517737687461,-479.52652,0.13567130404509192,-0.06418821579090062,-0.988672428164296,87.853233,0.0,0.0,0.0,1.0,0.033429100436808856,0.9762112078516354,-0.21422925315847618,-0.1650632900439426,-0.9940533448137285,0.05470281689032372,0.09415704694234445,0.04442852242348901,0.10363610813140813,0.20980772028006137,0.9722346823695701,0.4899733436742194,0.0,0.0,0.0,1.0,-0.024007952671995292,-0.028654034176779263,0.9993010379930042,706.8558203428383,-0.037735236787651845,0.998902780186245,0.02773603505860242,-558.6347329896288,-0.998999334390709,-0.037042975873816816,-0.025062877435218227,201.51674132878873,0.0,0.0,0.0,1.0
2026-07-15T11:41:38.329,145,random,29,5,86.40363642395188,32.94944671171431,34.98461127438235,-8.09820301949305,6.908229028046851,10.546668545335358,349.863464,-479.54715,87.831863,174.77470205202923,7.190677624671345,-169.5592964260714,704.8408637664693,-558.991579802629,202.19702405525567,-133.33156548676507,86.89686995538509,-132.2307905373269,0.209727861032253,0.37082592046276736,12,12,10,-0.9757082800697697,-0.19167568825629058,0.10608384766197472,349.863464,-0.17979257631449122,0.9772902444527017,0.11215350016729903,-479.54715,-0.1251718087489735,0.09035601047553951,-0.9880120493523622,87.831863,0.0,0.0,0.0,1.0,-0.12242201559313892,0.9765998807286297,-0.1768205956865307,-0.12984722394753778,-0.9782081679578114,-0.14883449644060007,-0.14476557881587465,-0.017753240380393616,-0.16769505132452586,0.15524485701658333,0.9735385991994185,0.5263861635488845,0.0,0.0,0.0,1.0,-0.0363840397361922,-0.019927825813092173,0.9991391711923012,704.8408637664693,-0.04008269692952877,0.9990257186937989,0.01846593607684787,-558.991579802629,-0.9985337145331299,-0.039376327237335855,-0.03714735244896369,202.19702405525567,0.0,0.0,0.0,1.0
2026-07-15T11:41:57.108,146,random,30,1,89.67758102665651,-10.459606830237643,39.406268354407175,-9.52918132584317,-0.9831728864590303,-6.361834430003219,353.139191,-522.959412,92.230316,173.350214381775,-0.6944248476985578,173.5351651580432,708.9704963547847,-559.87094495863,199.4957202483634,-116.63266835565113,87.96272931607788,-111.98996969196338,0.3319531201677246,0.7765193880868321,16,16,10,-0.9935681674953323,0.11323046057222379,0.0010767258561406915,353.139191,0.11258512038667122,0.9867984240243942,0.11641933263204446,-522.959412,0.012119703275491367,0.115791766294387,-0.9931995668801613,92.230316,0.0,0.0,0.0,1.0,-0.14975399299250777,0.9701749503863927,0.1906156006877722,0.021787150659636975,-0.9887198766975276,-0.1474506002669525,-0.026293077114343536,0.008450036307269964,0.0025974999567439042,-0.19240292649457227,0.9813125734801826,0.5363983225094138,0.0,0.0,0.0,1.0,-0.013311340071259859,-0.08115330275625496,0.9966127380669275,708.9704963547847,-0.03296333591653736,0.9961949191906493,0.08067900262143085,-559.87094495863,-0.9993679135887644,-0.03177773482309649,-0.015935772926099212,199.4957202483634,0.0,0.0,0.0,1.0
2026-07-15T11:42:03.213,147,random,30,2,89.67758102665651,-10.459606830237643,39.406268354407175,8.609976548469213,-10.911393557011237,5.665286012486764,353.139313,-522.959534,92.230064,-168.510898252541,-10.622637521725464,-174.43786016427183,710.9857493221375,-558.4409401710247,200.2651692833663,-131.11294132881886,87.29563122400279,-128.7013905790001,0.343710213190804,0.7449548437471252,24,24,10,-0.978234946023663,-0.13152730605932708,-0.16048974465322463,353.139313,-0.09526420026103168,0.9717898049865182,-0.21575288427479022,-522.959534,0.18433969330208616,-0.19576808392851242,-0.9631685910515624,92.230064,0.0,0.0,0.0,1.0,0.16364702789790325,0.9828552596912531,-0.08494226720203417,-0.09719687209430863,-0.9747750352915256,0.17434458328936475,0.13934703746424565,0.05183148761076932,0.15176719287312038,0.0599958729822035,0.9865937433374061,0.5067626233635324,0.0,0.0,0.0,1.0,-0.02950147750390184,-0.04260172733125978,0.9986564752974264,710.9857493221375,-0.036822031800761074,0.9984595267063155,0.04150555991025625,-558.4409401710247,-0.9988862802136935,-0.03554808514945849,-0.0310247134242417,200.2651692833663,0.0,0.0,0.0,1.0
2026-07-15T11:42:08.149,148,random,30,3,89.67758102665651,-10.459606830237643,39.406268354407175,4.45479024087577,6.7166297501306715,5.944683904578444,353.136658,-522.944946,92.263962,-172.69056807224086,6.989855917477991,-174.16925754991448,710.5826070351635,-557.497620288052,202.61684661462235,-146.78023153214872,85.55197333066737,-144.46169793844015,0.12088418346081135,0.2699589142903413,12,12,10,-0.9874325080289498,-0.08536180316159966,0.1330052805292272,353.136658,-0.10083504604345324,0.988314800124939,-0.11430725848963577,-522.944946,-0.12169361354267023,-0.12628229652252154,-0.9845016231616509,92.263962,0.0,0.0,0.0,1.0,0.08673727181713711,0.9954913077002099,-0.03838882612228473,-0.07309676582224846,-0.9782954421950676,0.0778333506078267,-0.19204165515199115,-0.04484922617314463,-0.18818786745716964,0.054212782869781304,0.9806356615560323,0.5428988707314301,0.0,0.0,0.0,1.0,-0.06310840813786159,-0.04179771553277546,0.9971310243887446,710.5826070351635,-0.04507847281075095,0.9982222581797086,0.03899044195254177,-557.497620288052,-0.9969880942676075,-0.042488519047447694,-0.06488039486469821,202.61684661462235,0.0,0.0,0.0,1.0
2026-07-15T11:42:12.484,149,random,30,4,89.67758102665651,-10.459606830237643,39.406268354407175,13.687733867625113,5.842712459723842,-5.362702333672749,353.13913,-522.959839,92.229935,-163.43328897631216,6.131450548812992,174.53434625697187,709.7419719447289,-556.9329553660408,202.88348834886946,-131.15704888927297,86.71557411351394,-127.67727365849731,0.3030193649151558,0.6705102094893153,16,16,10,-0.9897589476443727,0.12161149565939464,0.0747520546967709,353.13913,0.09470416430793409,0.9512298104383922,-0.2935863910266899,-522.959839,-0.10680986293708934,-0.28350042655492713,-0.9530053312141199,92.229935,0.0,0.0,0.0,1.0,0.23564246437345324,0.9533007682061588,0.18891869764942062,-0.014819565649804318,-0.962135011861606,0.2562424479217222,-0.09293022561659452,-0.03317741351265352,-0.1369994450137424,-0.1598669860247291,0.9775856478310716,0.5479871400312841,0.0,0.0,0.0,1.0,-0.035018024958986226,-0.061452097098791625,0.9974955527169698,709.7419719447289,-0.045345191144998014,0.9971774738566013,0.05984061557998262,-556.9329553660408,-0.9983574267605744,-0.04313612633429542,-0.03770574275725513,202.88348834886946,0.0,0.0,0.0,1.0
2026-07-15T11:42:17.822,150,random,30,5,89.67758102665651,-10.459606830237643,39.406268354407175,-6.93676113971113,6.028548502729404,-9.9607084591119,353.139313,-522.959412,92.230194,175.9426765174034,6.317260761773917,169.93618806370847,705.3696068109473,-558.7268503757964,200.80654748034135,-93.09458118180197,87.77619312370237,-88.82670254520063,0.30700969816779483,0.6470655149215797,11,11,10,-0.9786350250959224,0.16664133259872008,0.12043319278847561,353.139313,0.17368380135491826,0.9835065232477567,0.05048619490529017,-522.959412,-0.1100337439261642,0.07032485335094844,-0.9914368311691667,92.230194,0.0,0.0,0.0,1.0,-0.10829449553730894,0.9649161440934164,0.23918431617522884,0.03665423271572294,-0.9888272445186344,-0.07976212699993639,-0.12593126535586913,-0.03496786118091857,-0.10243526118482858,-0.25014963114971417,0.9627731712618802,0.542864189760349,0.0,0.0,0.0,1.0,0.0007945487238443726,-0.07440427084198871,0.9972278441624048,705.3696068109473,-0.038794872242974794,0.9964751472383397,0.0743790213970245,-558.7268503757964,-0.9992468796948912,-0.03874642456794952,-0.0020947561250662266,200.80654748034135,0.0,0.0,0.0,1.0
2026-07-15T11:42:36.737,151,random,31,1,50.9982130330108,57.71112755211084,-10.700890676289967,8.00904157758605,11.698251307723876,-7.2596226640509895,314.464142,-454.785126,42.132736,-170.0773075686492,12.061850207314578,172.55288631407095,708.8407932561165,-558.6417239193688,202.21561342034553,-132.17721210015782,85.85259067496736,-130.4346354023869,0.20774134534268307,0.44561928358898495,16,16,10,-0.9696737369571088,0.1633775396524398,0.18177079906506283,314.464142,0.12674951843745624,0.9720650766312704,-0.19754504896280053,-454.785126,-0.20896746979257066,-0.16851488459764546,-0.9632939998969855,42.132736,0.0,0.0,0.0,1.0,0.10689959221265086,0.9740376659027277,0.19955726643631475,-0.05799943245111047,-0.9631195620042037,0.15128911732048445,-0.22251362265088337,-0.03999564044725608,-0.24692749233246558,-0.1684108915217604,0.954287475107604,0.6090325688166252,0.0,0.0,0.0,1.0,-0.04690709950122027,-0.03166768488738344,0.9983971563211989,708.8407932561165,-0.05504819999500074,0.9980604138360987,0.029070707088499743,-558.6417239193688,-0.9973812810022519,-0.053596343785637754,-0.04855936819109825,202.21561342034553,0.0,0.0,0.0,1.0
2026-07-15T11:42:39.039,152,random,31,2,50.9982130330108,57.71112755211084,-10.700890676289967,11.984135693295283,8.98456802049499,-8.557356506493424,314.463348,-454.797211,42.076534,-165.72047919869487,9.461825028790415,171.3298506045847,710.1236241264572,-558.9948984103255,199.4877011899288,-134.4818069550052,85.43186774663879,-132.88286053086372,0.25029001878523854,0.5840107518200073,17,17,10,-0.9751233749220422,0.18617233487831938,0.12030904125044477,314.463348,0.14869495915809486,0.9519172348841942,-0.2678495604838696,-454.797211,-0.1643904279501055,-0.24329701941533213,-0.9559196344578328,42.076534,0.0,0.0,0.0,1.0,0.17688077582809913,0.9583088966734238,0.22440421051979997,-0.05832424485589974,-0.9619939526376876,0.21652363724189916,-0.16638855009903117,-0.02703838785817376,-0.20804044373863725,-0.18644455763605286,0.9601862322991968,0.6071881437913422,0.0,0.0,0.0,1.0,-0.05419822245712758,-0.029445592654189542,0.9980959421597362,710.1236241264572,-0.05835923308674125,0.9979498820388422,0.026272282964910604,-558.9948984103255,-0.9968233306840367,-0.056824202694841494,-0.05580553191288884,199.4877011899288,0.0,0.0,0.0,1.0
2026-07-15T11:42:46.510,153,random,31,3,50.9982130330108,57.71112755211084,-10.700890676289967,-6.766330309940997,-9.385272939328773,9.712140876700602,314.4599,-454.788727,42.122925,176.11284498255728,-9.096564434394514,-170.39105925726284,706.8000770446669,-559.3571146956778,200.104579007172,-116.77337835829508,87.67572340513736,-115.39003808061362,0.3643862741060748,0.9440295244694712,24,24,10,-0.973569741252972,-0.1559711921464145,-0.16683808359318775,314.4599,-0.1648232673754693,0.9854908188937901,0.04051094182713516,-454.788727,0.15809885973116888,0.06693902521304905,-0.9851517230636259,42.122925,0.0,0.0,0.0,1.0,-0.10027808613921532,0.9859404790531383,-0.13366254974646025,-0.14816981324042375,-0.9857581773717176,-0.08022234779111596,0.14780118625935107,0.123329345783248,0.13500044883275886,0.1465801715081205,0.9799434331305066,0.5197585019673574,0.0,0.0,0.0,1.0,-0.017389160518572446,-0.02445643502216401,0.9995496485330108,706.8000770446669,-0.036637925973538564,0.9990449957476402,0.023806697628099876,-559.3571146956778,-0.9991773013218512,-0.03620744754335646,-0.018268586852250707,200.104579007172,0.0,0.0,0.0,1.0
2026-07-15T11:42:53.414,154,random,31,4,50.9982130330108,57.71112755211084,-10.700890676289967,-1.1180541637080097,7.988052733849113,-12.52060499955638,314.459686,-454.78952,42.12273,-178.23891947294922,8.276661829562308,167.3763845224025,706.4193432948576,-557.7907096752098,202.44898604423207,-116.40576965194121,87.07126138117431,-114.562345742328,0.38978276847160676,0.8664563718123233,16,16,10,-0.9656630508339656,0.22275923776858667,0.13369066625159756,314.459686,0.216269205667034,0.9743990193147861,-0.06143437017283577,-454.78952,-0.14395312755959117,-0.030411727131834213,-0.9891170931283468,42.12273,0.0,0.0,0.0,1.0,-0.0196398251218707,0.9669755964699547,0.25411114320461925,-0.012427422063627337,-0.9878406024965689,0.02043775817219672,-0.1541208684770199,-0.0021477206116248997,-0.15422458081771007,-0.25404821170886227,0.9548163618199739,0.603856409928492,0.0,0.0,0.0,1.0,-0.02123886340192968,-0.032654561873951125,0.9992410070999966,706.4193432948576,-0.046470363996018706,0.998418458650114,0.0316399541214705,-557.7907096752098,-0.998693854968314,-0.045763096656055546,-0.022722742637647904,202.44898604423207,0.0,0.0,0.0,1.0
2026-07-15T11:42:58.755,155,random,31,5,50.9982130330108,57.71112755211084,-10.700890676289967,-0.6251709643700956,3.4494256931286245,7.694670710663104,314.460236,-454.788452,42.122833,-177.74600388179817,3.738263134331056,-172.40878742859553,707.7177325321977,-557.6561841353389,202.84489034111525,-137.22163442472043,86.45459135419254,-136.81769551374856,0.3096503414464119,0.5340631293571975,20,20,10,-0.9891267601940086,-0.12946039658942513,0.06977290292809188,314.460236,-0.13182328794005188,0.9908076356503345,-0.030378444556434524,-454.788452,-0.06519871950259713,-0.03924582591694255,-0.997100241762742,42.122833,0.0,0.0,0.0,1.0,0.003079193166634592,0.9925853693540343,-0.12151050618674437,-0.153641075807972,-0.9933312417936698,-0.010968737118107325,-0.11477251797656143,0.027692323402826242,-0.11525433894690827,0.121053588754527,0.9859322826662901,0.565900023128346,0.0,0.0,0.0,1.0,-0.045092180140274774,-0.007997830880625946,0.9989508146007002,707.7177325321977,-0.04231817586319791,0.9990856319049528,0.006088687271794097,-557.6561841353389,-0.9980861021383921,-0.04199922406768008,-0.04538940290314865,202.84489034111525,0.0,0.0,0.0,1.0
2026-07-15T11:43:17.566,156,random,32,1,-5.059510771975746,-67.25601890409207,-47.435472091324385,14.412124850499321,-9.0285903651133,-9.65450767102304,258.401703,-579.75647,5.388905,-162.70895573170776,-8.739783615366552,170.2424913009854,704.0838709399394,-556.902442161979,200.29479608975652,-85.11854882826277,87.75951034240295,-81.12809515046433,0.5553656774933395,1.1338633015940471,24,24,10,-0.9740904487782227,0.11731019809698076,-0.19335489396828753,258.401703,0.1675107798468569,0.9486489861280227,-0.2683379208262825,-579.75647,0.1519471494768442,-0.2937744347977229,-0.9437206393976662,5.388905,0.0,0.0,0.0,1.0,0.25761442882556296,0.9489284892615101,0.18212503487644582,0.022205145753166556,-0.952198286778471,0.21729257345507422,0.21471460168655618,0.17424414279974104,0.16417438508191254,-0.22873272566281158,0.9595457839487584,0.5806910523879452,0.0,0.0,0.0,1.0,0.006029301343659998,-0.0694727918355158,0.9975656262722203,704.0838709399394,-0.03862622104711239,0.9968230838701295,0.06965453690366495,-556.902442161979,-0.9992355390862194,-0.03895215858233678,0.0033266753447708107,200.29479608975652,0.0,0.0,0.0,1.0
2026-07-15T11:43:21.536,157,random,32,2,-5.059510771975746,-67.25601890409207,-47.435472091324385,2.282504209384225,-14.048115079283761,-3.45260669949754,258.402283,-579.755859,5.38838,-174.8380711841707,-13.759294971169155,176.44407188392242,704.0420794642024,-559.1950635589808,199.25725955943332,-87.88977812851442,88.01255408884346,-84.27701194895242,0.33402182082578585,0.7438729137880878,24,24,10,-0.9694334778372973,0.040413504876833116,-0.2420030592200284,258.402283,0.06024298141145896,0.9953541655663913,-0.07510571403223217,-579.755859,0.23784346793414574,-0.0873889793578287,-0.9673642804279348,5.38838,0.0,0.0,0.0,1.0,0.05312883063257803,0.993265235093026,0.10296358633619777,0.027033135963349247,-0.968537164092724,0.02615078392323589,0.24749120847299838,0.19493225644957715,0.24313183486915055,-0.11287297841289119,0.9634036545588577,0.5646690474925159,0.0,0.0,0.0,1.0,0.0034583058273044615,-0.06295294488381756,0.9980105043792172,704.0420794642024,-0.03450765900268545,0.9974145673015654,0.06303493003713294,-559.1950635589808,-0.9993984498641972,-0.03465700023208771,0.0012770058550719485,199.25725955943332,0.0,0.0,0.0,1.0
2026-07-15T11:43:28.609,158,random,32,3,-5.059510771975746,-67.25601890409207,-47.435472091324385,5.3035082703040075,11.6108477739886,9.719193602171746,258.395111,-579.745544,5.430227,-171.77148647307152,11.882457121659115,-170.37753745329775,709.9783360462969,-555.1848851434551,202.26126933497443,-140.6812274851785,85.97493925270916,-138.0846891725522,0.15105999971718614,0.41977303627475093,20,20,10,-0.9648041338826062,-0.1363796956362954,0.2248411925363888,258.395111,-0.16357349810698668,0.9807065123511571,-0.1070441373876836,-579.745544,-0.2059045748886548,-0.1400546866412584,-0.9684978011279846,5.430227,0.0,0.0,0.0,1.0,0.1008464224967098,0.9912418310794718,-0.08526213337602442,-0.059567094653518934,-0.9593842725742148,0.07419440586213082,-0.2721709162934399,-0.010275004612713932,-0.2634612241049149,0.10924661302292799,0.9584640634557761,0.6602352472985576,0.0,0.0,0.0,1.0,-0.05223277859406163,-0.04646563406095862,0.9975533477923156,709.9783360462969,-0.04689099263356731,0.9979292458775278,0.04402788925383111,-555.1848851434551,-0.9975334438755339,-0.04447656769156035,-0.05430343705692665,202.26126933497443,0.0,0.0,0.0,1.0
2026-07-15T11:43:33.376,159,random,32,4,-5.059510771975746,-67.25601890409207,-47.435472091324385,2.8977261954332363,-5.828775631395386,12.837748619139727,258.401093,-579.768616,5.368589,-174.21979242744504,-5.533740976932517,-167.26099082246316,713.4488350392695,-556.0561495076034,200.8080504587927,-126.77427273810308,87.3305577627745,-123.2984877164199,0.2285157043350817,0.5602436179477472,24,24,10,-0.9708389389857731,-0.22886201141852106,-0.07137180310491739,258.401093,-0.2194826648069135,0.9682837754513993,-0.11938965636452815,-579.768616,0.09643191586935528,-0.10024325377327294,-0.9902788373355823,5.368589,0.0,0.0,0.0,1.0,0.06829355700291462,0.983523159577871,-0.16738633350979323,-0.09527423248636674,-0.9956766671855072,0.07777931497096262,0.05077748108175345,0.12684816373715202,0.06296002298482455,0.16319489188271194,0.9845828877088717,0.6081359406992256,0.0,0.0,0.0,1.0,-0.02556899795602963,-0.06110388294063781,0.9978038593997829,713.4488350392695,-0.03892731831065538,0.9974340136398953,0.06008371096520656,-556.0561495076034,-0.9989148563479595,-0.03730554816359537,-0.027881998557280314,200.8080504587927,0.0,0.0,0.0,1.0
2026-07-15T11:43:40.116,160,random,32,5,-5.059510771975746,-67.25601890409207,-47.435472091324385,-10.54917502655352,5.108888121970839,-9.098979003070982,258.402069,-579.755798,5.388628,172.33012032332408,5.3974916132504065,170.79808847492376,727.6312634523351,-555.1865075815069,198.88677380329224,-162.7049022195564,82.21440494909348,-156.24978112810092,0.7667099310512977,1.984731836273212,22,22,10,-0.9827540745538644,0.14609064356878565,0.11336645363349512,258.402069,0.1592050750128529,0.9803071836014979,0.11683993268335494,-579.755798,-0.0940647279160965,0.132873434669828,-0.9866592508668398,5.388628,0.0,0.0,0.0,1.0,-0.20324766137678776,0.9508683362677707,0.23353756705983905,0.1238462101271712,-0.9571327300938903,-0.1426766384825076,-0.25207204092153507,0.03285121162746123,-0.20636696714320032,-0.27475950195524484,0.9391058997564775,0.6554266974608269,0.0,0.0,0.0,1.0,-0.12399381620039918,-0.11493330835325807,0.9856043162319434,727.6312634523351,-0.05455915026045585,0.9925564966575628,0.10888020970646219,-555.1865075815069,-0.9907819299255104,-0.040273261276448605,-0.12934153145544672,198.88677380329224,0.0,0.0,0.0,1.0
2026-07-15T11:44:00.997,161,random,33,1,98.45293736509332,71.63203790715542,-8.826902361477387,-0.6362966187304018,10.413340206336727,-13.815878906811385,361.915436,-440.86969,44.02993,-178.95374161815442,10.488508101885337,165.97338276946564,706.2312661345344,-558.0548114840983,203.1405960817976,-116.7588733282257,86.95576143579792,-114.92880997041911,0.3718135447479832,0.8174817727873639,16,16,10,-0.9539728690224463,0.24555706400415753,0.17215543409007072,361.915436,0.23832293058259654,0.9692158493227387,-0.061828942899947996,-440.86969,-0.1820383089561246,-0.0179545464788237,-0.9831275035991691,44.02993,0.0,0.0,0.0,1.0,-0.03424397113671537,0.9604930857025894,0.27618903446427034,-0.026385252558650218,-0.9808642142460374,0.02069637440464604,-0.19358991011415505,-0.01209520144485888,-0.1916578817901618,-0.2775332275674767,0.9414045697486748,0.565360098486468,0.0,0.0,0.0,1.0,-0.02238416378735763,-0.03246630054990614,0.9992221417383343,706.2312661345344,-0.04815912900719145,0.9983472889070818,0.03135903418710772,-558.0548114840983,-0.9985888280492676,-0.04741972227336136,-0.023910717988130242,203.1405960817976,0.0,0.0,0.0,1.0
2026-07-15T11:44:09.438,162,random,33,2,98.45293736509332,71.63203790715542,-8.826902361477387,-14.875684173742474,-14.39190792880426,10.026185240906585,361.914459,-440.86731,43.996807,168.0036014207322,-14.102897760909109,-170.0772502728697,706.905778353667,-560.8286676675082,198.38856138693825,-117.7119431564021,87.90028547456731,-116.01668851958635,0.39488081808671727,0.9708915477865407,24,24,10,-0.9553515452118162,-0.11866885578945678,-0.2705940275154209,361.914459,-0.16712644722844,0.9722556111530736,0.16366971991838591,-440.86731,0.24366406320628142,0.2015855382883022,-0.9486786047207035,43.996807,0.0,0.0,0.0,1.0,-0.23155554828466926,0.9683136303365872,-0.09354539733715328,-0.12094968332340406,-0.947001355381652,-0.2023577924628213,0.2494789705263518,0.15745478650442027,0.22264424754280215,0.1463558578737235,0.9638513899466796,0.45191955231805037,0.0,0.0,0.0,1.0,-0.01607095292610384,-0.0298441856485596,0.9994253594216136,706.905778353667,-0.03292599242807161,0.9990281382239488,0.02930286776781607,-560.8286676675082,-0.9993285763424729,-0.03243614680824262,-0.01703798361193671,198.38856138693825,0.0,0.0,0.0,1.0
2026-07-15T11:44:18.013,163,random,33,3,98.45293736509332,71.63203790715542,-8.826902361477387,0.0018936623326748503,14.260032204682599,-8.861047125025019,361.914368,-440.867401,43.99646,-177.1189015750275,14.548773517079916,171.03575136834402,707.2421720861718,-557.8990807183364,203.4519474144965,-122.02127221259569,86.74654610829197,-119.705067547705,0.2008444322561814,0.45879553164976616,12,12,10,-0.9561115716373761,0.1680933472093756,0.23999018564319435,361.914368,0.15082169696014056,0.9845697722018381,-0.08874220750288124,-440.867401,-0.2512040571073049,-0.048651724433664195,-0.9667106761603809,43.99646,0.0,0.0,0.0,1.0,-0.004688299026497881,0.9780305646914262,0.2084088155083849,-0.05943633220049858,-0.9627778516775969,0.05190967914907635,-0.26526249929025336,-0.04111361136042137,-0.2702532667171849,-0.2018950215830242,0.9413827978504176,0.5678786913946732,0.0,0.0,0.0,1.0,-0.028123112099922732,-0.04109154863511514,0.998759518200744,707.2421720861718,-0.049294933101977474,0.9979960595660837,0.039672089194311914,-557.8990807183364,-0.9983882512010479,-0.04811808102301891,-0.030092360199482866,203.4519474144965,0.0,0.0,0.0,1.0
2026-07-15T11:44:23.450,164,random,33,4,98.45293736509332,71.63203790715542,-8.826902361477387,-13.766873055636365,-0.7130299766928427,-3.482102645636459,361.910583,-440.872681,43.94585,169.1668203364068,-0.3764332714009509,176.4239037695338,711.1447297152894,-559.665149417049,199.7337630034682,-140.73940658305838,86.8371286791644,-139.07202101933643,0.30139259279580505,0.5986007250710254,22,22,10,-0.9980312973957751,0.062494960800425416,0.005282924669090361,361.910583,0.06237279166088327,0.9801890924698452,0.18798664277966515,-440.872681,0.006569952734536511,0.18794606374621062,-0.9821573768207269,43.94585,0.0,0.0,0.0,1.0,-0.22569422343883075,0.9707285715664321,0.08214717189859429,-0.05983398247257894,-0.9736462161672702,-0.22192483953784126,-0.052558646665037706,0.07149466761212125,-0.032789682058533866,-0.09184446603197027,0.9952333549523963,0.5349325071995805,0.0,0.0,0.0,1.0,-0.04168618095840904,-0.029825595355133874,0.9986854841133992,711.1447297152894,-0.036145348608121394,0.998945058877402,0.028324602705442816,-559.665149417049,-0.9984767278665534,-0.03491709045919567,-0.042720261033427985,199.7337630034682,0.0,0.0,0.0,1.0
2026-07-15T11:44:26.782,165,random,33,5,98.45293736509332,71.63203790715542,-8.826902361477387,-4.991035319766349,-4.588319667689014,0.029555072925852244,361.913177,-440.866089,43.986507,177.8910194997458,-4.292714392679154,179.92771257409734,711.3766149399122,-559.0555567546096,199.91743951400025,-138.7212045608222,86.92431290589799,-137.24463701201526,0.33744165442801205,0.7147935239160871,24,24,10,-0.9971938659438635,0.004015372976058969,-0.07475473566132994,361.913177,0.0012581138882302946,0.9993183673280482,0.03689468620612221,-440.866089,0.0748519263170723,0.036697104799522234,-0.9965191978210739,43.986507,0.0,0.0,0.0,1.0,-0.07320240994395032,0.9969365846436896,0.027547293467277502,-0.1054834661351294,-0.9966849505716299,-0.07411139946610079,0.03356500816629792,0.08387277803651624,0.03550375307521009,-0.02499893334025369,0.9990568236338832,0.5169597618250685,0.0,0.0,0.0,1.0,-0.03939673021169393,-0.026465888837797026,0.9988730922277629,711.3766149399122,-0.036424802056790134,0.9990228084285574,0.02503321862327986,-559.0555567546096,-0.998559528242433,-0.0353975277038184,-0.040322246821162935,199.91743951400025,0.0,0.0,0.0,1.0
2026-07-15T11:44:45.769,166,random,34,1,-22.236119133879463,51.154503024690456,-11.303241273133601,-14.000289549249727,-5.472401883312383,3.52640227168596,241.225601,-461.345337,41.520611,168.8791382274716,-5.183549172548558,-176.5768262050542,710.1868280100339,-559.6686383209335,199.52091302604353,-124.96951618319055,87.48648175602182,-122.95726461293225,0.26116097160641527,0.6172361449509152,24,24,10,-0.9941334362358166,-0.041194009814363025,-0.10000882217775489,241.225601,-0.059465924140250793,0.9805122712515595,0.18724179499047247,-461.345337,0.0903466370382073,0.1920904460938189,-0.9772096733533516,41.520611,0.0,0.0,0.0,1.0,-0.22700352054015388,0.9738198911673015,-0.01200921434902195,-0.0798752483840062,-0.9717654050297262,-0.22567533644110854,0.0688668288046133,0.11770991492163006,0.06435370424293678,0.02730315163304941,0.9975535768374124,0.626088354152206,0.0,0.0,0.0,1.0,-0.023857759203551845,-0.03554209479318071,0.9990833633003295,710.1868280100339,-0.03679778626486237,0.99872181550251,0.03465051464806566,-559.6686383209335,-0.9990379023099124,-0.03593737242875259,-0.025135134993198156,199.52091302604353,0.0,0.0,0.0,1.0
2026-07-15T11:44:49.634,167,random,34,2,-22.236119133879463,51.154503024690456,-11.303241273133601,-11.840407402865885,-12.799741453168412,13.855147461181264,241.225571,-461.345215,41.520313,171.03873074887872,-12.51081993557909,-166.2482879195694,705.5643003166385,-560.2168303349732,199.7134920346964,-104.50074315327869,88.01155975369694,-102.39214600227207,0.35944987386612937,0.8496023410580881,24,24,10,-0.9482707313498484,-0.202037757248378,-0.24487418138968692,241.225571,-0.2320704043018143,0.9674998888516279,0.10043551423316525,-461.345215,0.21662397723339918,0.15206810881356217,-0.964338811191093,41.520313,0.0,0.0,0.0,1.0,-0.18326017558046695,0.9686445262162034,-0.16776021541951774,-0.15991609475885135,-0.9621778119153305,-0.14174536435750643,0.23264159116758285,0.17418660996702945,0.2015677709953737,0.20404909584348652,0.9579845511183425,0.563105215084696,0.0,0.0,0.0,1.0,-0.007446211558523306,-0.03691876236368843,0.9992905277840674,705.5643003166385,-0.03388946207246143,0.9987534961801456,0.036646394479879364,-560.2168303349732,-0.9993978478533289,-0.03359254163455386,-0.008688086824258055,199.7134920346964,0.0,0.0,0.0,1.0
2026-07-15T11:44:56.742,168,random,34,3,-22.236119133879463,51.154503024690456,-11.303241273133601,-10.503830595426678,10.909464436235293,-4.25254783296246,241.226303,-461.345184,41.520454,172.37526939758038,11.198001739595835,175.64450928081735,708.5868935587589,-558.4923665142803,200.9809141330241,-146.56338385392692,85.75181057478477,-144.88754793606964,0.18071131159913872,0.38113561365452336,16,16,10,-0.9781289592102699,0.049580108979143965,0.20200384141854974,241.226303,0.07449862503007058,0.9902528287426023,0.1176830065723309,-461.345184,-0.19420013909074144,0.13015816517180376,-0.9722886186808145,41.520454,0.0,0.0,0.0,1.0,-0.17499747028205428,0.9821429193255128,0.0690736665715627,-0.04677340236831357,-0.9523622787854149,-0.15105885023878662,-0.26492888425233646,-0.02993447158525469,-0.24976383913916345,-0.11214503904896328,0.9617907853973089,0.6753435030793018,0.0,0.0,0.0,1.0,-0.06059679893643242,-0.03048308932379956,0.9976967521366072,708.5868935587589,-0.04260782105796035,0.9987015149701578,0.027925930262090202,-558.4923665142803,-0.9972525264662663,-0.04081746270393952,-0.06181693291535919,200.9809141330241,0.0,0.0,0.0,1.0
2026-07-15T11:44:59.874,169,random,34,4,-22.236119133879463,51.154503024690456,-11.303241273133601,-1.9625696157931003,9.801465027238844,1.2745845540627272,241.225708,-461.345551,41.520363,-179.0836884460901,10.090245138489902,-178.8287795230364,710.8027778572571,-557.695802177732,202.05281839742412,-149.90134110827083,85.21036722750283,-148.2523032865175,0.11525729858350084,0.22542237226898532,16,16,10,-0.9843273307581805,-0.017636422256762287,0.17546698416641454,241.225708,-0.020124081416692734,0.9997204926439764,-0.012407978675811797,-461.345551,-0.17519910750232123,-0.01574462440537271,-0.9844071208258928,41.520363,0.0,0.0,0.0,1.0,-0.02698052887622276,0.9995783330525398,0.010733459529203512,-0.10163250327497364,-0.9690558243277259,-0.023518143168349555,-0.2457187544295819,-0.027561491926687644,-0.24536271191456846,-0.017030943421277405,0.9692817374572317,0.6684037263694067,0.0,0.0,0.0,1.0,-0.07100408030279894,-0.030266350983640628,0.9970167343522822,710.8027778572571,-0.04393471081505152,0.9986643988445896,0.027187490983403107,-557.695802177732,-0.9965079837943857,-0.041873219108517275,-0.07223899054900075,202.05281839742412,0.0,0.0,0.0,1.0
2026-07-15T11:45:03.310,170,random,34,5,-22.236119133879463,51.154503024690456,-11.303241273133601,1.7485820762684234,9.688988290479113,12.185911743052078,241.225449,-461.344299,41.519871,-175.3722970323507,9.977658931746694,-167.91737127256502,708.949072645634,-557.1438370314238,202.74025610191435,-149.8628344108878,85.27847640503902,-147.45809892896668,0.3548315835686156,0.6869527952137235,16,16,10,-0.9630571925401995,-0.19497028999441382,0.18576175579511298,241.225449,-0.20615618757680307,0.9775850854391014,-0.042743736977749955,-461.344299,-0.17326416311628612,-0.07946059870476219,-0.9816646795281441,41.519871,0.0,0.0,0.0,1.0,0.049434898953981316,0.987572756935529,-0.14918525571975194,-0.19215507843451352,-0.9673360791526894,0.010158717242984465,-0.25329372363617436,-0.03471563413699583,-0.24863045013616342,0.15683382996896814,0.9558169537324358,0.6386286474426845,0.0,0.0,0.0,1.0,-0.06938963136567783,-0.043394499976744376,0.9966453714489941,708.949072645634,-0.04427744473436529,0.9982028839734846,0.04037957794248496,-557.1438370314238,-0.9966065356732967,-0.04132698632596321,-0.07118632772157266,202.74025610191435,0.0,0.0,0.0,1.0
2026-07-15T11:45:19.987,171,random,35,1,0.5479863901442057,36.22628998402847,83.8396118145696,-12.110053293474556,-3.705162658502463,-2.3339883443352463,264.009674,-476.27356,136.663483,170.7693832893877,-3.4163754450265595,177.56288657047438,711.3346878568477,-560.5239488116846,199.34013319434763,-140.16541410005908,87.03960195451728,-137.20479651467045,0.21445072539193025,0.41548258650952474,19,19,10,-0.9973199399961771,0.05152256087493802,-0.05194576986540748,264.009674,0.04244725825852028,0.9857514212602101,0.16276475585890962,-476.27356,0.05959167351531631,0.16012358103778557,-0.9852965397499778,136.663483,0.0,0.0,0.0,1.0,-0.1964495515900148,0.9758724267519203,0.09529207934240878,-0.04446660057894998,-0.9802392816753301,-0.1977649693758449,0.004468506283276363,-0.0032952772495893905,0.02320612722352915,-0.09253120334832447,0.9954393261601613,0.6259673475153555,0.0,0.0,0.0,1.0,-0.03789693470947629,-0.05227682124426266,0.997913300993739,711.3346878568477,-0.03508705379602727,0.9980844944827579,0.05095331715416114,-560.5239488116846,-0.9986654700126265,-0.03308286314231609,-0.03965858256123638,199.34013319434763,0.0,0.0,0.0,1.0
2026-07-15T11:45:25.694,172,random,35,2,0.5479863901442057,36.22628998402847,83.8396118145696,6.48018218967222,-0.33230475219292543,9.057092104949326,264.008698,-476.254303,136.683228,-170.66825623854712,-0.056550934379412256,-171.05769565189755,703.7715870646753,-557.4363471837282,203.10643240537135,-124.9204239919734,86.95381553086024,-124.45021468890413,0.19949137356496532,0.35083488555556175,16,16,10,-0.9878448848782444,-0.1535408161539809,0.024242549260702843,264.008698,-0.15543972867708084,0.9747473741831979,-0.16033105523184277,-476.254303,0.0009869998397492074,-0.16215046807743158,-0.9867655504392044,136.683228,0.0,0.0,0.0,1.0,0.1238226308144304,0.9822093242749835,-0.14118356634351062,-0.1519240909856701,-0.9916683713250408,0.11739120644782068,-0.05303909842997713,-0.06013284645403261,-0.03552178784539131,0.14657471799735522,0.9885616089208923,0.601733045908345,0.0,0.0,0.0,1.0,-0.03006127487625251,-0.008861997962157123,0.9995087717198552,703.7715870646753,-0.04382094922857769,0.99901095013644,0.007539623080261906,-557.4363471837282,-0.9985870238299313,-0.04357277245717507,-0.03041988393920125,203.10643240537135,0.0,0.0,0.0,1.0
2026-07-15T11:45:30.061,173,random,35,3,0.5479863901442057,36.22628998402847,83.8396118145696,11.591126667774716,-11.617892727255313,-1.3588862430615745,263.989136,-476.308167,136.596115,-165.44557404859114,-11.233926193350538,178.59117392539565,711.3048191732327,-558.2588491694994,199.22869816699222,-132.52601926137834,87.26871051053071,-130.4274067987926,0.2657781729245597,0.6851175515568924,24,24,10,-0.9805434787022106,-0.02514497335785089,-0.19468491644038707,263.989136,0.02411510413591755,0.9688204439517887,-0.2465875283415059,-476.308167,0.19481516400701815,-0.24648463987821248,-0.9493641946992875,136.596115,0.0,0.0,0.0,1.0,0.21183865688066741,0.9771437234601447,0.0177349134037991,-0.1005812069241044,-0.9632464955462186,0.20569018368126757,0.17276497664484997,0.024338732119246212,0.16516831496665468,-0.05368139379349005,0.9848033995125446,0.6083869483294035,0.0,0.0,0.0,1.0,-0.030901526751552937,-0.037162417282453175,0.998831342312679,711.3048191732327,-0.036274002030455596,0.9986919823669266,0.03603499871949608,-558.2588491694994,-0.9988640009636537,-0.03511807366221031,-0.03220913660963326,199.22869816699222,0.0,0.0,0.0,1.0
2026-07-15T11:45:31.597,174,random,35,4,0.5479863901442057,36.22628998402847,83.8396118145696,11.11874806670107,-11.401021529009858,-2.3342454506733255,264.001007,-476.292847,136.636749,-165.9715493045212,-11.070805109076792,177.58465896668935,711.3229791183411,-558.4520667892888,199.11662754826972,-133.16274760005118,87.26005547388972,-130.9764167261412,0.2855644372189185,0.7093323423933015,24,24,10,-0.9805187504906688,-0.005619198506139116,-0.19634511591676015,264.001007,0.041358911315457166,0.9712751875077292,-0.23433725821265686,-476.292847,0.19202192684955938,-0.237892695852508,-0.9521211293049895,136.636749,0.0,0.0,0.0,1.0,0.20274340245763614,0.9784689633514876,0.03864712819560139,-0.09167630930820608,-0.9656446816683159,0.193222739615546,0.17376801104104292,0.02606493068759353,0.1625591016387516,-0.07254971160059322,0.9840279862997154,0.6100080903853449,0.0,0.0,0.0,1.0,-0.0313466251610736,-0.03869622269667187,0.998759225959901,711.3229791183411,-0.03609015833998925,0.9986424899636056,0.03755898973994507,-558.4520667892888,-0.9988567913179575,-0.03486803103561106,-0.03270062460709264,199.11662754826972,0.0,0.0,0.0,1.0
2026-07-15T11:45:36.235,175,random,35,5,0.5479863901442057,36.22628998402847,83.8396118145696,1.6451304398426423,-6.62238259157396,-14.489242477441822,264.009369,-476.273743,136.663666,-175.47554402703327,-6.333761946273686,165.40775883411249,703.6938461155436,-559.4638368694453,198.31236334250542,-107.41044304993562,88.17068208431607,-104.14339640761827,0.31393894893400015,0.5877091118729479,20,20,10,-0.9618363083186918,0.24273137574802806,-0.12630279184301546,264.009369,0.25040051053908435,0.9669200752368169,-0.04863283279631562,-476.273743,0.110319990580295,-0.07840310791989119,-0.9907988960161722,136.663666,0.0,0.0,0.0,1.0,0.046539231333592584,0.9534187167361717,0.298038337339394,0.02695359673124112,-0.9927845331062713,0.011138433491290905,0.11939349280561294,0.010569068332056732,0.11051231049906697,-0.3014443329646655,0.9470577296826449,0.6169342525604395,0.0,0.0,0.0,1.0,-0.007800173827836133,-0.057108652358325955,0.9983374975999205,703.6938461155436,-0.030954546108604448,0.9979032057657894,0.056841956313725815,-559.4638368694453,-0.9994903568136444,-0.030459706961444018,-0.009551590880954482,198.31236334250542,0.0,0.0,0.0,1.0
2026-07-15T11:45:57.050,176,random,36,1,65.95387372096675,86.10219880643105,-3.496069061584267,-11.998609615090182,-11.981071604266678,-1.4491022087564058,329.401733,-426.405792,49.277626,170.91096116056454,-11.648174679230124,178.45629966042188,709.2875010860889,-560.3934290360706,197.21270327941508,-125.73150814019674,87.6914083957146,-124.10341943043616,0.2588473763871477,0.6886381157329643,24,24,10,-0.9790503786155017,0.05848377738334918,-0.1950384677847362,329.401733,0.02638459975851937,0.9862264606006081,0.16328264239281423,-426.405792,0.20190148347257253,0.1547159209460092,-0.9671084607102777,49.277626,0.0,0.0,0.0,1.0,-0.18880609017686106,0.9785479924676479,0.08243838153228815,-0.08153708662496995,-0.9652823793629662,-0.20036465562375066,0.16758261505343175,0.13703945843670828,0.18050536945891055,-0.04793569874646666,0.9824052017279787,0.5255942036907688,0.0,0.0,0.0,1.0,-0.02258543928620403,-0.028781096487598384,0.9993305491263745,709.2875010860889,-0.0333542664247941,0.9990507577771419,0.028019212982929174,-560.3934290360706,-0.9991883660469199,-0.032699111148323995,-0.02352397259385659,197.21270327941508,0.0,0.0,0.0,1.0
2026-07-15T11:46:03.819,177,random,36,2,65.95387372096675,86.10219880643105,-3.496069061584267,-7.991306681906872,12.853172864633425,-13.634136480453233,329.413818,-426.387787,49.367184,174.61960237688731,13.071229954996548,166.21889518467918,704.810529202075,-558.0908990041091,202.27812636193465,-105.14811803852064,87.25025643057944,-103.08140212756508,0.2523698574180231,0.5280298590016583,12,12,10,-0.9460484287484271,0.2165674073524644,0.24102059774065773,329.413818,0.23204099476764645,0.9719855457037511,0.037430945622870235,-426.387787,-0.2261622143725014,0.09133814655231919,-0.9697979149155321,49.367184,0.0,0.0,0.0,1.0,-0.13900413341556794,0.9582069000384941,0.25003477280571595,-0.02724822665561366,-0.9643151589105363,-0.07352166207843876,-0.25434393938242617,-0.03925585462963925,-0.2253311456251323,-0.2764671805546594,0.9342332540042784,0.6002866672398393,0.0,0.0,0.0,1.0,-0.010858125040830289,-0.03631472277463268,0.9992814128314402,704.810529202075,-0.04672871701352912,0.9982669615628861,0.03577010565083983,-558.0908990041091,-0.9988486012038398,-0.04630674207719879,-0.012536247896739839,202.27812636193465,0.0,0.0,0.0,1.0
2026-07-15T11:46:09.759,178,random,36,3,65.95387372096675,86.10219880643105,-3.496069061584267,8.485004750705851,-1.1949278832772787,-1.1821777821187869,329.415497,-426.39798,49.327759,-168.63586034765908,-0.9062473445584232,178.71464633024632,711.6244785805659,-557.1845358119529,202.77379665483676,-136.5480244513867,86.48146649137514,-135.53967243395974,0.25909371122367575,0.5764712848278033,22,22,10,-0.9996233214844417,0.018876263013322705,-0.01992239541482219,329.415497,0.0224289660404149,0.9802179107962239,-0.19664635475046055,-426.39798,0.015816340498692422,-0.19701912102366595,-0.9802720588307572,49.327759,0.0,0.0,0.0,1.0,0.15368578000475358,0.9871421785056825,0.04394315008492534,-0.14571645069917755,-0.9877498397970808,0.15469303001970794,-0.02050171807832273,0.030314682262685043,-0.027035809682192723,-0.04025401692225951,0.9988236476558067,0.5625714641078761,0.0,0.0,0.0,1.0,-0.043802955548122184,-0.018523442993932892,0.9988684513713005,711.6244785805659,-0.04298546594886264,0.9989371203108921,0.016639692970191525,-557.1845358119529,-0.9981149987864164,-0.04220795807230662,-0.04455263710441849,202.77379665483676,0.0,0.0,0.0,1.0
2026-07-15T11:46:14.664,179,random,36,4,65.95387372096675,86.10219880643105,-3.496069061584267,-3.742648670041614,-13.513526548234122,7.170891502881219,329.407715,-426.405914,49.299324,179.1773097498145,-13.19819740239754,-172.92038144386785,705.3110870769362,-559.2082661135403,199.52141029660922,-111.83241569616843,87.81018241704643,-110.68742575121132,0.36183125826658913,0.8081793306167914,24,24,10,-0.9661633134458487,-0.11998250380056608,-0.2283257552994972,329.407715,-0.11999299883273905,0.9926775856221421,-0.013888528882529474,-426.405914,0.22832023997548928,0.013978905005103782,-0.9734857257466044,49.299324,0.0,0.0,0.0,1.0,-0.0478338492400697,0.993780291655864,-0.10056169640208655,-0.1693318057558687,-0.9763533344354361,-0.025269419832483993,0.21469891186993986,0.12822304874772134,0.2108224115308543,0.10845362298105521,0.9714894350730732,0.4929499522263151,0.0,0.0,0.0,1.0,-0.013498507852616663,-0.02022199525517635,0.9997043869032748,705.3110870769362,-0.03574648807876958,0.9991661409483952,0.019728440696805058,-559.2082661135403,-0.9992697227854891,-0.03546961643706564,-0.014210117311978734,199.52141029660922,0.0,0.0,0.0,1.0
2026-07-15T11:46:18.697,180,random,36,5,65.95387372096675,86.10219880643105,-3.496069061584267,0.2535205692853708,-0.45985473339734284,7.869407782969404,329.417633,-426.37851,49.376209,-176.94919147610975,-0.21113494750570835,-172.25712550022442,704.6652877401098,-557.4129764829007,202.54814311633334,-126.25191463664785,87.0128532657994,-126.76082793059314,0.3451150914203514,0.6715929387894262,20,20,10,-0.9908759325482034,-0.13473108912846946,0.003524190543185687,329.417633,-0.1347267869920205,0.9894518909067653,-0.05323202464525791,-426.37851,0.0036849916600983084,-0.05322113493042996,-0.9985759518600387,49.376209,0.0,0.0,0.0,1.0,0.016042162024678026,0.9896725280849769,-0.14244625720412718,-0.18286181002466428,-0.9993316087474251,0.011189694041476149,-0.034801242873508165,0.04265613572307687,-0.032847903979656465,0.1429093345486869,0.9891905465091115,0.533605579872898,0.0,0.0,0.0,1.0,-0.031187740444602055,0.008226327937436722,0.9994796908264948,704.6652877401098,-0.04174898983867956,0.9990827198360602,-0.009525795107490109,-557.4129764829007,-0.9986412502462579,-0.04202435548162296,-0.03081569166746424,202.54814311633334,0.0,0.0,0.0,1.0
2026-07-15T11:46:37.479,181,random,37,1,23.47793101919502,65.8238946431778,18.017559086254174,-5.466729144066745,0.3990383677878029,-12.572879343658382,286.936371,-446.686646,70.827271,177.42022007948677,0.7012430454606146,167.3269382646827,707.3401401565213,-558.8278782192515,200.35907112750883,-117.76427180229369,87.6164366576534,-115.05735839077549,0.344061072081279,0.7974020841314022,20,20,10,-0.9755647283190989,0.21862772707717756,0.021803160613773145,286.936371,0.21937109020529533,0.9747698603018516,0.041231592611110895,-446.686646,-0.01223869444928716,0.045007070557586744,-0.9989116967770483,70.827271,0.0,0.0,0.0,1.0,-0.0855433467164588,0.9609538398443483,0.2631540490301272,-0.006070125891278417,-0.9961100053831266,-0.0768811252284513,-0.04305983928482416,0.02284846095217227,-0.021146938505973194,-0.2658138639574882,0.9637924033316587,0.616316933333636,0.0,0.0,0.0,1.0,-0.017614008341200117,-0.04755122462235741,0.9987134863148039,707.3401401565213,-0.037674847236187366,0.9981906485845429,0.046861871111807514,-558.8278782192515,-0.9991348020141657,-0.03680095264098281,-0.019373623533816955,200.35907112750883,0.0,0.0,0.0,1.0
2026-07-15T11:46:43.816,182,random,37,2,23.47793101919502,65.8238946431778,18.017559086254174,13.676980283567744,-11.014797631127733,-0.7198046410452736,286.939606,-446.6763,70.841484,-163.44388869552208,-10.72611369952609,179.17702327091692,709.7042600862724,-557.4440781286924,200.43087309049062,-119.2756980140381,87.4904079113002,-117.9135414178396,0.24112933982342452,0.5706224671707836,24,24,10,-0.9824267200358378,-0.03926094290206118,-0.18247278734668007,286.939606,0.014112207615195894,0.959203989579417,-0.28236244787711284,-446.6763,0.18611444155640164,-0.2799755073883621,-0.9417935707503944,70.841484,0.0,0.0,0.0,1.0,0.24339796980053405,0.9698659102985241,-0.010841786651342972,-0.15362888860573812,-0.9555559169290142,0.24169380067367435,0.16881053384745992,0.06591283732734624,0.16634397469980275,-0.0307282078346434,0.9855888896108469,0.5727800135608763,0.0,0.0,0.0,1.0,-0.020498219960414964,-0.024163521069115852,0.9994978475354495,709.7042600862724,-0.03869228480583335,0.9989781465589643,0.023357435521055247,-557.4440781286924,-0.9990409051059712,-0.038194069528637305,-0.02141221562293135,200.43087309049062,0.0,0.0,0.0,1.0
2026-07-15T11:46:50.021,183,random,37,3,23.47793101919502,65.8238946431778,18.017559086254174,-7.185711676893468,2.5637761908290457,-2.4229195643767802,286.940002,-446.676727,70.858612,175.6912053411205,2.8455375937377205,177.4728176050798,710.7363188090053,-558.8650036948435,200.91734586015588,-139.9664736316722,86.64141796341409,-138.2727611073251,0.19283901619401647,0.34730627693068716,19,19,10,-0.997795611359955,0.04024254436827281,0.05276794077450206,286.940002,0.04403898594778615,0.9963682368000442,0.07287595222473431,-446.676727,-0.049643586368275774,0.07503915190577953,-0.9959440948234779,70.858612,0.0,0.0,0.0,1.0,-0.11552132683708109,0.991149893927478,0.06539656576112664,-0.07946669627097414,-0.9890846601403589,-0.10871834149965527,-0.09945781666916081,0.013344196514999573,-0.0914677982725746,-0.07617223896613026,0.9928904430449789,0.6142593449507443,0.0,0.0,0.0,1.0,-0.04372307905060076,-0.030381089160525024,0.9985816350102558,710.7363188090053,-0.03899314521205678,0.9988277730395942,0.028681255747201206,-558.8650036948435,-0.9982824384836226,-0.037683805887742526,-0.04485647989988227,200.91734586015588,0.0,0.0,0.0,1.0
2026-07-15T11:46:54.060,184,random,37,4,23.47793101919502,65.8238946431778,18.017559086254174,-5.214493905306416,13.245722574525434,-10.385493550957708,286.940186,-446.676147,70.84082,177.6646438748896,13.534237149241768,169.511569041737,704.4039913249745,-558.2706710414942,201.92603594211155,-99.01474873124155,87.33675227658685,-96.17994036899991,0.2211470885383903,0.3745170775822531,11,11,10,-0.9559859211608476,0.17250893370453213,0.2373427612849632,286.940186,0.17698186371344696,0.9842109414255209,-0.0024985385337922385,-446.676147,-0.2340263627430905,0.0396167965693253,-0.9714227560495091,70.84082,0.0,0.0,0.0,1.0,-0.08590320479268523,0.9715931175955069,0.2205163332893726,-0.0271231393147396,-0.9693017196457268,-0.030322059274125707,-0.24399743648902011,-0.07402167376300461,-0.23037972067476548,-0.23470702282296566,0.9443716417488389,0.6295171236263122,0.0,0.0,0.0,1.0,-0.0050020930876525675,-0.04957139542930273,0.9987580566983851,704.4039913249745,-0.04619567943108064,0.9977157024435532,0.04928829779438598,-558.2706710414942,-0.9989198858099899,-0.04589176236274821,-0.00728065111083865,201.92603594211155,0.0,0.0,0.0,1.0
2026-07-15T11:46:58.595,185,random,37,5,23.47793101919502,65.8238946431778,18.017559086254174,-8.947707823130528,-2.6563592401935203,-13.353972431532819,286.927399,-446.68634,70.755035,174.05036880742483,-2.227889090586693,166.56553465073333,707.7861646460984,-559.5803983986787,198.9684732498465,-124.8625710535119,87.61004514109155,-122.51454417912397,0.4032097117741917,0.8424475762327559,22,22,10,-0.9719010944181218,0.23500074521525868,-0.013524511715034012,286.927399,0.23215740150259115,0.9664609181021528,0.10980088664809894,-446.68634,0.038874202196594494,0.10357578640501384,-0.9938615863761721,70.755035,0.0,0.0,0.0,1.0,-0.14273790654711427,0.9518058523337096,0.2714618011762404,0.008574235923360481,-0.9894391742723626,-0.14420816943843406,-0.014632986108165453,0.04351418814956837,0.025219247605215992,-0.27068362220592007,0.9623379688133008,0.6102580910469769,0.0,0.0,0.0,1.0,-0.02241458176488702,-0.04135296914130263,0.9988931466716066,707.7861646460984,-0.03516414458191242,0.998558549128314,0.04055005423646189,-559.5803983986787,-0.9991301564161337,-0.0342163105251878,-0.023836414032239402,198.9684732498465,0.0,0.0,0.0,1.0
2026-07-15T11:47:12.607,186,random,38,1,-4.900553755985653,6.952631598718116,-32.848752338587666,0.5425492269780268,4.718942297748441,14.197525691416626,258.559906,-505.541687,19.974249,-176.5776856417469,5.006848988530212,-165.90594563697874,708.6198193570386,-556.6489778057279,202.55513550356505,-135.59420629866977,86.54731508924793,-133.78370526745584,0.39165787600210267,0.9866582748564194,24,24,10,-0.9661964265596922,-0.23802704426910637,0.09903328480765568,258.559906,-0.24258518150488043,0.9694363099406421,-0.036683384289284623,-505.541687,-0.0872748246490682,-0.05946736218451242,-0.9944077321789541,19.974249,0.0,0.0,0.0,1.0,0.027127915405192587,0.9782988335378847,-0.20541535605738304,-0.16202929803583122,-0.9900708639435079,-0.0020580697597482023,-0.1405540775609845,0.033114145318626,-0.13792664925939424,0.20718869816492574,0.9685293401734402,0.6183831234608752,0.0,0.0,0.0,1.0,-0.04167144331418004,-0.03247278255976015,0.9986035295375936,708.6198193570386,-0.04347932501382204,0.9985838221904088,0.030657761756768213,-556.6489778057279,-0.99818487220978,-0.04214105423952807,-0.04302432380788384,202.55513550356505,0.0,0.0,0.0,1.0
2026-07-15T11:47:18.242,187,random,38,2,-4.900553755985653,6.952631598718116,-32.848752338587666,-10.612110436931317,14.563784973131522,-4.254690061907496,258.561127,-505.547089,19.97542,172.2672095574187,14.852383852719738,175.64244663275485,705.703847660869,-558.1095130138395,200.80334635890506,-149.80943780716487,85.1423645506586,-148.81902286692653,0.22361763353379205,0.5090034047881422,14,14,10,-0.9637953320462714,0.04089912529947077,0.26348779758378865,258.561127,0.07344181063166089,0.9906625204799552,0.11486544723042576,-505.547089,-0.25632958935121136,0.13005780278799364,-0.9577996186870188,19.97542,0.0,0.0,0.0,1.0,-0.17598687813637112,0.9832795766496872,0.046796291171690436,-0.0047657945120827576,-0.9302344837038673,-0.15056599690523326,-0.3346545769956422,-0.04058212541616724,-0.3220130805604221,-0.10242633801686438,0.941178209070122,0.66116589462899,0.0,0.0,0.0,1.0,-0.07244697793431198,-0.018830448933873773,0.997194489345551,705.703847660869,-0.0438425805827308,0.9989154300327858,0.015677747614400155,-558.1095130138395,-0.9964081811767863,-0.04258377432030749,-0.07319397959262126,200.80334635890506,0.0,0.0,0.0,1.0
2026-07-15T11:47:25.616,188,random,38,3,-4.900553755985653,6.952631598718116,-32.848752338587666,-0.4010114513561689,-14.658524701915528,-3.76648252570255,258.543884,-505.560669,19.926641,-177.4894906769181,-14.33196628740241,176.14538898532072,705.0502806557888,-559.2107906706547,198.77020876817505,-97.5134641404705,87.91568965528116,-95.39106815287985,0.2514944139259875,0.5009192254690198,24,24,10,-0.9666860255276101,0.0563420359358835,-0.24968721039779407,258.543884,0.06513272771559171,0.9975091339957854,-0.027078688581698065,-505.560669,0.24753960456856047,-0.042439398930446764,-0.9679478506554281,19.926641,0.0,0.0,0.0,1.0,0.006099810955570017,0.9956136452100884,0.09336092211298026,-0.030449420479138848,-0.9691411455117428,-0.017122013949655807,0.24591111547568187,0.18114540869341883,0.24643098908719385,-0.09197992231888133,0.964785707557756,0.5708550066775575,0.0,0.0,0.0,1.0,-0.0034170799289519973,-0.037095953657576605,0.9993058659824796,705.0502806557888,-0.03620917664009381,0.9986609665799654,0.03694819828645701,-559.2107906706547,-0.9993383906824579,-0.03605778767206572,-0.004755718283348398,198.77020876817505,0.0,0.0,0.0,1.0
2026-07-15T11:47:32.388,189,random,38,4,-4.900553755985653,6.952631598718116,-32.848752338587666,-10.240282936320241,10.503054893605075,-4.52921027346615,258.558594,-505.542542,20.002806,172.62920429238238,10.783753253716249,175.3645048063369,709.9126630287586,-557.9734262128926,200.86054186080383,-149.34144622945092,85.32684212203618,-147.2245001214601,0.2577127308880619,0.4836625653240546,17,17,10,-0.9791271129164283,0.05622368899246424,0.19531767341441106,258.558594,0.07938923126185024,0.9904325864723091,0.11287445066720919,-505.542542,-0.18710277045408052,0.12602455494803558,-0.9742229543787999,20.002806,0.0,0.0,0.0,1.0,-0.17313957126620497,0.9814551737236713,0.08227047363905256,0.0017400502113180648,-0.9526265460895579,-0.14567373457895186,-0.2669865665895965,-0.008043561642725265,-0.25005069995349877,-0.12459897682108141,0.9601821402358539,0.6599344375408601,0.0,0.0,0.0,1.0,-0.06850116472034257,-0.0383645510841326,0.9969131113853751,709.9126630287586,-0.04410454246323855,0.998399845970844,0.03539119805127106,-557.9734262128926,-0.9966756642790399,-0.04154405836589495,-0.07008360327798663,200.86054186080383,0.0,0.0,0.0,1.0
2026-07-15T11:47:35.821,190,random,38,5,-4.900553755985653,6.952631598718116,-32.848752338587666,-8.153187940652959,14.161729951218348,5.487812671019519,258.561371,-505.546722,19.974787,174.72600063944313,14.45051125521498,-174.61536248920336,706.8748466234216,-557.7165072280369,201.8131570595537,-141.8414738045553,86.12933798839148,-139.9999795450492,0.14215004415943472,0.2941576830509744,16,16,10,-0.9640903110919492,-0.11628061323556273,0.2387649284216384,258.561371,-0.09087256526734545,0.9892198478585047,0.11483148298497631,-505.546722,-0.24954368142744204,0.08901073861258728,-0.9642639884758121,19.974787,0.0,0.0,0.0,1.0,-0.12571793609060014,0.9879626514401504,-0.09013767194946362,-0.08205198524623776,-0.944734960151862,-0.14695422228888924,-0.293053427924548,-0.027710609141373195,-0.30277195314622574,0.04831413779440846,0.9518376376657959,0.6528504922568059,0.0,0.0,0.0,1.0,-0.05171137265725861,-0.033214196460878434,0.9981095887182733,706.8748466234216,-0.04339102518403987,0.9985776646639053,0.03098171344293943,-557.7165072280369,-0.9977189748979323,-0.04170689137109807,-0.0530790197797518,201.8131570595537,0.0,0.0,0.0,1.0
2026-07-15T11:47:53.605,191,random,39,1,119.3306377632342,5.526941480149301,-21.00518838926842,12.070881182916274,-5.433238114020925,-2.370146883275808,382.792206,-506.973267,31.818764,-165.05023316995084,-5.144416155141123,177.5267329336016,712.0024587987124,-557.373809069816,200.9264321497468,-131.2296782657741,87.19601586118478,-128.58782634788042,0.3931476503240446,0.9874814128678288,24,24,10,-0.9950440715811465,0.01858273097519117,-0.09768304725344017,382.792206,0.04297942143930462,0.9662505618531364,-0.2539933484389714,-506.973267,0.08966640922863364,-0.2569329364406241,-0.9622605682599914,31.818764,0.0,0.0,0.0,1.0,0.21911098019747385,0.973129348941994,0.07077887103247964,-0.08053125628297048,-0.9738011161586503,0.21358490576001846,0.07805686516668428,0.08008249908789938,0.060842127880835824,-0.08602765984969246,0.9944332442229175,0.4945816191134621,0.0,0.0,0.0,1.0,-0.030511581396250844,-0.046654287588006396,0.9984450014148774,712.0024587987124,-0.03823785793819724,0.9982333446091051,0.04547588295808814,-557.373809069816,-0.998802738092461,-0.03679085701876293,-0.0322416379674905,200.9264321497468,0.0,0.0,0.0,1.0
2026-07-15T11:47:55.801,192,random,39,2,119.3306377632342,5.526941480149301,-21.00518838926842,13.521652931346043,-1.815407154116782,-4.9462823029033025,382.80304,-506.958282,31.882822,-163.91354220019082,-1.7661424034907627,174.84517586083032,712.9312890369234,-557.1039321684472,201.9281557672889,-135.74641310163685,86.87139970243379,-132.98111643542936,0.4177368230697763,0.950935548049292,24,24,10,-0.9954824185242557,0.07782399558778078,-0.05438915443221793,382.80304,0.08980464739485317,0.9577258686064088,-0.2733062127145775,-506.958282,0.03082011867895167,-0.27695592846670186,-0.9603882204461706,31.882822,0.0,0.0,0.0,1.0,0.23540779716199453,0.9626202346316608,0.13396063941704145,-0.06392895026290746,-0.971892990023282,0.23354016155696208,0.02971546539349155,0.06555981407960046,-0.0026804811024580873,-0.13719065863838467,0.9905410330740596,0.5078993628387075,0.0,0.0,0.0,1.0,-0.03720843436898568,-0.048953883854545056,0.9981077344993197,712.9312890369234,-0.03992753559316277,0.998074636147484,0.04746380284515253,-557.1039321684472,-0.9985095514381745,-0.038085928301965576,-0.03909140253446892,201.9281557672889,0.0,0.0,0.0,1.0
2026-07-15T11:48:04.173,193,random,39,3,119.3306377632342,5.526941480149301,-21.00518838926842,-13.446798592194115,10.83406419470084,13.849993653156009,382.792175,-506.972412,31.818167,169.43255816178845,11.122772381095158,-166.25332994816657,708.1325618977877,-558.4427597320689,201.77329005875197,-136.55648720768357,86.75723878202493,-134.25099065187584,0.21631209843882787,0.6884553842348455,16,16,10,-0.9531099993439407,-0.2679644471625638,0.14062853269324482,382.792175,-0.233165823712623,0.946474403409635,0.22320372385511295,-506.972412,-0.19291196905067215,0.17994793343419382,-0.9645743690611706,31.818167,0.0,0.0,0.0,1.0,-0.2074319759560296,0.9489477702913536,-0.23763439273397696,-0.09981195040674047,-0.9484351805623481,-0.2546012919475976,-0.1888091375179694,0.02767058763973599,-0.2396720334595638,0.1862157657065673,0.952827898930166,0.5108704273564979,0.0,0.0,0.0,1.0,-0.03947236909537384,-0.04099595021345759,0.9983793187682195,708.1325618977877,-0.04051811865683062,0.9984018836136874,0.03939493440980151,-558.4427597320689,-0.9983988251888664,-0.038897440310864916,-0.041070366430714156,201.77329005875197,0.0,0.0,0.0,1.0
2026-07-15T11:48:10.211,194,random,39,4,119.3306377632342,5.526941480149301,-21.00518838926842,-1.1943149200251657,6.363931002222007,-4.90956260951646,382.792297,-506.973389,31.818686,-178.31518015548113,6.652612959263989,174.98726939402277,712.652093215411,-557.0351530811225,201.94660396011835,-148.24394742134027,85.51551820734082,-145.31496323593285,0.3610220290848737,0.5937287386407939,16,16,10,-0.9894678642168694,0.09073241727785446,0.11278729599127851,382.792297,0.08678875899364566,0.9954470286943607,-0.03940716148000923,-506.973389,-0.11584928568812956,-0.02920345045514197,-0.9928373993192764,31.818686,0.0,0.0,0.0,1.0,-0.021011604979129385,0.9896791639368823,0.14175212494137332,-0.019373179855531684,-0.9842997010937785,0.004375747406405059,-0.17645098826964464,0.027732573126637662,-0.17525013803960313,-0.1432340926729003,0.9740489637658217,0.5304396642011959,0.0,0.0,0.0,1.0,-0.06429431176901042,-0.05242307760448574,0.9965530906121481,712.652093215411,-0.04449465501637907,0.9977767280349905,0.049616798231670804,-557.0351530811225,-0.9969385473283314,-0.04115120807780669,-0.066483914781053,201.94660396011835,0.0,0.0,0.0,1.0
2026-07-15T11:48:13.719,195,random,39,5,119.3306377632342,5.526941480149301,-21.00518838926842,1.7840512478966062,-1.6688431914341866,-12.258297455317884,382.78244,-506.993195,31.767469,-175.2616015863314,-1.2940251803029643,167.6660719836206,707.8033355504492,-557.9621455816437,200.70190278353962,-121.61496267490317,87.55162926786709,-118.61187380524782,0.5917308579127358,1.1008121226058272,24,24,10,-0.9766701120246737,0.2110563999503246,-0.03963191034658781,382.78244,0.21355443515593833,0.9739788787733662,-0.07589233774633974,-506.993195,0.022583080014459574,-0.08258534823674836,-0.996328090918687,31.767469,0.0,0.0,0.0,1.0,0.04166579008272046,0.9638452335109994,0.2631849687480467,0.010503549740552565,-0.9990754640218493,0.03739965728629983,0.021201009985213327,0.07532716808308787,0.010591464785784358,-0.2638250016071164,0.964512410184906,0.5045077800842399,0.0,0.0,0.0,1.0,-0.02045707046480736,-0.05276206891585661,0.9983975522564724,707.8033355504492,-0.03750242732145502,0.997944246466688,0.051969692023656824,-557.9621455816437,-0.9990871214328589,-0.036379183989655194,-0.022393721424764527,200.70190278353962,0.0,0.0,0.0,1.0
2026-07-15T11:48:35.967,196,random,40,1,94.68241891794153,-71.31529315813121,-15.942758174309912,-13.640579398020233,-1.9956726521586639,-2.528303093605441,358.144043,-583.815125,36.881092,169.23884113125473,-1.7068985674742356,177.3685965821455,712.7652710685377,-558.9533828264522,199.31215141687252,-133.01192173202728,87.28688024116597,-127.72788329046769,0.33714149996122245,0.7211061836963258,19,19,10,-0.9985023054600275,0.05065888079323382,-0.020659714126454967,358.144043,0.045890138735943053,0.9811228152714295,0.18786196134571845,-583.815125,0.029786593591846273,0.1866325243644345,-0.9819781360557642,36.881092,0.0,0.0,0.0,1.0,-0.22462253340141916,0.9651669106688521,0.13415495532507588,0.07817205564749824,-0.9744425158005775,-0.22284308255352486,-0.02833273651247494,0.06015954651161751,0.0025496840139303772,-0.13709046322770801,0.9905552503537809,0.5281109370403962,0.0,0.0,0.0,1.0,-0.028964964586056213,-0.09259474249691635,0.9952824948166518,712.7652710685377,-0.03743861546038034,0.9951021155399777,0.09148841303832446,-558.9533828264522,-0.9988790621986929,-0.034612039954199036,-0.032289716494119707,199.31215141687252,0.0,0.0,0.0,1.0
2026-07-15T11:48:40.134,197,random,40,2,94.68241891794153,-71.31529315813121,-15.942758174309912,-4.41793287390106,-13.034967113400885,-0.6689486820020143,358.136963,-583.822144,36.857437,178.46254490038876,-12.73776851823041,179.23145426145433,708.1842537195566,-560.2909389632377,198.91140191419862,-113.73800902089725,88.06222327734241,-109.54737008209662,0.404077450039646,0.780886276990932,24,24,10,-0.975301664997761,0.019323711563047335,-0.22003012617372014,358.136963,0.013083143355572367,0.9994707194069467,0.029784432311159858,-583.822144,0.22048921427709928,0.026170120740811865,-0.9750382716426462,36.857437,0.0,0.0,0.0,1.0,-0.05822217830278857,0.9940799946635678,0.09173408397842071,0.04002393513422765,-0.9760209595926438,-0.07598807267369333,0.20398259545165182,0.13232890382295376,0.2097457136380456,-0.07765807762891877,0.9746671014194783,0.48536269194349313,0.0,0.0,0.0,1.0,-0.011313739730130841,-0.073250402542626,0.9972494060267283,708.1842537195566,-0.03186526546821039,0.9968331207837922,0.07285831568933405,-560.2909389632377,-0.9994281385622276,-0.0309533170401721,-0.013612054005595885,198.91140191419862,0.0,0.0,0.0,1.0
2026-07-15T11:48:43.704,198,random,40,3,94.68241891794153,-71.31529315813121,-15.942758174309912,-4.540486797036097,-11.766372170876346,10.475749797569737,358.143433,-583.814941,36.880554,178.33867142508151,-11.477605143619677,-169.62742110791248,711.6481044630946,-558.6399513082507,199.58821021977334,-126.26121106796872,87.57903854203383,-122.94994532696779,0.2503701762057406,0.638200491945175,24,24,10,-0.9639871112711218,-0.17429810389387526,-0.2008706556024488,358.143433,-0.17644789062995214,0.9842829566354375,-0.007294050263187948,-583.814941,0.19898490192825727,0.028411833027830753,-0.9795906168132689,36.880554,0.0,0.0,0.0,1.0,-0.05927133599088133,0.9912132669844977,-0.11825044644218242,-0.02671305790571729,-0.9835898758382207,-0.03776864810478508,0.1764213291212005,0.1285792360720757,0.17040500250406374,0.12676666980818088,0.9771859324342193,0.49283965387642736,0.0,0.0,0.0,1.0,-0.022975235615046267,-0.05815177026202928,0.9980433408243483,711.6481044630946,-0.03544651658093019,0.9977265501559609,0.057317323525817865,-558.6399513082507,-0.9991074431765142,-0.03406028081618826,-0.02498428025802345,199.58821021977334,0.0,0.0,0.0,1.0
2026-07-15T11:48:47.939,199,random,40,4,94.68241891794153,-71.31529315813121,-15.942758174309912,-12.257675825655404,-8.59707797601518,-0.8141403264107456,358.143768,-583.815063,36.881245,170.62167476980298,-8.308403691412554,179.08294360095644,710.5894570090875,-560.0943658876978,198.90683436431001,-125.01034765443903,87.81351758843724,-120.33059751211798,0.40591001799292226,0.8001411501984197,24,24,10,-0.9893778619929022,0.03933491740410567,-0.13994359746399881,358.143768,0.01583699173007838,0.9861306336484595,0.1652136891211776,-583.815063,0.1445013352578272,0.16124248091895593,-0.976278764726451,36.881245,0.0,0.0,0.0,1.0,-0.19435624025693451,0.974075999476022,0.11576527595949229,0.06888053614200065,-0.9728236914096875,-0.20654462755400627,0.10465840750080829,0.10158567599082385,0.1258559386966587,-0.09227818850283907,0.9877474467805104,0.5049133837673478,0.0,0.0,0.0,1.0,-0.019266354184747817,-0.08188739608157547,0.9964553487032958,710.5894570090875,-0.03293003089614713,0.9961515913795892,0.08122573518959798,-560.0943658876978,-0.999271945298979,-0.03124838163635124,-0.02188876386419085,198.90683436431001,0.0,0.0,0.0,1.0
2026-07-15T11:48:54.043,200,random,40,5,94.68241891794153,-71.31529315813121,-15.942758174309912,12.271024485539009,-12.110560047586125,-3.2018634151322445,358.144135,-583.81543,36.881138,-164.85009901211166,-11.821838186934276,176.6950273981897,708.046105164966,-558.6296338428305,199.7059448813427,-108.78416371836458,88.00845094892227,-104.68219856296923,0.43973305365192256,0.9406043961740265,24,24,10,-0.977161468470534,0.002194514193050868,-0.21248681993000487,358.144135,0.05642786430226331,0.9667267100839738,-0.24951024856807344,-583.81543,0.2048691305853451,-0.2558019783302563,-0.9447719233844387,36.881138,0.0,0.0,0.0,1.0,0.223129380031171,0.971974370714541,0.07402095947078784,-0.011035261021919457,-0.9544607321151525,0.20241865897103176,0.21916066560990402,0.13246597715914282,0.19803532668974047,-0.1195512826131111,0.9728769193523131,0.4871317656757228,0.0,0.0,0.0,1.0,-0.008808174486658342,-0.071676598184698,0.9973890320907287,708.046105164966,-0.03361731357940915,0.9968851391539412,0.0713435039911089,-558.6296338428305,-0.9993959637150414,-0.03290113382081371,-0.011190312926304615,199.7059448813427,0.0,0.0,0.0,1.0
