timestamp,sample_id,sample_type,position_index,orientation_index,offset_x_mm,offset_y_mm,offset_z_mm,offset_roll_deg,offset_pitch_deg,offset_yaw_deg,tcp_x_mm,tcp_y_mm,tcp_z_mm,tcp_roll_deg,tcp_pitch_deg,tcp_yaw_deg,marker_base_x_mm,marker_base_y_mm,marker_base_z_mm,marker_base_roll_deg,marker_base_pitch_deg,marker_base_yaw_deg,mean_reprojection_error_px,max_reprojection_error_px,used_corner_count,detected_corner_count,averaged_frames,T_base_tcp_00,T_base_tcp_01,T_base_tcp_02,T_base_tcp_03,T_base_tcp_10,T_base_tcp_11,T_base_tcp_12,T_base_tcp_13,T_base_tcp_20,T_base_tcp_21,T_base_tcp_22,T_base_tcp_23,T_base_tcp_30,T_base_tcp_31,T_base_tcp_32,T_base_tcp_33,T_cam_board_m_00,T_cam_board_m_01,T_cam_board_m_02,T_cam_board_m_03,T_cam_board_m_10,T_cam_board_m_11,T_cam_board_m_12,T_cam_board_m_13,T_cam_board_m_20,T_cam_board_m_21,T_cam_board_m_22,T_cam_board_m_23,T_cam_board_m_30,T_cam_board_m_31,T_cam_board_m_32,T_cam_board_m_33,T_base_board_mm_00,T_base_board_mm_01,T_base_board_mm_02,T_base_board_mm_03,T_base_board_mm_10,T_base_board_mm_11,T_base_board_mm_12,T_base_board_mm_13,T_base_board_mm_20,T_base_board_mm_21,T_base_board_mm_22,T_base_board_mm_23,T_base_board_mm_30,T_base_board_mm_31,T_base_board_mm_32,T_base_board_mm_33
2026-07-14T19:48:00.869,0,reference,0,0,0.0,0.0,0.0,0.0,0.0,0.0,263.461884,-505.509247,-4.936525,-177.12090692731044,0.28865613718690875,179.89688744471928,669.1941191237407,-532.3114930894603,198.9921877471819,-143.84200283217217,85.81527063317435,-143.83451522171976,0.27043954069329496,0.5769427698371601,24,24,10,-0.9999856899493088,0.0020504307596566984,0.004941217492142229,263.461884,0.001799629779511647,0.9987356790571496,-0.05023748312675518,-505.509247,-0.005037978688074568,-0.05022787186367914,-0.9987250771152111,-4.936525,0.0,0.0,0.0,1.0,0.00696518791308483,0.9999682617428926,0.003868031053768432,-0.041179338846522744,-0.9979346895185579,0.007197935880416961,-0.06383216410682478,0.10031743076143715,-0.06385798002469711,-0.0034154393507875988,0.9979531517867991,0.5968020517038162,0.0,0.0,0.0,1.0,-0.058911772234357535,-0.001400591359798904,0.9982622107623077,669.1941191237407,-0.04306242472364488,0.9990717336360911,-0.0011395728566740068,-532.3114930894603,-0.9973339614537988,-0.04305472556198783,-0.0589173992777541,198.9921877471819,0.0,0.0,0.0,1.0
2026-07-14T19:48:10.443,1,random,1,1,-34.65046479196166,-30.00122808975842,24.485335380394346,3.3855839688601677,2.2032824546275833,14.30030826869939,228.810181,-535.500671,19.581913,-173.70579198943315,2.4794748584286377,-165.79834416305317,662.3632198371732,-533.6906735082154,198.8640304671862,-136.95744576763317,86.2735874536302,-137.71467115200713,0.2732452947162741,0.9163868221216417,24,24,10,-0.9685306558728811,-0.23925855999719836,0.06858359936977369,228.810181,-0.2451057154603646,0.9647581353536322,-0.09573363315807776,-535.500671,-0.04326149423112169,-0.10953119070406224,-0.9930414701208812,19.581913,0.0,0.0,0.0,1.0,0.07861626647690446,0.9656894367950505,-0.24751443252402683,-0.12662204974754898,-0.9918306132185734,0.05074789087585012,-0.11703284263027461,0.04847322721073775,-0.10045654447422621,0.25469307653352385,0.9617899559873696,0.6181090620814034,0.0,0.0,0.0,1.0,-0.0480815441963057,0.01214811539251615,0.9987695371806795,662.3632198371732,-0.043728338632126586,0.9989417490882978,-0.014255326333929511,-533.6906735082154,-0.9978857637566405,-0.04435995064044702,-0.04749944495469791,198.8640304671862,0.0,0.0,0.0,1.0
2026-07-14T19:48:15.847,2,random,1,2,-34.65046479196166,-30.00122808975842,24.485335380394346,11.234270272784343,-13.803885237371228,2.9791308109137162,228.798981,-535.531311,19.509249,-165.86606777443765,-13.491723680843059,-177.10996343342345,661.6694013603776,-532.9882588825504,198.0809284258295,-121.82723358705239,87.33263725517156,-122.22837761590317,0.18794918994019977,0.4269144257748258,24,24,10,-0.9711668698553556,-0.10579106893112657,-0.21364260022233467,228.798981,-0.049027878597161345,0.9656217969457864,-0.2552857465340599,-535.531311,0.23330490353957994,-0.23745061591328817,-0.9429666096881624,19.509249,0.0,0.0,0.0,1.0,0.2018048900388628,0.9735462903746837,-0.10715599308528988,-0.09074015318754541,-0.9572971059938168,0.2191865061749189,0.1885192997194053,0.16151589825790022,0.20701941264592866,0.0645360055203631,0.9762059551033329,0.5688524432014965,0.0,0.0,0.0,1.0,-0.02481820296393424,0.006510302874366834,0.9996707821868782,661.6694013603776,-0.03936738317629253,0.9991967726243611,-0.007484565378949352,-532.9882588825504,-0.9989165460354991,-0.039540176195166664,-0.024541974716050574,198.0809284258295,0.0,0.0,0.0,1.0
2026-07-14T19:48:21.084,3,random,1,3,-34.65046479196166,-30.00122808975842,24.485335380394346,-1.2733929125985668,-0.32498452882851403,13.20191364531054,228.813705,-535.507324,19.587271,-178.36726201905853,-0.04824304635001531,-166.89704803099605,663.7625146530415,-533.9577148417738,199.4163068310187,-138.33899169101127,86.33662747155755,-138.89159439367955,0.25117616955917016,0.7324746455960471,24,24,10,-0.9739639433004353,-0.22663281293340298,0.005639614575440231,228.813705,-0.22670140755371124,0.9735634181712353,-0.02794177181043714,-535.507324,0.0008419999005087221,-0.02849278681760703,-0.9995936435049664,19.587271,0.0,0.0,0.0,1.0,-0.00155385278526612,0.9719050178731028,-0.23536826841060157,-0.10718885980634085,-0.9984534613735059,-0.014587832836205402,-0.05364588152325191,0.07734631631331813,-0.05557221439519541,0.2349209044896307,0.9704245965663628,0.6138243403305563,0.0,0.0,0.0,1.0,-0.04814228634901194,0.008621192150442292,0.9988032815880189,663.7625146530415,-0.042009632234265654,0.9990604611535857,-0.010648274936625783,-533.9577148417738,-0.9979566679293396,-0.042471990835012595,-0.04773488168917086,199.4163068310187,0.0,0.0,0.0,1.0
2026-07-14T19:48:24.820,4,random,1,4,-34.65046479196166,-30.00122808975842,24.485335380394346,11.16019445412024,1.070227757958655,12.467866516262866,228.811371,-535.510437,19.548655,-165.9610068810908,1.3588840027117735,-167.6352468542426,662.8985105978528,-532.3085258634657,197.5929684970901,-134.60023361318343,86.27445151056416,-135.1376088781206,0.2767832274264998,0.8394159484401382,24,24,10,-0.9765294816454094,-0.20211910932992058,0.0744179892299397,228.811371,-0.21407424143908935,0.9488597604263387,-0.23202882190786056,-535.510437,-0.023714776609242882,-0.24251395977829976,-0.9698580250134671,19.548655,0.0,0.0,0.0,1.0,0.20781892280479083,0.9573508049206313,-0.20072551318174955,-0.13287737287536106,-0.9750161967993748,0.18628295302517142,-0.12100445194746028,0.04111674984258165,-0.07845196812789167,0.22085764132137728,0.97214566345112,0.6188066172392682,0.0,0.0,0.0,1.0,-0.04605609051676721,0.008312303198203126,0.9989042707596422,662.8985105978528,-0.04583539174621028,0.9988946015648008,-0.010425537308465339,-532.3085258634657,-0.9978867437689426,-0.046265328057195035,-0.04562418251297575,197.5929684970901,0.0,0.0,0.0,1.0
2026-07-14T19:48:30.758,5,random,1,5,-34.65046479196166,-30.00122808975842,24.485335380394346,-8.352351056276708,14.385363401668165,5.8235893381566655,228.811035,-535.51178,19.551531,174.52769994654832,14.673621020638924,-174.27926544657961,658.9390128956758,-533.0933926508725,198.4080876093018,-144.9122426401963,85.20027439841363,-146.42844000445447,0.1412733552006109,0.2647680942263034,16,16,10,-0.9625664823424157,-0.1232622598696675,0.2413963180389679,228.811035,-0.09642873036004018,0.9880767112626727,0.12002463339453129,-535.51178,-0.25331258759109987,0.09225414869892588,-0.9629755474651149,19.551531,0.0,0.0,0.0,1.0,-0.12905496701182698,0.9791377150222192,-0.15695270150795113,-0.03912873500089374,-0.9372159796681968,-0.17214765510996094,-0.30330082804820024,-0.03188708568598017,-0.3239923192672291,0.10795610154692412,0.9398800227660082,0.6495665938240286,0.0,0.0,0.0,1.0,-0.06971605348254739,0.02478000753874875,0.997259055167311,658.9390128956758,-0.04626937099933052,0.998535202333493,-0.028046301148933445,-533.0933926508725,-0.9964932599843036,-0.04809782663686515,-0.06846737820791143,198.4080876093018,0.0,0.0,0.0,1.0
2026-07-14T19:48:47.506,6,random,2,1,-31.81589537570536,27.96859001758946,-85.46715304834247,9.723917595357083,-4.94969224325788,-9.666778404118396,231.647034,-477.550537,-90.391403,-167.52598380271115,-4.717333414650607,170.21470284792156,666.6437403109687,-530.2344504820625,197.49045858820085,-133.95069352085304,86.45492617991817,-134.35217061237034,0.3679732101635108,0.7393843984530517,22,22,10,-0.9821133789050938,0.14843948949162303,-0.11584053234980445,231.647034,0.16938090588179577,0.9652080752561752,-0.19920712884566041,-477.550537,0.08224001275706368,-0.2152651607198333,-0.9730865793350468,-90.391403,0.0,0.0,0.0,1.0,0.16576050581511828,0.974713572085172,0.1498562881726378,-0.053251184916755706,-0.9850397216366139,0.1563878135524243,0.07238507146058966,0.22002921483382706,0.04711901431459082,-0.15961298244584207,0.9860545087999775,0.6024643260691012,0.0,0.0,0.0,1.0,-0.043225906519838986,0.006043987108808633,0.9990470415477777,666.6437403109687,-0.04421461730372089,0.9989903697198009,-0.007956684220270705,-530.2344504820625,-0.9980864635001437,-0.044516417498762825,-0.04291503175872281,197.49045858820085,0.0,0.0,0.0,1.0
2026-07-14T19:48:51.371,7,random,2,2,-31.81589537570536,27.96859001758946,-85.46715304834247,-2.1973210601194815,-0.5278257766916887,-11.123502676031803,231.646103,-477.540527,-90.40361,-179.31797088851908,-0.23926717524663177,168.77342751426997,669.0835703950818,-530.8416970136124,197.5152997791194,-145.45754660612516,85.77873766337937,-145.32906087316306,0.4528567494009579,0.9327551437280636,24,24,10,-0.9808564157321016,0.19462672466778846,-0.006413248963165954,231.646103,0.19468757752498506,0.9808051540646454,-0.01086263861501198,-477.540527,0.004175987862483287,-0.011903268682017173,-0.9999204334946137,-90.40361,0.0,0.0,0.0,1.0,-0.040980557223171725,0.9797586125398532,0.19594298937103855,0.024431783117316128,-0.9980509749698465,-0.03090320053970434,-0.0542147909535907,0.19012240511423995,-0.047062142868945916,-0.19778284392328732,0.9791154688586018,0.6282380761726485,0.0,0.0,0.0,1.0,-0.06053786577892549,-0.0035075515790284504,0.9981597386635335,669.0835703950818,-0.04187299421309589,0.9991224693782307,0.0009713594469099348,-530.8416970136124,-0.9972872300208016,-0.04173713293298324,-0.06063161363489865,197.5152997791194,0.0,0.0,0.0,1.0
2026-07-14T19:48:56.510,8,random,2,3,-31.81589537570536,27.96859001758946,-85.46715304834247,-7.937284750023599,2.9522135326343886,7.083686039147558,231.64621,-477.539124,-90.382545,174.97254437868793,3.237784500284282,-173.01331519823805,665.8023815453121,-533.2694288625346,199.43743463883342,-144.25827721152055,85.86174703578492,-144.914650913591,0.2545318011839912,0.5246405784658064,24,24,10,-0.9909900345095761,-0.12608347071637366,0.04518528427289587,231.64621,-0.1214445107083518,0.9881537814605346,0.09382608914398562,-477.539124,-0.056479928483648856,0.08749321457895726,-0.9945626953999042,-90.382545,0.0,0.0,0.0,1.0,-0.12080758509293874,0.9822485971423089,-0.1435033825245208,-0.08945274676541887,-0.9854096270997651,-0.1361228740621655,-0.10216863499214303,0.17385562665228987,-0.11988909125985726,0.12906686859540029,0.9843618995206304,0.6298453115397102,0.0,0.0,0.0,1.0,-0.05905104094179524,0.010209419089949637,0.9982027561199863,665.8023815453121,-0.04147921255042089,0.9990590052219975,-0.012671977392263735,-533.2694288625346,-0.9973928260669855,-0.04215295774532056,-0.058571995556184656,199.43743463883342,0.0,0.0,0.0,1.0
2026-07-14T19:49:03.383,9,random,2,4,-31.81589537570536,27.96859001758946,-85.46715304834247,4.087026312346126,-11.838557623581387,-14.8310766659589,231.635834,-477.553314,-90.425804,-173.03187903080033,-11.538739740360137,165.06908348141067,654.5126091342999,-530.1662125524838,198.4844281741415,-97.9853021488271,87.66890598102957,-99.43067402634249,0.5046847560864924,0.9238899448887139,16,16,10,-0.9467092290051348,0.23230333930080124,-0.22310713629599607,231.635834,0.25244693366135296,0.9653528980652428,-0.06606305988990663,-477.553314,0.2000304511855228,-0.1188652209299833,-0.9725527635309986,-90.425804,0.0,0.0,0.0,1.0,0.07848452083549075,0.9748815638880824,0.2084373200277464,0.008104294306886958,-0.9758856026402198,0.03241219820032199,0.2158627804123664,0.2718515019515889,0.20368473322455433,-0.2203528665548709,0.9539167383227393,0.5458324665682736,0.0,0.0,0.0,1.0,-0.0066646091329096305,0.02508954303028781,0.999662992120663,654.5126091342999,-0.04012431570728499,0.9988733974458744,-0.025337228813693408,-530.1662125524838,-0.9991724687330648,-0.040279656223292826,-0.005650400021739477,198.4844281741415,0.0,0.0,0.0,1.0
2026-07-14T19:49:09.255,10,random,2,5,-31.81589537570536,27.96859001758946,-85.46715304834247,-6.233589701288244,-13.41742625360918,8.482712135193083,231.645782,-477.540405,-90.404236,176.6456384362494,-13.12869762184817,-171.6207412771726,669.9133659967144,-534.4307684860452,200.42226500636502,-150.55686769665448,85.62267729680488,-149.14090482171005,0.3491712028816546,0.8438679448167209,16,16,10,-0.9634664892150555,-0.13232692094728046,-0.23285598586299525,231.645782,-0.14191598849741285,0.9895669015478779,0.02484350155945277,-477.540405,0.22713911237040935,0.05698186863858128,-0.9721938542688068,-90.404236,0.0,0.0,0.0,1.0,-0.08688620872227809,0.9898318604349021,-0.11262182204994728,-0.10271958318714439,-0.9836419552744639,-0.06733304189766959,0.1670771237861021,0.28620632311422034,0.15779509041062875,0.12529624709778003,0.9794904593233741,0.5381244050276021,0.0,0.0,0.0,1.0,-0.06551925098533688,-0.025941568895984965,0.9975140413816418,669.9133659967144,-0.0391489596670795,0.9989591764772228,0.02340774848069021,-534.4307684860452,-0.9970830390229821,-0.03751797882568743,-0.06646664244212623,200.42226500636502,0.0,0.0,0.0,1.0
2026-07-14T19:49:27.866,11,random,3,1,75.05005922632566,46.99843674962252,-18.627434765022315,10.737704374024677,-6.180883361327211,2.0980953861930054,338.511749,-458.511169,-23.563972,-166.38321948032274,-5.892240669345873,-178.00503810097683,661.9367742104599,-532.8094015126954,198.8611877531692,-127.89840575060771,86.97725682586098,-129.64137642197412,0.38156526303607274,0.6444262775924919,24,24,10,-0.994113822916329,-0.057986888569667876,-0.09151627090682131,338.511749,-0.03462769945940082,0.9704616787852816,-0.23875730866175035,-458.511169,0.10265782735296515,-0.23418294293834008,-0.966757322041011,-23.563972,0.0,0.0,0.0,1.0,0.1964006890538408,0.977213731411009,-0.08049902161485016,-0.14794617684709818,-0.9781862076553663,0.2009365425526436,0.05269012260188625,0.12689055798966764,0.06766470639845136,0.0683946562880557,0.9953610694111208,0.48611482772406933,0.0,0.0,0.0,1.0,-0.03364219889400023,0.02971545254081535,0.9989920892248705,661.9367742104599,-0.04060669077888878,0.9986918960313955,-0.031073999826280074,-532.8094015126954,-0.9986086816754418,-0.04161116054029806,-0.032391545207434605,198.8611877531692,0.0,0.0,0.0,1.0
2026-07-14T19:49:32.967,12,random,3,2,75.05005922632566,46.99843674962252,-18.627434765022315,10.617309989305035,10.12220772132435,-7.654781706217952,338.508972,-458.509552,-23.522785,-166.58759352584588,10.371624711678649,172.23042566697129,667.6536880270858,-532.4915869257461,196.5427904010656,-149.98855871304394,85.14403294300746,-151.87876571868935,0.23416358250837468,0.4487992567366897,22,22,10,-0.9746305185191568,0.17287883480438285,0.14215576262592527,338.508972,0.13298054450334476,0.9581503223139243,-0.2535037171982237,-458.509552,-0.18003201702662072,-0.22816850862115468,-0.9568320670415078,-23.522785,0.0,0.0,0.0,1.0,0.17621308052594162,0.9719074551973755,0.1560283589073508,-0.0691957897588791,-0.9528991931716224,0.2081749421614055,-0.22055911023797606,0.045021260414991084,-0.2468442381430655,-0.10981389706161246,0.9628129777416333,0.5602515059547881,0.0,0.0,0.0,1.0,-0.07465830426528568,0.031400985295884275,0.9967146611376194,667.6536880270858,-0.039899386486555846,0.9986096749474004,-0.03444932596503777,-532.4915869257461,-0.9964106465520276,-0.042340231741178756,-0.07330162490610205,196.5427904010656,0.0,0.0,0.0,1.0
2026-07-14T19:49:39.406,13,random,3,3,75.05005922632566,46.99843674962252,-18.627434765022315,-4.062856237488271,-10.782263264964167,-14.62170294432048,338.486908,-458.518921,-23.649227,178.9444024060938,-10.310260931820137,165.30416806475282,661.6207864851056,-531.1469827491325,198.8476540114473,-121.13256128842775,87.39873667903606,-122.28128892379016,0.5956804184122904,1.1334605636477728,24,24,10,-0.9516674407339231,0.2568339093299482,-0.16842038257064107,338.486908,0.24959128553566295,0.9662855800773045,0.06321683256319,-458.518921,0.17897841331177428,0.01812514146050149,-0.9836860306090742,-23.649227,0.0,0.0,0.0,1.0,-0.06140838869029453,0.9696946481300054,0.23647684704107216,0.011845075913980149,-0.9843291234865662,-0.09807447109984094,0.14655229365197608,0.17788072116003062,0.16530331652640928,-0.22377150736077103,0.9605212782853164,0.4758211837200288,0.0,0.0,0.0,1.0,-0.024239059902495204,0.019576669673312043,0.9995144931313128,661.6207864851056,-0.03837013837582714,0.9990533311728299,-0.02049814512320454,-531.1469827491325,-0.9989695693343533,-0.03884836517762449,-0.02346495401578272,198.8476540114473,0.0,0.0,0.0,1.0
2026-07-14T19:49:43.979,14,random,3,4,75.05005922632566,46.99843674962252,-18.627434765022315,-5.278216210923514,5.389286693879072,-11.687747684529311,338.514099,-458.50293,-23.5142,177.456201829021,5.5933285876261225,168.19227642266878,668.2385794530697,-531.1754787502524,199.65431315939583,-147.50866243663876,85.33929244913776,-148.688113503432,0.4852262479781021,0.8407677217963504,24,24,10,-0.9741793178445797,0.20019201102293116,0.1043926022592795,338.514099,0.20365371918949543,0.9787604483060905,0.0235190878213219,-458.50293,-0.09746701669875643,0.04417175063607412,-0.9942580334609266,-23.5142,0.0,0.0,0.0,1.0,-0.09925411260305861,0.9795384965273604,0.17507985307366974,-0.00026306565585170816,-0.9827302359177301,-0.06888007675538603,-0.17174637824203043,0.0891754825374311,-0.15617267540918156,-0.18910279968073113,0.9694587286772174,0.5477623734791421,0.0,0.0,0.0,1.0,-0.0694203041540542,0.01906631555502958,0.9974052822109545,668.2385794530697,-0.04222793484152149,0.9988650230326693,-0.02203332205921774,-531.1754787502524,-0.9966933444596581,-0.04364792518666961,-0.06853638257684891,199.65431315939583,0.0,0.0,0.0,1.0
2026-07-14T19:49:46.880,15,random,3,5,75.05005922632566,46.99843674962252,-18.627434765022315,-5.130133367109806,-1.791254133702978,-7.779944822364039,338.504272,-458.514038,-23.626293,177.8770393295446,-1.4007099217563235,172.13829405351427,667.3331898958544,-531.9355924053394,199.78473664644216,-140.0329559160212,86.37854092060302,-140.5639953667928,0.43582591956268546,0.944007485712019,24,24,10,-0.9903050995592919,0.13758563538540652,-0.01913119762207955,338.504272,0.13674162874753584,0.9897973236723294,0.04003729534527949,-458.514038,0.02444456492417423,0.03703310663025764,-0.9990150210377119,-23.626293,0.0,0.0,0.0,1.0,-0.08338474670661625,0.9885846672256986,0.12548840481466145,-0.024156717965198284,-0.9963470097273845,-0.08037802606022827,-0.028844568534830993,0.13242146595285348,-0.018428787913825385,-0.12743519393368596,0.991675678396476,0.5202195517904211,0.0,0.0,0.0,1.0,-0.04878397755010136,0.008277599255630826,0.9987750521939133,667.3331898958544,-0.040122977155283124,0.9991422725903911,-0.010240401706253453,-531.9355924053394,-0.9980031413971541,-0.040573396129384945,-0.048410012269572755,199.78473664644216,0.0,0.0,0.0,1.0
2026-07-14T19:50:05.327,16,random,4,1,43.706406422235254,79.59774718810354,-29.450824547720547,9.135210678980322,-7.541039664814136,-0.15095350862469736,307.167938,-425.911469,-34.386784,-167.98595432064215,-7.252270587647907,179.7459130657023,659.9918753426306,-532.1523712715508,199.66840571742952,-120.53847300892036,87.13381370456685,-123.1236802295252,0.3255047650326546,0.6517914214010103,24,24,10,-0.9919901933376098,-0.021938920193904855,-0.12439509677932191,307.167938,0.0043991617101572025,0.9782035131010609,-0.20760186495547311,-425.911469,0.12623828142944307,-0.206486248301111,-0.9702717792269714,-34.386784,0.0,0.0,0.0,1.0,0.16586259285356592,0.9842414634234643,-0.06130531763174289,-0.1649949780610735,-0.9811508904064199,0.17095373251631987,0.09009856598984939,0.1489309037501085,0.09915911731444987,0.04520578521356828,0.9940442175460023,0.5109185318184077,0.0,0.0,0.0,1.0,-0.027324334199045137,0.044516306797560475,0.9986349078565622,659.9918753426306,-0.04187760062178938,0.9980799033926602,-0.04563740800987237,-532.1523712715508,-0.9987490412144284,-0.04306744562663428,-0.02540763272042642,199.66840571742952,0.0,0.0,0.0,1.0
2026-07-14T19:50:10.096,17,random,4,2,43.706406422235254,79.59774718810354,-29.450824547720547,4.270051861472833,4.984817678766717,-11.621313555734202,307.16748,-425.917999,-34.354656,-172.9459353615307,5.230016049733668,168.27077164060168,668.2328842800556,-532.1707827151591,197.7300706990067,-145.6728516328827,85.75303987549873,-147.8994561791457,0.2823162574524286,0.7382039964377071,24,24,10,-0.9750429477552559,0.21270860087851254,0.06361054271932376,307.16748,0.20244047358639802,0.9694323511381558,-0.1386317828669241,-425.917999,-0.09115429055648532,-0.12229459382594454,-0.9882990072008021,-34.354656,0.0,0.0,0.0,1.0,0.07046410495610138,0.9809949798340312,0.180786225839153,-0.05958587634677601,-0.9870503889002097,0.09475251113523872,-0.12943527882888586,0.09167152581866506,-0.14410530762147727,-0.1693245734499162,0.974968127243821,0.5847196585880821,0.0,0.0,0.0,1.0,-0.06273373182379229,0.03754007974800247,0.9973240302449226,668.2328842800556,-0.039353625533082276,0.9984221261440449,-0.040056836912164814,-532.1707827151591,-0.997254115583818,-0.041761231285960765,-0.0611574076675758,197.7300706990067,0.0,0.0,0.0,1.0
2026-07-14T19:50:14.133,18,random,4,3,43.706406422235254,79.59774718810354,-29.450824547720547,7.068359183105077,11.33716300440916,1.0344515765025228,307.168213,-425.911743,-34.387489,-170.05255579189952,11.625772029440508,-179.0686769518577,665.77690623943,-533.3075107178094,197.3343927434271,-148.60695336394542,85.27802738681282,-150.16931218864252,0.20477721876696275,0.4873328224007461,22,22,10,-0.9793553104746887,0.018797085240174267,0.20127057765977488,307.168213,-0.015920483474739452,0.9854023234475368,-0.16949572015283043,-425.911743,-0.20151852036712756,-0.16920085853998995,-0.9647597397375026,-34.387489,0.0,0.0,0.0,1.0,0.1269324778931351,0.9919085868032608,0.0023455237935744097,-0.14329478219636216,-0.9540526404509804,0.12273450842910288,-0.27334922661163485,0.033175440489459807,-0.27142532178192413,0.03245914149548679,0.9619120016035537,0.586191786306838,0.0,0.0,0.0,1.0,-0.07141314361632259,0.02573117744334191,0.9971148727334348,665.77690623943,-0.040949503070154804,0.9987487652030735,-0.028706135296185473,-533.3075107178094,-0.9966058905691565,-0.04288135390487046,-0.0702701100763571,197.3343927434271,0.0,0.0,0.0,1.0
2026-07-14T19:50:16.801,19,random,4,4,43.706406422235254,79.59774718810354,-29.450824547720547,10.253805266590959,14.452947461168357,-3.733704471926645,307.168091,-425.912415,-34.386688,-166.86725422564925,14.741516519361925,176.1632652685288,666.4436499850018,-533.0818585527077,194.94275591886756,-151.21951126303088,85.35178452628907,-152.8320455523507,0.1403225819187188,0.342308109972119,20,20,10,-0.9649161711916922,0.12284904716987133,0.23204502619582193,307.168091,0.06471106545428823,0.9677950468776982,-0.24328013738643897,-425.912415,-0.2544587600782016,-0.2197290578154117,-0.9417907838639193,-34.386688,0.0,0.0,0.0,1.0,0.17433912764056095,0.9785689447804845,0.1095841634760058,-0.11497173919584443,-0.9309653406005204,0.20006004417120435,-0.3054169499663905,0.0065400533041028285,-0.3207949550321591,-0.0487729334510813,0.9458920645551961,0.6019607316040202,0.0,0.0,0.0,1.0,-0.07209696718512258,0.026731532062459738,0.9970393435147388,666.4436499850018,-0.03700184842330231,0.998880961307347,-0.029456550221778982,-533.0818585527077,-0.9967110366279518,-0.03901602659552732,-0.07102717179172184,194.94275591886756,0.0,0.0,0.0,1.0
2026-07-14T19:50:20.840,20,random,4,5,43.706406422235254,79.59774718810354,-29.450824547720547,7.405799854831198,7.475324175230735,7.091024759319733,307.168152,-425.910034,-34.387726,-169.71502635478797,7.764036490258759,-173.01216928264782,664.7610417815672,-534.267007930006,197.53814132954977,-151.25821960652132,85.09428345280382,-152.9463681922172,0.42648744462526145,0.8359936359037509,24,24,10,-0.9834729386519167,-0.09576268411559909,0.15365704432384242,307.168152,-0.12054326551587656,0.9795576905229554,-0.16104673879375223,-425.910034,-0.13509367149549295,-0.17690743135411285,-0.9749120271355554,-34.387726,0.0,0.0,0.0,1.0,0.1454527853047828,0.9829515707470525,-0.11247087095325685,-0.1864153715349145,-0.9659021943474095,0.11647222804760882,-0.23122969326729184,0.05371011367137904,-0.21418785727006256,0.14226886398481323,0.9663762891019884,0.5599529436078928,0.0,0.0,0.0,1.0,-0.07615923425648513,0.02789071866382415,0.9967055126013303,664.7610417815672,-0.03889490768927685,0.9987647964699672,-0.030920341009586377,-534.267007930006,-0.9963367689658499,-0.041121638400261284,-0.07498035517367019,197.53814132954977,0.0,0.0,0.0,1.0
2026-07-14T19:50:39.053,21,random,5,1,-15.247403718695198,-48.86228759654413,-31.488601216810345,13.773949690691595,-14.895077663180201,-3.7004723353274027,248.20517,-554.381104,-36.448967,-163.33158896767645,-14.589969182549822,176.20566414536844,654.9632471886015,-532.3134104999068,198.09294987718425,-91.9639138141908,87.81647043617642,-91.8905165321946,0.2275112873806704,0.5405717848503852,17,17,10,-0.9656319850646348,-0.008700058764096,-0.2597675468522465,248.20517,0.064041324743698,0.9606622659758461,-0.27023456376863586,-554.381104,0.25189993677094286,-0.277582996070822,-0.9270890475823457,-36.448967,0.0,0.0,0.0,1.0,0.24081053743552033,0.9705459473231834,-0.007130862119008802,-0.05244406672261391,-0.9370328896398709,0.23439750230167167,0.2588960692013138,0.2290672437358038,0.25294198701119075,-0.05566304922731377,0.9658788620513176,0.5222842711594209,0.0,0.0,0.0,1.0,-0.0012569278645143062,-0.0013049633338893469,0.9999983586001733,654.9632471886015,-0.03807981753652665,0.9992739111839045,0.0012561542927211605,-532.3134104999068,-0.9992739102111734,-0.03807817613698799,-0.001305707988895525,198.09294987718425,0.0,0.0,0.0,1.0
2026-07-14T19:50:44.788,22,random,5,2,-15.247403718695198,-48.86228759654413,-31.488601216810345,-4.714690800348578,-4.709508941015146,-9.135130218309088,248.214539,-554.371399,-36.425083,178.1643776638027,-4.420827755670406,170.76176295071247,669.1984050956289,-530.5478819796625,198.80682503208067,-140.74194220059115,86.20763779581871,-138.69503424009753,0.4450083273762754,0.923615033449873,23,24,10,-0.9840927348732821,0.16289460788281632,-0.07090018259728069,248.214539,0.16006229095201835,0.9861264538537735,0.04398499772619054,-554.371399,0.07708146459957582,0.03193687105032477,-0.9965131630253056,-36.425083,0.0,0.0,0.0,1.0,-0.08301215756591361,0.9772707815756662,0.19506614563972235,0.09458157326397226,-0.9959335320168629,-0.08823184784697571,0.018208262682742355,0.16321164835224639,0.035005449585278785,-0.19276140823306306,0.980621057287339,0.5823418974190997,0.0,0.0,0.0,1.0,-0.049685493513110614,-0.03675861476924445,0.9980882505944075,669.1984050956289,-0.043657402882451526,0.9984472805259655,0.034598543088723004,-530.5478819796625,-0.9978102940478802,-0.041854895180243816,-0.05121313153413774,198.80682503208067,0.0,0.0,0.0,1.0
2026-07-14T19:50:50.193,23,random,5,3,-15.247403718695198,-48.86228759654413,-31.488601216810345,-11.713895604557951,13.183194484060934,-1.5103903499331341,248.214371,-554.37085,-36.424473,171.16535442160261,13.471727453792994,178.3864561051954,663.4073559419809,-531.7946025141624,198.0096996594592,-149.2455335385186,84.46805098477061,-149.8384750754394,0.19903844594399453,0.3775666778953767,20,20,10,-0.9720993922982435,-0.00794158554395281,0.23443485814279774,248.214371,0.027383165725646235,0.9887513649483104,0.14704047248188176,-554.37085,-0.23296552047079286,0.14935752251527648,-0.960947135247237,-36.424473,0.0,0.0,0.0,1.0,-0.19589070360679803,0.9800867780006005,-0.032507534954746106,0.049039512131202695,-0.9298096465599925,-0.19617036149530628,-0.3114020077565045,0.02462351599722011,-0.3115780053283846,-0.030774938817181907,0.9497220907909761,0.6476057182719759,0.0,0.0,0.0,1.0,-0.08334931426216637,0.008289428558786423,0.9964859141935702,663.4073559419809,-0.04843555866714006,0.9987498374069244,-0.012359568610724014,-531.7946025141624,-0.995342598540135,-0.04929551352618138,-0.08284361096404144,198.0096996594592,0.0,0.0,0.0,1.0
2026-07-14T19:50:55.964,24,random,5,4,-15.247403718695198,-48.86228759654413,-31.488601216810345,-13.751545317186242,-5.4969294366221835,10.554550914371134,248.21434,-554.376099,-36.430744,169.14436039083765,-5.209504160667985,-169.54462870651608,664.52023699092,-534.7236655828575,200.72386121875138,-136.7248220309271,86.70139729138599,-136.98205834214545,0.21086773915518756,0.4015679380330303,24,24,10,-0.9793344896647113,-0.16140568072422942,-0.1218694530352362,248.21434,-0.1807200082449749,0.9689017044737989,0.16902593199773686,-554.376099,0.09079777515498791,0.18755717341044428,-0.9780480922373852,-36.430744,0.0,0.0,0.0,1.0,-0.21849054028000417,0.960152655977649,-0.17426635081741765,-0.008672813042304257,-0.9749195399247347,-0.20702507519967708,0.08168542655524014,0.17936181028678058,0.0423529748789318,0.18774316354433643,0.9813046061551278,0.5797212005815702,0.0,0.0,0.0,1.0,-0.04206956765945166,0.0036592295413187727,0.9991079829108123,664.52023699092,-0.03925514306079411,0.9992150972779863,-0.005312543178370863,-534.7236655828575,-0.9983432201503766,-0.03944362319703137,-0.04189290356214493,200.72386121875138,0.0,0.0,0.0,1.0
2026-07-14T19:51:00.132,25,random,5,5,-15.247403718695198,-48.86228759654413,-31.488601216810345,0.46209318105194974,-5.764541077376039,12.877674659955765,248.212311,-554.360901,-36.425854,-176.67119235391226,-5.477763000348236,-167.23005110152607,664.0297788670983,-533.6474343507138,199.3601827553486,-135.5922726378281,86.63409544906108,-135.81086365120154,0.2777120481191409,0.5589151822199526,24,24,10,-0.9708116971378772,-0.22606990728620363,-0.08010646490691037,248.212311,-0.22002760558001372,0.9723947058114094,-0.07769420115213577,-554.360901,0.09545942322788607,-0.05780080561332964,-0.9937537750305402,-36.425854,0.0,0.0,0.0,1.0,0.027423987351921638,0.9732773658172409,-0.2279892412057538,-0.09249077397676517,-0.9985914892917757,0.037036642018638266,0.037991112934691366,0.16923224776690093,0.04541984623218019,0.2266262481175492,0.9729221866276914,0.5757299970758817,0.0,0.0,0.0,1.0,-0.0420992543669536,0.002949563161059101,0.9991090795598375,664.0297788670983,-0.040924207912319176,0.9991513208566417,-0.004674102820731528,-533.6474343507138,-0.9982749430835655,-0.041084523942580206,-0.041942817071767446,199.3601827553486,0.0,0.0,0.0,1.0
2026-07-14T19:51:16.211,26,random,6,1,-69.98664731884438,-10.597611643217903,24.556097256533132,2.245336283201972,12.298812010987202,10.450323947503655,193.468552,-516.099976,19.657755,-174.85222324171045,12.575220391751795,-169.6486205463323,660.5264617215603,-533.0396171312696,197.07494491390145,-137.815283959296,85.98008438732612,-138.74655376873977,0.16935642469833584,0.46819001707030194,17,17,10,-0.9601257551160963,-0.1597426456012262,0.22943587674787647,193.468552,-0.1753739855485842,0.983266677272635,-0.04930118211602102,-516.099976,-0.21772115091453723,-0.08757241884036969,-0.9720743654180457,19.657755,0.0,0.0,0.0,1.0,0.05032405496578073,0.9837902993174344,-0.1721166362113641,-0.11180210326185647,-0.9598696827205045,3.5618687666894006e-05,-0.2804464136432251,-0.035532283041581056,-0.27589433065186175,0.17932274172626025,0.9443122749461315,0.6740910306554828,0.0,0.0,0.0,1.0,-0.052703608008298944,0.015010945474791627,0.9984973716634715,660.5264617215603,-0.04622543207903829,0.9987785187023458,-0.017455085443947107,-533.0396171312696,-0.9975397431340837,-0.047075918415916705,-0.05194534409631067,197.07494491390145,0.0,0.0,0.0,1.0
2026-07-14T19:51:22.684,27,random,6,2,-69.98664731884438,-10.597611643217903,24.556097256533132,11.74210086289817,-10.772054778558115,2.164351085514415,193.466461,-516.12085,19.587185,-165.34937443478864,-10.466506522552313,-177.92671477038243,663.5114532496599,-532.079430597441,197.8728030122326,-123.99895661014465,87.06535465362593,-124.393139728512,0.22392669081009875,0.4662781869067567,24,24,10,-0.9827175321181759,-0.08091780850824833,-0.16648891955257664,193.466461,-0.035575805220689184,0.965190485778081,-0.2591171322903435,-516.12085,0.18166071163149577,-0.24871597140049984,-0.9513883284021537,19.587185,0.0,0.0,0.0,1.0,0.20995382618124733,0.9743513696453525,-0.08098641455256936,-0.10278056150294237,-0.9659022643380871,0.21954036868925908,0.13724008985110722,0.1437409973597148,0.15149985682636974,0.04941087922725175,0.9872215346089142,0.6189662231713964,0.0,0.0,0.0,1.0,-0.028919462468876642,0.0062655985265311475,0.9995621076079346,663.5114532496599,-0.0422466599277724,0.9990791743584336,-0.0074848572610152694,-532.079430597441,-0.9986885822995366,-0.042444618485445236,-0.02862813207610051,197.8728030122326,0.0,0.0,0.0,1.0
2026-07-14T19:51:27.019,28,random,6,3,-69.98664731884438,-10.597611643217903,24.556097256533132,10.60115194060712,-3.48474420557746,-11.681804610256764,193.475449,-516.106812,19.619719,-166.5197553229024,-3.1962450601372976,168.21536662181256,666.2676087142175,-530.2989496401573,195.96835013564623,-125.91385552786453,86.79244350452727,-125.02119518669413,0.48692663318990004,0.9741446364848415,24,24,10,-0.9773994075754419,0.18588360526204634,-0.10068606341475086,193.475449,0.20391581257543173,0.954607723185356,-0.21712309001249042,-516.106812,0.05575607099569417,-0.23274745998539784,-0.9709376295197694,19.619719,0.0,0.0,0.0,1.0,0.18267173071314557,0.9610159900175391,0.20755554853791186,0.028291691018780867,-0.9825986973873929,0.17122973950848153,0.07197344093800505,0.11574566248056964,0.03362794508831922,-0.21709132465040357,0.9755718928252649,0.6451682712924725,0.0,0.0,0.0,1.0,-0.032110381264678745,-0.016307366753495197,0.9993512861874966,666.2676087142175,-0.0458222902205209,0.998839570188643,0.014826690268338733,-530.2989496401573,-0.9984333934389331,-0.04531647399052474,-0.032820360313116234,195.96835013564623,0.0,0.0,0.0,1.0
2026-07-14T19:51:30.321,29,random,6,4,-69.98664731884438,-10.597611643217903,24.556097256533132,10.43359460988109,-10.113939094376887,-4.0587478608939325,193.475082,-516.107056,19.619608,-166.68728818219864,-9.825080270903356,175.837882536674,663.4668349468211,-531.5872658134452,197.30193907488382,-120.46600599613926,87.17240810480216,-120.70229177744652,0.247065924374612,0.5665085149599651,24,24,10,-0.9827346609590636,0.03143933797702522,-0.1823297950891207,193.475082,0.07151429038938752,0.9734131800519544,-0.21760626638781239,-516.107056,0.1706408287010372,-0.2268884063338354,-0.9588552334171805,19.619608,0.0,0.0,0.0,1.0,0.18453185451002896,0.9822866111172889,0.03257312221450519,-0.04560647162632869,-0.971510216743599,0.17729208910902067,0.15727496273140287,0.15269654238488295,0.1487141332688146,-0.0606673615634511,0.9870175164641378,0.6226643819854876,0.0,0.0,0.0,1.0,-0.02518716606662964,0.0035881520380539613,0.9996763135287758,663.4668349468211,-0.04241615741528918,0.9990891867332536,-0.004654733376523182,-531.5872658134452,-0.9987824969710138,-0.042519667421523286,-0.025012029639948273,197.30193907488382,0.0,0.0,0.0,1.0
2026-07-14T19:51:36.659,30,random,6,5,-69.98664731884438,-10.597611643217903,24.556097256533132,-6.495556380235408,0.005131097238454174,14.346150942491565,193.474747,-516.106384,19.619167,176.3837394280951,0.29369816578406,-165.75714849758327,662.9553023118353,-534.6183959897255,200.22733043605928,-137.37909656546216,86.44585751372142,-137.89542234960885,0.24934060141863662,0.8299524241946202,24,24,10,-0.9692488793630738,-0.24585585883522007,-0.01055966523247121,193.474747,-0.24602913284317626,0.9672521399943664,0.062393617211643784,-516.106384,-0.005125977551672763,0.06307292884205347,-0.9979957565047184,19.619167,0.0,0.0,0.0,1.0,-0.09184738103002567,0.9617426429222259,-0.2580991038010352,-0.12693884250459397,-0.9939685825706608,-0.10414485962075591,-0.034355568355726056,0.08635876958644989,-0.05992091004313309,0.2533869313906009,0.9655074041870716,0.6414148012531575,0.0,0.0,0.0,1.0,-0.04599303364835977,0.008045200988211935,0.9989093630539657,662.9553023118353,-0.04156457012994225,0.9990861709999216,-0.009960392895292425,-534.6183959897255,-0.9980766640723215,-0.0419773469596964,-0.045616608559726324,200.22733043605928,0.0,0.0,0.0,1.0
2026-07-14T19:51:54.307,31,random,7,1,31.8773180007675,46.143786489717826,81.73868511459213,13.296269497561639,3.953101735709396,-2.1369016270755807,295.339142,-459.365356,76.802063,-163.82490562928407,4.241721148912511,177.7600413477789,666.2821319920424,-532.6051714671582,197.27604032659053,-145.28569068823538,84.89039290441121,-147.07162183940866,0.18362174865121017,0.36221020550743327,17,17,10,-0.9964988771762825,0.058126310359999385,0.06009425788160866,295.339142,0.038977638132120664,0.9588756947268967,-0.2811372365725548,-459.365356,-0.07396439354209368,-0.2778106083394661,-0.9577841794381479,76.802063,0.0,0.0,0.0,1.0,0.22593956202059728,0.9730217416744854,0.046690518766575366,-0.08713528050577285,-0.9630964753908153,0.2303181995767728,-0.139279237625364,-0.027493913510079102,-0.14627540259294936,-0.013498784110620039,0.9891518030230776,0.5714097727181906,0.0,0.0,0.0,1.0,-0.074753673380767,0.029265839253925938,0.9967724910775002,666.2821319920424,-0.048412857435451546,0.9982840714161648,-0.032940977394435654,-532.6051714671582,-0.996026146017772,-0.050719063571102015,-0.07320855851233701,197.27604032659053,0.0,0.0,0.0,1.0
2026-07-14T19:52:00.108,32,random,7,2,31.8773180007675,46.143786489717826,81.73868511459213,-6.691553351664396,14.03268516669667,-12.144337275921018,295.339386,-459.36496,76.802567,176.1877878621604,14.321251976633466,167.7527032022444,660.3589470344031,-530.7967989466237,198.18276342489253,-149.67980429194313,83.97761295225149,-152.25067136382432,0.23709277748728536,0.5526834094202578,8,8,10,-0.9468724184739132,0.19559046650290393,0.2552978506500573,295.339386,0.20553937613082857,0.9785675124770279,0.012616987923897687,-459.36496,-0.24735842009746162,0.06442043881951137,-0.9667801296412692,76.802567,0.0,0.0,0.0,1.0,-0.13002848108409873,0.9811920195674604,0.14267030119856833,0.004312834793436953,-0.9371234862019548,-0.07461578271906123,-0.34092822789836036,-0.07493949269239873,-0.3238706002644523,-0.1780300696690026,0.9292002629024558,0.5803334237786792,0.0,0.0,0.0,1.0,-0.09285085799785528,0.042389291160306326,0.9947772947569666,660.3589470344031,-0.04884981045154936,0.9976962497322343,-0.04707323325503182,-530.7967989466237,-0.9944809772881076,-0.05296547238684585,-0.09056624397052403,198.18276342489253,0.0,0.0,0.0,1.0
2026-07-14T19:52:03.513,33,random,7,3,31.8773180007675,46.143786489717826,81.73868511459213,-0.48352480270957265,5.470286209679852,-12.201500578595944,295.338379,-459.370911,76.773643,-177.52873828588457,5.793691928583371,167.71127835365644,663.2575463761016,-531.1773222287683,198.37443558495096,-131.36894884644045,86.52651539573398,-131.7398775163507,0.37272749123945115,0.8697195791200226,16,16,10,-0.9720963591291267,0.2168930321721498,0.08936487656269948,295.338379,0.21175084295535235,0.9752523632164446,-0.06359566454120813,-459.370911,-0.10094676357166403,-0.0428980260141531,-0.9939665539083775,76.773643,0.0,0.0,0.0,1.0,-0.010018696853499813,0.9773842382204081,0.21123370136337086,-0.00044670240214331994,-0.9914110483350028,0.017838327961215605,-0.12956051595620569,-0.016578506659838274,-0.13039846223268042,-0.2107174528458906,0.9688108154399868,0.5751331576266184,0.0,0.0,0.0,1.0,-0.04033552995404081,0.005556042332098641,0.9991707438756056,663.2575463761016,-0.04520821793723343,0.9989503266814769,-0.007379827498632546,-531.1773222287683,-0.9981629436390964,-0.04546839799876283,-0.040042012051841346,198.37443558495096,0.0,0.0,0.0,1.0
2026-07-14T19:52:08.850,34,random,7,4,31.8773180007675,46.143786489717826,81.73868511459213,-10.72388036184324,-12.316565515194705,-11.83330201549307,295.3396,-459.368866,76.808258,172.16619709813713,-12.006502484304939,168.06725703177122,663.1140646439885,-533.8541129666768,198.26061864624913,-134.23646619955133,87.42282958373022,-134.59792887083606,0.43661850422851023,0.8894286535468063,24,24,10,-0.9569877027075848,0.2325745599795551,-0.17344627674520852,295.3396,0.20224018759256449,0.9633977830805627,0.1759648205692867,-459.368866,0.20802269921569488,0.13331836184777127,-0.9689957538633712,76.808258,0.0,0.0,0.0,1.0,-0.17137160318570505,0.9599354362016725,0.22171091977136734,0.024967892250290155,-0.967857642786373,-0.2060816137636191,0.14415946645499209,0.09458271645491033,0.18407432444957275,-0.18987976930912637,0.9643973850470285,0.531754702465831,0.0,0.0,0.0,1.0,-0.031571114882148886,0.005799868848655437,0.9994846803360403,663.1140646439885,-0.032017352050209114,0.999464105490819,-0.006811094121318814,-533.8541129666768,-0.9989885654364572,-0.0322158867140873,-0.031368499652262335,198.26061864624913,0.0,0.0,0.0,1.0
2026-07-14T19:52:12.618,35,random,7,5,31.8773180007675,46.143786489717826,81.73868511459213,-0.7025411525080738,-4.57069710057195,-13.281154683450245,295.351746,-459.355591,76.865257,-177.97444215471685,-4.440823982720472,166.57504575013252,663.9154102767693,-532.0494191937506,198.09413927476615,-133.85706203148376,86.9808328625736,-134.49811987053107,0.4581939733986819,0.8632549445260616,22,22,10,-0.9697547223239005,0.22936450538341022,-0.08347276322680566,295.351746,0.23147454116707333,0.9727024848469237,-0.01641379797953984,-459.355591,0.0774294215527124,-0.03523917766980184,-0.9963748717401341,76.865257,0.0,0.0,0.0,1.0,-0.009819494377353247,0.97569084913522,0.2189313692552232,0.004553949120849551,-0.9986899635965293,-0.020564706832032497,0.046855623402916206,0.050361257699567064,0.05021886240982044,-0.21818446266108488,0.9746145936274283,0.5548564422062072,0.0,0.0,0.0,1.0,-0.03691567536759962,0.010486843111510429,0.999263358196281,663.9154102767693,-0.03756813002170499,0.9992235168370432,-0.011874300252406027,-532.0494191937506,-0.9986119709470871,-0.03797880357997851,-0.03649303988169701,198.09413927476615,0.0,0.0,0.0,1.0
2026-07-14T19:52:29.198,36,random,8,1,67.33726284326754,17.779561329649734,1.9986233752901503,-7.608482165990479,5.240206581051172,-0.27769598735541834,330.799286,-487.72937,-2.937819,175.27059702371497,5.528870835673905,179.61923209719887,666.8648029361924,-532.8648685955707,199.660497052319,-147.8556037496237,85.27206878590093,-148.45585276281386,0.228043198145843,0.43757717545822217,22,22,10,-0.9953257966321578,-0.0013206779406994625,0.09656507841004096,330.799286,0.006614687832282657,0.9966259909575819,0.08181002415779892,-487.72937,-0.09634731165653694,0.08206637531653961,-0.9919588225218642,-2.937819,0.0,0.0,0.0,1.0,-0.12466961201441448,0.9920166105685139,-0.018987685386412503,-0.033800535886374085,-0.9782725747065629,-0.1260923220007581,-0.16457064109205297,0.07220953027279456,-0.16565101091501835,-0.001941826103225994,0.986182524634369,0.54431303869626,0.0,0.0,0.0,1.0,-0.07024510811251838,0.008933230893407144,0.9974897604346954,666.8648029361924,-0.04312074292020221,0.998997998036719,-0.01198338218692731,-532.8648685955707,-0.9965973240563464,-0.04385427350251296,-0.06978951482347728,199.660497052319,0.0,0.0,0.0,1.0
2026-07-14T19:52:34.803,37,random,8,2,67.33726284326754,17.779561329649734,1.9986233752901503,14.413888837708683,5.434321626227479,-1.4331625454934311,330.798401,-487.730225,-2.937978,-162.70706497098382,5.722931640884715,178.46369081597905,668.1881300592833,-532.8194746516335,197.87069736566673,-146.42503660890142,85.23608004000322,-147.6361307074976,0.26243303103810645,0.5783535539231297,24,24,10,-0.9946580664530281,0.05522977191474411,0.08720666909227047,330.798401,0.02667681043404393,0.9536595328468677,-0.2997029249029117,-487.730225,-0.09971799549223552,-0.2957755360142884,-0.9500385011516486,-2.937978,0.0,0.0,0.0,1.0,0.24848315103882354,0.9671341173952321,0.05392330312548183,-0.08876012856947021,-0.9539626299164493,0.2539925743973858,-0.1595088488889569,0.04783995850317016,-0.1679625683678025,-0.01180555467286298,0.9857226813390049,0.5468144914977031,0.0,0.0,0.0,1.0,-0.07014975233915619,0.019522260143023957,0.997345423414407,668.1881300592833,-0.04445635909766869,0.9987539225899984,-0.022676733602328237,-532.8194746516335,-0.9965453549049005,-0.0459291135337915,-0.06919445171013258,197.87069736566673,0.0,0.0,0.0,1.0
2026-07-14T19:52:40.905,38,random,8,3,67.33726284326754,17.779561329649734,1.9986233752901503,-3.332830678934723,-8.988493846873524,-10.316822791664876,330.782379,-487.742218,-2.999868,179.61258578677538,-8.611727548154812,169.6004347957618,663.311025074708,-532.4530879143919,198.53374565276692,-124.27755036894,87.46343859460339,-124.12279093883353,0.5442308021685427,1.1557651688070978,24,24,10,-0.9724837973245055,0.18150338976375657,-0.1460540428936349,330.782379,0.17847654797897122,0.9833675942042152,0.03367931843912293,-487.742218,0.14973772324574683,0.006685370092950961,-0.9887031506290956,-2.999868,0.0,0.0,0.0,1.0,-0.04721308328147734,0.981887731166937,0.183486806476381,0.012735182667057565,-0.990126519079575,-0.07027463728638327,0.12128871163315956,0.14932990353885228,0.13198636665360838,-0.17594873895004726,0.9755109636900383,0.4911813777075128,0.0,0.0,0.0,1.0,-0.02482671270619469,-0.003155241102916765,0.9996867903447493,663.311025074708,-0.036637500890991145,0.9993261014126856,0.0022442289956912365,-532.4530879143919,-0.999020183912551,-0.03657030884344501,-0.024925582168293638,198.53374565276692,0.0,0.0,0.0,1.0
2026-07-14T19:52:45.642,39,random,8,4,67.33726284326754,17.779561329649734,1.9986233752901503,13.32302202240897,-3.85445037620325,-12.821833922900295,330.798767,-487.730133,-2.937913,-163.79814850025147,-3.5659174295557046,167.0750660179432,666.3053144133861,-532.2911877743803,196.4704128977055,-135.021000244009,86.85938204827134,-135.6213928844068,0.5818956797606362,1.1684613725532762,24,24,10,-0.9727769039278412,0.19787639015712796,-0.12062350269722566,330.798767,0.22324123638628576,0.9398365562312667,-0.2585934994312026,-487.730133,0.062196829189967794,-0.27848192363192437,-0.9584254653591885,-2.937913,0.0,0.0,0.0,1.0,0.23430295042331875,0.9517949036500424,0.19796107902497795,-0.03602289796915901,-0.9716180369686335,0.22244391775292197,0.08048039321443304,0.12006479337940812,0.032565590124337185,-0.2111993485798121,0.9769003621144362,0.5139183198179058,0.0,0.0,0.0,1.0,-0.039157894934292455,0.009719855794226424,0.9991857603407158,666.3053144133861,-0.03831761285252328,0.9992025993047764,-0.011221679369056563,-532.2911877743803,-0.9984980820259989,-0.03872583047420953,-0.03875422873034317,196.4704128977055,0.0,0.0,0.0,1.0
2026-07-14T19:52:49.277,40,random,8,5,67.33726284326754,17.779561329649734,1.9986233752901503,10.587928315503039,3.0535603621351903,-3.703405742035727,330.801758,-487.709808,-2.90268,-166.5390067048188,3.324759493585141,176.18635546767257,669.2262750849716,-533.0544166238521,196.9262550208828,-149.00531330814783,85.54207411783806,-149.8112618563622,0.31194364839143807,0.619704663601011,24,24,10,-0.9961062324606464,0.07815483088033685,0.040794559234319176,330.801758,0.06639956797605691,0.9694771818484396,-0.23601926033228837,-487.709808,-0.05799543969700919,-0.23239151508881184,-0.9708917100733103,-2.90268,0.0,0.0,0.0,1.0,0.18854556579005735,0.9789176117055718,0.07855494327899157,-0.06894960145022366,-0.9744384820466053,0.1964310374580933,-0.10901601822596672,0.0695041764485261,-0.12214832920516841,-0.055992472849443475,0.9909311926953305,0.5417068000592129,0.0,0.0,0.0,1.0,-0.06718517682231336,0.012719371619375025,0.9976594457032736,669.2262750849716,-0.039085029711572954,0.9991176716324003,-0.015370058044651833,-533.0544166238521,-0.9969746799532071,-0.04002618914484261,-0.06662876041726541,196.9262550208828,0.0,0.0,0.0,1.0
2026-07-14T19:53:05.424,41,random,9,1,30.72190584039036,59.858759110355756,-24.675030417526997,5.463867459463209,10.947420007636698,-9.8155397923047,294.180817,-445.655121,-29.578234,-171.83204811201685,11.191126246054266,170.06877049750173,667.238766781672,-532.3385844872969,196.62370575774955,-149.20451960082391,85.04133644128642,-151.43151698911404,0.23504721817268312,0.49780132471299987,24,24,10,-0.9662856219051658,0.19787762303424378,0.16473173101034558,294.180817,0.16918661373917382,0.9702676963484498,-0.1730794244101364,-445.655121,-0.19408242226131336,-0.13937375551010395,-0.9710339693564747,-29.578234,0.0,0.0,0.0,1.0,0.08372468806167868,0.9821698368774232,0.1683228687289755,-0.0468129579202068,-0.9620486506025063,0.12369432562823632,-0.24323262051228361,0.043192161638137445,-0.2597163269470583,-0.14157021344743825,0.955251435058632,0.6090480350544397,0.0,0.0,0.0,1.0,-0.07591297071011652,0.0371757906160338,0.996421186782998,667.238766781672,-0.041334940598783926,0.9983283927520292,-0.04039607543866581,-532.3385844872969,-0.9962573179473565,-0.04425359665862416,-0.07424941494123581,196.62370575774955,0.0,0.0,0.0,1.0
2026-07-14T19:53:09.894,42,random,9,2,30.72190584039036,59.858759110355756,-24.675030417526997,-3.6783849707988274,-2.17591833556836,-9.202983106408045,294.17334,-445.657166,-29.681183,179.4187541646826,-1.7471202046924192,170.72348936999774,666.2315442019251,-531.7078322602314,199.6260148918907,-136.5252325251702,86.47373866664397,-137.8795517792489,0.3892644677139085,0.7176931650134915,24,24,10,-0.9864630898750588,0.16149617743228184,-0.028452714965578697,294.17334,0.1611242918362278,0.9868212451440003,0.014926242417938076,-445.657166,0.03048827470398428,0.010139763666176456,-0.9994836918621376,-29.681183,0.0,0.0,0.0,1.0,-0.058196142602376565,0.9889152611020089,0.13660093464449616,-0.027505527069884975,-0.9982736996232066,-0.056560492475625404,-0.01582818156046949,0.14105928385913616,-0.007926514164518205,-0.13728625951077844,0.9904996987999232,0.5638953575526832,0.0,0.0,0.0,1.0,-0.045621265259269225,0.022668907147307966,0.9987015674388869,666.2315442019251,-0.04125156068393953,0.9988469762670763,-0.02455660284441228,-531.7078322602314,-0.9981067121792556,-0.04231830160658234,-0.0446335350588736,199.6260148918907,0.0,0.0,0.0,1.0
2026-07-14T19:53:16.296,43,random,9,3,30.72190584039036,59.858759110355756,-24.675030417526997,14.827033724701458,13.525114765842705,2.622088492079257,294.182709,-445.646362,-29.605017,-162.29757203480384,13.812236271439243,-177.48221411291996,666.126265448341,-533.3981499196079,195.79311304087258,-147.22080794262703,85.15425703036006,-148.3228836154222,0.20262913261294307,0.5049173133863161,19,19,10,-0.9701458640182735,0.03067528087831806,0.24057437451082317,294.182709,-0.04265921626663265,0.9549179931218323,-0.2937887296675773,-445.646362,-0.23874085070585255,-0.29528063525264986,-0.925101158062748,-29.605017,0.0,0.0,0.0,1.0,0.24966018422275876,0.9678148546821538,0.03168910649451121,-0.14394199117133946,-0.9175324118821109,0.24689619430052087,-0.3117315229259238,-0.0067445036188619354,-0.30952231835467814,0.04875116712942914,0.9496416472248169,0.6009078217514252,0.0,0.0,0.0,1.0,-0.07188861461602682,0.017586838149312573,0.9972576047403692,666.126265448341,-0.0443596591532917,0.9987988246117147,-0.020811741735418905,-533.3981499196079,-0.9964257361832806,-0.04573413471541726,-0.07102211763556435,195.79311304087258,0.0,0.0,0.0,1.0
2026-07-14T19:53:20.668,44,random,9,4,30.72190584039036,59.858759110355756,-24.675030417526997,5.314951090667581,1.5760407480088219,-2.450056811762595,294.183655,-445.650818,-29.611645,-171.80580664499985,1.8649203273713166,177.4469199127399,666.6039115182791,-532.547145581699,198.7994095531053,-141.83906555291884,85.94836473743617,-143.63854725918,0.3112464147890745,0.5490159157564302,24,24,10,-0.9984782367205017,0.04872387682556267,0.025830110774151677,294.183655,0.04452131486760722,0.9886015827444266,-0.14382198412507724,-445.650818,-0.03254325303310851,-0.14245313061600995,-0.9892664162194736,-29.611645,0.0,0.0,0.0,1.0,0.09791227012634621,0.9948973293388134,0.024341146916325516,-0.10529795806439891,-0.9913490363529249,0.09965292388519004,-0.08541886725577982,0.10384212663627353,-0.08740866936885283,-0.015767017334589902,0.9960477527124577,0.573155498552353,0.0,0.0,0.0,1.0,-0.05689833325130564,0.030158185199279916,0.9979243776653162,666.6039115182791,-0.04189001126062618,0.9985913240328634,-0.032566770224832745,-532.547145581699,-0.9975007802652631,-0.043656058362824615,-0.05555485521908668,198.7994095531053,0.0,0.0,0.0,1.0
2026-07-14T19:53:24.072,45,random,9,5,30.72190584039036,59.858759110355756,-24.675030417526997,7.625107993214563,0.31900662046030526,-12.92352294286127,294.181488,-445.66803,-29.594393,-169.6122377263415,0.5467736238933446,166.96757913557664,668.0691243630457,-531.9337052436331,197.9092052558662,-140.88674274683868,86.09380931957975,-142.83929277121737,0.3851038112410258,0.8187506065005693,24,24,10,-0.9741982588203442,0.22348272728111115,-0.03151544253864123,294.181488,0.22549209836907388,0.9578867749599163,-0.1777814386543282,-445.66803,-0.009542855155655207,-0.18030085125669051,-0.9835652174368464,-29.594393,0.0,0.0,0.0,1.0,0.12833207197263846,0.9715846665833164,0.1988821635124546,-0.04509441320725406,-0.9903069988886714,0.1362882986932973,-0.02678707881419597,0.12021142455460374,-0.05313122674398648,-0.19351675715418498,0.9796572550873122,0.575863946352791,0.0,0.0,0.0,1.0,-0.05429031045998973,0.03290388924654017,0.9979829138129617,668.0691243630457,-0.041149936618659295,0.9985341323277193,-0.03516062133706413,-531.9337052436331,-0.9976769241124287,-0.04297581469826369,-0.05285673509196544,197.9092052558662,0.0,0.0,0.0,1.0
2026-07-14T19:53:39.416,46,random,10,1,-17.383721019555388,-58.911096048673414,28.526524320692353,-6.314750902385931,10.351661653771622,0.6919281874933425,246.0755,-564.418396,23.614719,176.57441978231466,10.63541448055688,-179.40981602307858,663.8053482072418,-532.3448043856092,198.0862597266402,-149.5221274759828,84.40035025868578,-150.0651859374092,0.19559133036706913,0.37387562874117763,17,17,10,-0.9827693212743038,-0.021309250997002836,0.18360385884831237,246.0755,-0.010123524386658376,0.9980467028787323,0.06164651755682824,-564.418396,-0.1845588670750799,0.05872558807571307,-0.981065405510318,23.614719,0.0,0.0,0.0,1.0,-0.10524057568582115,0.9937327334751098,-0.0376785834314861,0.0283553760074812,-0.9578566092422687,-0.11147878669915473,-0.2647323105459322,-0.007506044462545295,-0.26727352536347565,0.008230099402243835,0.9635855582684959,0.6330570470788774,0.0,0.0,0.0,1.0,-0.08455945359345426,0.007380524379696995,0.9963911012588667,663.8053482072418,-0.048692235345641155,0.9987472747809698,-0.011530279035243132,-532.3448043856092,-0.9952279965038265,-0.049491504093799245,-0.0840941496033601,198.0862597266402,0.0,0.0,0.0,1.0
2026-07-14T19:53:44.852,47,random,10,2,-17.383721019555388,-58.911096048673414,28.526524320692353,8.126588737513671,-2.053385342855215,11.678912871429333,246.077713,-564.419922,23.589478,-168.9943027442929,-1.7647100090029355,-168.42420973813773,664.1753958517256,-533.162058351184,197.84892780404752,-135.9214758018044,86.41689558690537,-136.2475519897937,0.23026507351563535,0.7376507153938482,24,24,10,-0.9791954898849745,-0.20273283864028252,0.008694177694183507,246.077713,-0.20056882241166457,0.9604627153034498,-0.19308940931165167,-564.419922,0.030795130545640367,-0.19081605972448326,-0.9811426457380698,23.589478,0.0,0.0,0.0,1.0,0.15808493464871487,0.9668850653088515,-0.20035574341607892,-0.09299161906009289,-0.9871773338152602,0.15020849807907935,-0.05402146523579226,0.07337392450565823,-0.02213741264254226,0.20632662840148644,0.9782327214798984,0.6003023757773887,0.0,0.0,0.0,1.0,-0.04514316700903738,0.004708810671474279,0.9989694297497066,664.1753958517256,-0.043218877475922485,0.999043414271228,-0.00666220916879621,-533.162058351184,-0.9980452009313585,-0.043475090607700606,-0.044896474188257096,197.84892780404752,0.0,0.0,0.0,1.0
2026-07-14T19:53:50.558,48,random,10,3,-17.383721019555388,-58.911096048673414,28.526524320692353,-6.51298903502483,1.5297143664296158,-5.030072617921261,246.077881,-564.420105,23.590233,176.36632151112315,1.8183388586271807,174.86706284860432,668.018974327718,-531.9383543124974,198.34847401700793,-143.74445655712768,86.02377835112141,-142.38338026358613,0.34531660687768284,0.7818067749952302,24,24,10,-0.9954882736369616,0.0872840730362599,0.03721004764177005,246.077881,0.08942181748795258,0.9941674263740589,0.06028985730561635,-564.420105,-0.031730672990865544,0.06334523605592715,-0.9974871154358664,23.590233,0.0,0.0,0.0,1.0,-0.11006505769375445,0.9882537544228169,0.10601980920599505,0.075191137722075,-0.9904904776979441,-0.10019988486350927,-0.0942793543838641,0.05666032543197025,-0.08254875325872114,-0.11538847404548067,0.9898844394134532,0.6126780299898044,0.0,0.0,0.0,1.0,-0.05492704454302988,-0.024880617456268513,0.9981803317300755,668.018974327718,-0.042324906030371756,0.9988489754658018,0.02256826401026799,-531.9383543124974,-0.9975929140221919,-0.041008280699290064,-0.055916891962984015,198.34847401700793,0.0,0.0,0.0,1.0
2026-07-14T19:53:55.493,49,random,10,4,-17.383721019555388,-58.911096048673414,28.526524320692353,-9.669410329810058,-14.485174688551018,-12.735821838091347,246.058823,-564.433167,23.540562,173.22215831456325,-14.16964734404185,167.16948946258074,659.7164851564687,-533.1386896579147,200.13931511030316,-120.85471853889287,87.63013689068704,-120.5636556761418,0.3972514741553604,0.6906088206203008,15,15,10,-0.9453660761679544,0.2486849484010582,-0.21080507221024947,246.058823,0.21531136820282418,0.9618013063888698,0.16905402021629434,-564.433167,0.24479378413969857,0.11442920723061227,-0.9627990235657389,23.540562,0.0,0.0,0.0,1.0,-0.1538053355857345,0.9557626678289621,0.2507222397989977,0.14817755887578477,-0.9603888279571329,-0.20427185446267157,0.18954236626544957,0.15193978319349677,0.2323730145272562,-0.21163821077217446,0.9493218894877903,0.5310895871677299,0.0,0.0,0.0,1.0,-0.02102634322041457,-0.005453338182718886,0.9997640491603221,659.7164851564687,-0.03560513205024788,0.9993548734549142,0.004702283870429786,-533.1386896579147,-0.999144717977562,-0.035497859154864114,-0.021206945394367262,200.13931511030316,0.0,0.0,0.0,1.0
2026-07-14T19:53:59.164,50,random,10,5,-17.383721019555388,-58.911096048673414,28.526524320692353,-11.85114627849109,-9.878090458329378,-1.5803865776662374,246.086243,-564.409424,23.621243,171.04629379177442,-9.599965153196457,178.316727141528,664.5740795311627,-534.573711356929,200.24153348936395,-130.05887143180044,87.29556836248098,-128.91644084957238,0.2576084880240487,0.6300110921111467,24,24,10,-0.9855706598617827,0.05496047391422719,-0.16009316264829618,246.086243,0.0289630722107661,0.9866257318173192,0.16040824718216148,-564.409424,0.1667681470417064,0.15345687219236234,-0.9739811977185252,23.621243,0.0,0.0,0.0,1.0,-0.19113589541672396,0.9791081014810651,0.06938584219703445,0.07454056898805789,-0.9717527016829225,-0.19872161643439837,0.12730438301033342,0.13423598898383612,0.13843321947852263,-0.04309344237635944,0.9894337769497095,0.572130560719528,0.0,0.0,0.0,1.0,-0.029640163250330365,-0.02047335922949007,0.9993509405030621,664.5740795311627,-0.036711896452721694,0.9991379518048265,0.019380142468550195,-534.573711356929,-0.9988862284471335,-0.03611363766109638,-0.030366227845168445,200.24153348936395,0.0,0.0,0.0,1.0
2026-07-14T19:54:14.508,51,random,11,1,-72.28987958772461,11.022375111620258,-26.968795519952913,-2.6559950658305667,-0.38930197217750084,7.075612455323771,191.172195,-494.486603,-31.905622,-179.77679549085988,-0.10061138882497256,-173.02781103045487,666.5526109855755,-532.9532120961082,199.3159953481642,-140.32109932561582,86.12519808185054,-140.62080096112433,0.23589187502507758,0.4494179436072793,24,24,10,-0.9926036590010193,-0.12139342213741426,-0.001270117929891828,191.172195,-0.1213873659198423,0.992596827049353,-0.004079991004802276,-494.486603,0.0017559990975519364,-0.003895637730140852,-0.9999908701952458,-31.905622,0.0,0.0,0.0,1.0,-0.03232888918605689,0.9913341681306045,-0.12732403551882238,-0.10179064530630694,-0.9979462546164228,-0.03906479026308445,-0.05076627875622493,0.13166635211070798,-0.05530023346288093,0.12542132696835878,0.9905611414347155,0.6567889550192662,0.0,0.0,0.0,1.0,-0.05223420901772614,0.004102604023894497,0.9986264346834183,666.5526109855755,-0.04287391424503263,0.9990603303500304,-0.006346951882462452,-532.9532120961082,-0.9977140947614209,-0.04314655213469402,-0.052009231423719916,199.3159953481642,0.0,0.0,0.0,1.0
2026-07-14T19:54:18.544,52,random,11,2,-72.28987958772461,11.022375111620258,-26.968795519952913,1.0125162998464141,-13.941147602402268,6.337053308455303,191.161392,-494.499054,-31.940552,-176.08986937497255,-13.63651011567262,-173.75770196567203,658.9628619986051,-533.4961611911431,200.04557461994426,-121.84601916084371,87.33233582412748,-122.61120452401919,0.22075706657700828,0.5487450089704581,24,24,10,-0.9660490630354918,-0.124461792391943,-0.22640333487568876,191.161392,-0.105668162909247,0.9900089010851475,-0.0933628144368171,-494.499054,0.2357614199898559,-0.06626943493620256,-0.9695488202445524,-31.940552,0.0,0.0,0.0,1.0,0.03050615293264134,0.9901726026148692,-0.13648293543204526,-0.11720448219955734,-0.9778374121742224,0.05786063843344197,0.20121168423452665,0.22719280856264423,0.20713128683439075,0.12731992597771982,0.9699929208315686,0.5831050404732504,0.0,0.0,0.0,1.0,-0.02508351598373755,0.01285847979705035,0.9996026594218343,658.9628619986051,-0.039205107360201,0.9991353849284313,-0.013836261807000214,-533.4961611911431,-0.998916301189829,-0.03953659167436644,-0.024557710316837494,200.04557461994426,0.0,0.0,0.0,1.0
2026-07-14T19:54:22.681,53,random,11,3,-72.28987958772461,11.022375111620258,-26.968795519952913,-9.603070616838476,-4.578197357645426,10.770088741839391,191.172104,-494.486237,-31.90575,173.27601634730553,-4.289448533246908,-169.33303539277424,664.9477878029559,-534.3569378076386,200.7524148979689,-139.0039056213934,86.41442828541142,-139.27677061389906,0.2319019234402493,0.5273189347165412,24,24,10,-0.9799670121958333,-0.17522070451367217,-0.09466974024314172,191.172104,-0.18458155407103582,0.9775812799084963,0.1013138246696242,-494.486237,0.07479508609990915,0.1167584938332045,-0.9903399159950631,-31.90575,0.0,0.0,0.0,1.0,-0.14811130230129685,0.9712971056921434,-0.18613160560387831,-0.09982734291229642,-0.9887546574181199,-0.1414989464696883,0.0483970617077567,0.17930234159084274,0.020670499863087874,0.19120664377063973,0.9813321302257343,0.6295234579150549,0.0,0.0,0.0,1.0,-0.047396571854874794,0.0037891717494750628,0.9988689639556623,664.9477878029559,-0.04080092748152854,0.999150886663402,-0.005726255005141569,-534.3569378076386,-0.9980425087605499,-0.04102618501871529,-0.047201725071838056,200.7524148979689,0.0,0.0,0.0,1.0
2026-07-14T19:54:28.016,54,random,11,4,-72.28987958772461,11.022375111620258,-26.968795519952913,-3.4590251669563337,14.115928659113912,6.169190375031146,191.171768,-494.48642,-31.905647,179.4199573760524,14.404330856927434,-173.93388648767476,662.5393464227303,-532.0028793228639,197.60645664358006,-143.48251166675215,85.46115862809002,-144.48009603979838,0.13919937711040525,0.38844513855073054,20,20,10,-0.9631409986813667,-0.1081748027179469,0.24628769501538827,191.171768,-0.10235397899438786,0.9940835323427144,0.03635373033194829,-494.48642,-0.24876309944016226,0.00980524257552451,-0.9685147275983773,-31.905647,0.0,0.0,0.0,1.0,-0.04851129356483888,0.9906742702105308,-0.12732299375799558,-0.09103416735793522,-0.9479428370975662,-0.08583063869851403,-0.30665530984481976,0.007557681391405698,-0.3147237391619567,0.10581867417161141,0.9432663336536923,0.6972476236000185,0.0,0.0,0.0,1.0,-0.06440898047910441,0.01589133994976931,0.9977970477748683,662.5393464227303,-0.045976246782720526,0.9987642041787649,-0.018874564443535725,-532.0028793228639,-0.9968639164727636,-0.04709065476036234,-0.0635987599629398,197.60645664358006,0.0,0.0,0.0,1.0
2026-07-14T19:54:32.752,55,random,11,5,-72.28987958772461,11.022375111620258,-26.968795519952913,4.127448651121977,0.22373815213197012,14.840563972616906,191.171707,-494.486572,-31.905655,-172.99343356274704,0.5123961561854952,-165.26257132882634,672.5644886433149,-532.8095925451536,198.7130617633594,-146.73895406745524,85.57850637427357,-143.65130189881808,0.4804849742188866,1.2114089413419986,24,24,10,-0.9670631053122619,-0.2514350318216416,0.03961533941108135,191.171707,-0.2543795888566976,0.9601571431269822,-0.1157120792109859,-494.486572,-0.008942880794387053,-0.12197821639572384,-0.9924924884390891,-31.905655,0.0,0.0,0.0,1.0,0.0933551076327333,0.9768656337468126,-0.19240155270506326,-0.19096559103209212,-0.9923661317662963,0.07565346843970992,-0.0973961664350278,0.10538236925732622,-0.08058712305373976,0.2000252142043105,0.9764710079057348,0.647850999773838,0.0,0.0,0.0,1.0,-0.06209265679689614,-0.05517827474729175,0.9965439578703067,672.5644886433149,-0.0456928942338387,0.9975808680002153,0.05238865541768072,-532.8095925451536,-0.9970239021149081,-0.04228202686543798,-0.06446370153592054,198.7130617633594,0.0,0.0,0.0,1.0
2026-07-14T19:54:49.700,56,random,12,1,-44.919114733435926,46.10097017900267,-32.9688184631172,-13.787708255638128,0.47022348660906665,5.269672938271896,218.54277,-459.408112,-37.905388,169.09164827368562,0.7588825996507753,-174.83354481758917,666.0342109033161,-534.094982809087,200.68202452193242,-141.88188718885854,86.16339022772245,-142.44726736482048,0.2554032857173355,0.5332590912934968,24,24,10,-0.9958499329888336,-0.09091862360905356,-0.004088379528729416,218.54277,-0.09004160815678655,0.9777161383118433,0.18964087556514944,-459.408112,-0.013244612741616665,0.18922197749101988,-0.981845009901111,-37.905388,0.0,0.0,0.0,1.0,-0.22384812984939814,0.968231219646709,-0.11144648969067808,-0.0735618827919518,-0.9721275669835466,-0.22998942794241575,-0.04552863434554815,0.15024905882960438,-0.06971375957138848,0.09814870521900765,0.9927269631627094,0.6320693933646727,0.0,0.0,0.0,1.0,-0.053046905378368064,0.00877084762067159,0.9985535028539003,666.0342109033161,-0.04078194514336676,0.9991081528080998,-0.01094220922443193,-534.094982809087,-0.9977589181661581,-0.04130340451346287,-0.052641903418240224,200.68202452193242,0.0,0.0,0.0,1.0
2026-07-14T19:54:52.704,57,random,12,2,-44.919114733435926,46.10097017900267,-32.9688184631172,-8.51178546956558,-4.355451340223631,10.003627383779712,218.542694,-459.408234,-37.905468,174.36732905969123,-4.06679713405907,-170.09948103532076,664.5827712968992,-534.3900145027459,200.86163484453783,-139.50279903073718,86.3808514101443,-139.98576056052826,0.32207986724949905,0.6455151494332131,23,24,10,-0.9826273149325864,-0.16425073048069466,-0.0864017215391785,218.542694,-0.17150509138052178,0.9815480900763284,0.0845538319537961,-459.408234,0.0709194160927345,0.097903240008031,-0.9926658007693201,-37.905468,0.0,0.0,0.0,1.0,-0.1296056322366511,0.975460880515476,-0.17798441133006396,-0.1284845589868628,-0.991431452719824,-0.12453062566401789,0.0394436031516801,0.1818945647646898,0.01631118175966613,0.1815714566106131,0.9832424683128285,0.598498182873689,0.0,0.0,0.0,1.0,-0.04834575179792158,0.007437250255954488,0.9988029713570763,664.5827712968992,-0.04058738161982416,0.9991317350677332,-0.00940427741972176,-534.3900145027459,-0.99800568772745,-0.04099345422345682,-0.04800191636267062,200.86163484453783,0.0,0.0,0.0,1.0
2026-07-14T19:54:57.638,58,random,12,3,-44.919114733435926,46.10097017900267,-32.9688184631172,8.359341197446817,-5.795148179584061,2.2956513905671407,218.542664,-459.40863,-37.905354,-168.76156728791076,-5.506525481663803,-177.8074822532157,663.4858218516114,-531.719255807647,198.6491409602632,-128.88759965698497,86.71367632838556,-130.26029365452973,0.3028115840564685,0.5500121320200381,24,24,10,-0.9946565752244694,-0.05621172071892497,-0.08659410959497664,218.542664,-0.038080768109499695,0.9793911288810658,-0.1983503762770872,-459.40863,0.09595911870645622,-0.19399293575511753,-0.9762984115598012,-37.905354,0.0,0.0,0.0,1.0,0.1529117780626687,0.9855094813904501,-0.07341015065533531,-0.14672130690820967,-0.9865780770014,0.15653894649016303,0.046467797580357614,0.15513439441379484,0.057286002740044986,0.06531937171525519,0.9962186976607054,0.6071124325225727,0.0,0.0,0.0,1.0,-0.03704738499324068,0.023128509520588345,0.9990458264326612,663.4858218516114,-0.04374619887768087,0.9987362142876762,-0.024743571974861094,-531.719255807647,-0.9983555285312526,-0.044621142048101047,-0.03598878066017518,198.6491409602632,0.0,0.0,0.0,1.0
2026-07-14T19:55:02.275,59,random,12,4,-44.919114733435926,46.10097017900267,-32.9688184631172,-6.383840915314705,-4.998615222711502,12.937687421399161,218.54274,-459.407959,-37.905464,176.49523701502758,-4.7099422590934195,-167.16542146223532,663.7392351082472,-534.8387700423268,200.814996027016,-140.63350670986668,86.26056441987647,-141.05044716246437,0.3470475027674853,0.7064859717698654,22,24,10,-0.9717229924860776,-0.21682732572503793,-0.09348976785098305,218.54274,-0.22138684651121776,0.9743069563367381,0.0413982973763427,-459.407959,0.08211144905383727,0.060925082295963225,-0.994759189091264,-37.905464,0.0,0.0,0.0,1.0,-0.08974339203898495,0.9695836447617606,-0.2277140298616587,-0.16047946570426602,-0.9956859058931152,-0.08193022490830432,0.04355473627838707,0.18221339535857833,0.023573298266093848,0.23064039988036364,0.9727534659675511,0.5863065981928381,0.0,0.0,0.0,1.0,-0.05072090856324065,0.0062267130928483445,0.9986934552096446,663.7392351082472,-0.04099909175824283,0.9991246124641767,-0.008311633010873315,-534.8387700423268,-0.997870965560937,-0.041367098186452574,-0.050421218530633125,200.814996027016,0.0,0.0,0.0,1.0
2026-07-14T19:55:09.614,60,random,12,5,-44.919114733435926,46.10097017900267,-32.9688184631172,9.820269693686647,14.42192350956887,-4.314533244495781,218.54248,-459.408905,-37.905167,-167.3006395018862,14.710576798424858,175.58240065582515,665.7065189635473,-532.2213632288772,194.62649353479222,-147.1107850367145,84.79980554592422,-149.09689966642117,0.14944379875447372,0.34485883399348727,22,22,10,-0.9643474144145427,0.13079938028103147,0.23005561594989202,218.54248,0.0745004655954213,0.9683389377739787,-0.23826326241539575,-459.408905,-0.2539364978455274,-0.21262931055915224,-0.9435597656497908,-37.905167,0.0,0.0,0.0,1.0,0.15650630269226806,0.9813929382506946,0.11123703506146092,-0.06646140594035599,-0.9328759989852313,0.18387570335484354,-0.3097290690798467,-0.0008136131361321229,-0.3244197092269566,-0.05529580876911059,0.944295624154675,0.6856943223472693,0.0,0.0,0.0,1.0,-0.0777690178244908,0.03273957972740042,0.996433690611617,665.7065189635473,-0.04654951265753948,0.9982513838235864,-0.036432369750547776,-532.2213632288772,-0.995884091015596,-0.04921681230604314,-0.07610901818097615,194.62649353479222,0.0,0.0,0.0,1.0
2026-07-14T19:55:23.056,61,random,13,1,7.795890170352454,1.8040979118166025,10.0173745541164,11.812554448283365,14.752716558719708,9.19324313878619,271.251953,-503.687225,5.102226,-165.32273189731507,15.036303304956736,-170.91623237227975,661.9391664855466,-532.8914275649091,196.4447964633574,-137.12646652870956,85.84654140426096,-137.9382092651159,0.21704587420296434,0.6275293384301903,17,17,10,-0.9536496139443119,-0.08781775914435025,0.28782017824108447,271.251953,-0.1524728238805489,0.9656140101263222,-0.2105745032658368,-503.687225,-0.259431015496906,-0.24469904909220158,-0.9342472496997871,5.102226,0.0,0.0,0.0,1.0,0.20192516371403238,0.9752919955088142,-0.08962004103713064,-0.11433060780913527,-0.9265343088690162,0.1605669867954207,-0.3402240691662684,-0.039836053664423846,-0.3174277913914846,0.15173584364900367,0.9360640100999769,0.6077660604423163,0.0,0.0,0.0,1.0,-0.05377223618274702,0.012840452401289172,0.9984706652666556,661.9391664855466,-0.04852184650115298,0.9987025208777682,-0.015456558624424143,-532.8914275649091,-0.9973736396296151,-0.04927877407689806,-0.05307942536852331,196.4447964633574,0.0,0.0,0.0,1.0
2026-07-14T19:55:27.528,62,random,13,2,7.795890170352454,1.8040979118166025,10.0173745541164,10.998868078286904,1.9545586027260704,-1.120890437282272,271.255615,-503.718689,5.054952,-166.08545331419322,2.2567661634612866,178.7854639137245,669.0360627658542,-531.6271081374613,197.47672235702754,-143.24603284230287,85.49465453270403,-143.63011012594106,0.25914987410127643,0.5908841290564681,24,24,10,-0.9989999054128793,0.030041310093310503,0.03311659210932965,271.255615,0.021179626314296204,0.9702366769487012,-0.24123062436748827,-503.718689,-0.03937781627064821,-0.24028797388013207,-0.9699026122216272,5.054952,0.0,0.0,0.0,1.0,0.19245069425376213,0.9806022201523373,0.03717547731437532,-0.06636456339195027,-0.9760477587121208,0.19519870493814356,-0.09606372001706366,0.06672487950622338,-0.10145690215204863,-0.017797511701866484,0.9946807254505996,0.5955508687011273,0.0,0.0,0.0,1.0,-0.06325058916513526,0.005214546975329999,0.9979840537153413,669.0360627658542,-0.04658106890278527,0.9988810896042459,-0.008171465652375325,-531.6271081374613,-0.9969100094743444,-0.04700401398685098,-0.06293691825142632,197.47672235702754,0.0,0.0,0.0,1.0
2026-07-14T19:55:29.031,63,random,13,3,7.795890170352454,1.8040979118166025,10.0173745541164,11.859407744321388,1.884464089225741,-1.1813400678882484,271.257721,-503.705414,5.080732,-165.26182648369266,2.1731143253721865,178.71556306271853,668.8393334458044,-531.7525637538586,197.60529718471605,-142.5189565663218,85.53567537655901,-142.96254938601044,0.26327780533149847,0.5675640382003044,24,24,10,-0.9990297352596713,0.031322497283214144,0.030959477239352023,271.257721,0.022399654981116617,0.96663923557218,-0.2551604273964876,-503.705414,-0.03791890720627179,-0.2542193726221004,-0.966402952737577,5.080732,0.0,0.0,0.0,1.0,0.2061810891742849,0.9777726620403788,0.03807860072765342,-0.06860170059796014,-0.9735104221800229,0.20890172852084954,-0.09293828989106127,0.06659086666927909,-0.09882720462392545,-0.017907796834667956,0.9949434629358337,0.5951244206257024,0.0,0.0,0.0,1.0,-0.06213383570862765,0.006268371710135857,0.998048142113514,668.8393334458044,-0.04688490968319529,0.9988580014019011,-0.009192294566544272,-531.7525637538586,-0.9969659932535975,-0.04736454952285587,-0.06176898691386353,197.60529718471605,0.0,0.0,0.0,1.0
2026-07-14T19:55:34.867,64,random,13,4,7.795890170352454,1.8040979118166025,10.0173745541164,-10.06776549694153,-5.405803716270718,-3.113894263752366,271.257751,-503.705048,5.080883,172.811634054352,-5.117028772533869,176.7830337155218,667.6670630416963,-533.2922053719905,199.49266539417386,-137.97316495088543,86.73668866271028,-137.15410603624338,0.29546178464351136,0.7552589062805477,24,24,10,-0.9944450722205302,0.06681904191567863,-0.08132781795778778,271.257751,0.055893509101034834,0.989950408416942,0.129900363800499,-503.705048,0.08919032445661818,0.12463307952786948,-0.9881860561203659,5.080883,0.0,0.0,0.0,1.0,-0.165541206854689,0.983360353276631,0.07482328806429596,0.01642801104906911,-0.9849495113092076,-0.16867815669247632,0.03771126657354954,0.12819749938037267,0.0497048187286305,-0.06745439243287207,0.9964834850295645,0.5685213670421148,0.0,0.0,0.0,1.0,-0.04173638734266141,-0.01509071791163279,0.9990146866810792,667.6670630416963,-0.03871046222941702,0.999159599964131,0.013475678591535678,-533.2922053719905,-0.9983784723668515,-0.03810989415399914,-0.04228548074697482,199.49266539417386,0.0,0.0,0.0,1.0
2026-07-14T19:55:38.601,65,random,13,5,7.795890170352454,1.8040979118166025,10.0173745541164,0.41863947142500635,1.2113505274860294,-4.496687036808883,271.257935,-503.705292,5.080633,-176.70253314530592,1.499831620313956,175.40025737275306,669.6908631990445,-531.6725348517053,198.48165959234808,-145.84879738240912,85.49648737745376,-145.53714017614791,0.321079840264886,0.7640077492430667,24,24,10,-0.9964377440261487,0.08156235093993149,0.021433739506460193,271.257935,0.08016697233024779,0.9950081969242606,-0.059430165748830525,-503.705292,-0.026174010534891653,-0.05750018228391665,-0.9980023297617274,5.080633,0.0,0.0,0.0,1.0,0.007831770731664356,0.9959919541694986,0.08909932994602593,-0.011451103849979962,-0.9961740361739092,0.015526690303496281,-0.08600122988191776,0.08281266964544406,-0.08703995071339253,-0.08808489721764728,0.9923029264604469,0.5943177378117215,0.0,0.0,0.0,1.0,-0.0647393797016524,-0.006868466002369462,0.9978785682088878,669.6908631990445,-0.04443238268959241,0.9990044117654909,0.0039935750414910225,-531.6725348517053,-0.9969125217813098,-0.04407958084942168,-0.06498010824681956,198.48165959234808,0.0,0.0,0.0,1.0
2026-07-14T19:55:50.209,66,random,14,1,-4.828149155796899,44.83633407683423,-25.111262058528286,-7.504412518391649,-11.061601214432619,3.646692255570322,258.623657,-460.683868,-30.086977,175.41876390953578,-10.745594264560538,-176.44487402483557,660.6349580516845,-534.0328620715575,200.3789534619038,-123.4866263555329,87.38166287965518,-124.42392987580668,0.25068971483825453,0.5714348801542736,24,24,10,-0.980574082202384,-0.046947288127521546,-0.19044794945187468,258.623657,-0.06092150493742887,0.9958102798055906,0.06819425833360464,-460.683868,0.1864484903374419,0.07847189796980221,-0.9793258506135257,-30.086977,0.0,0.0,0.0,1.0,-0.11470231123822781,0.9912271620052476,-0.06566652952327687,-0.07882992371012751,-0.9806520063489044,-0.10242684573917235,0.16682440983199198,0.20726545157904097,0.15863487082125824,0.08353115930565404,0.9837975011071011,0.5367633066504202,0.0,0.0,0.0,1.0,-0.025824958419572778,0.015866079957107992,0.9995405639739802,660.6349580516845,-0.03768262932617691,0.9991479642600489,-0.016833447717743637,-534.0328620715575,-0.998956000517387,-0.0381000396560784,-0.025205079022133245,200.3789534619038,0.0,0.0,0.0,1.0
2026-07-14T19:55:54.246,67,random,14,2,-4.828149155796899,44.83633407683423,-25.111262058528286,3.875749781334431,-14.892087131209616,8.772878847502625,258.633728,-460.673004,-30.047798,-173.24542040104555,-14.60331909917637,-171.3303089708208,656.4565873355947,-534.7398879647758,199.91314735852882,-113.43074368133988,87.690811846801,-114.21430487076334,0.311442178234783,0.7222456872123745,20,20,10,-0.9566374603417063,-0.17900697362289594,-0.22978527556251765,258.633728,-0.1458682414116228,0.9772421238159529,-0.1540139201084309,-460.673004,0.25212541644675746,-0.11381711134121018,-0.9609778559090172,-30.047798,0.0,0.0,0.0,1.0,0.08077216175948364,0.9783011723152265,-0.19079484828305074,-0.1747678355998403,-0.9696544332949413,0.12144005027617849,0.21218528266678835,0.20099388042131658,0.23075124674888645,0.16786640651295237,0.9584230442180854,0.5017892445948894,0.0,0.0,0.0,1.0,-0.016525804724102183,0.01336969607239713,0.9997740489756436,656.4565873355947,-0.03674704295242981,0.9992269510763007,-0.013969791587977958,-534.7398879647758,-0.9991879465908666,-0.036969601968252094,-0.016021732672713524,199.91314735852882,0.0,0.0,0.0,1.0
2026-07-14T19:56:00.348,68,random,14,3,-4.828149155796899,44.83633407683423,-25.111262058528286,-3.808956371643493,-11.866293531667857,-12.338274515087818,258.633606,-460.673126,-30.047667,179.0701093463455,-11.577700870429032,167.5585851012541,659.4501904449293,-531.1226413264202,199.54118747583922,-110.08887066306073,87.50843646450802,-111.32923664524051,0.4669081594438841,0.7773659763788776,24,24,10,-0.9566480427754278,0.21859346962520035,-0.19246146962745542,258.633606,0.2110577460510507,0.9756864891812818,0.059080476140217,-460.673126,0.20069666187008078,0.01589873788453546,-0.9795244152382754,-30.047667,0.0,0.0,0.0,1.0,-0.05885022690284961,0.9786630846811454,0.19686344880619303,0.01752942062230352,-0.9792491662787655,-0.09490525806843894,0.17906440833763193,0.20619182822833276,0.1939271026335056,-0.1822403870533328,0.9639402057134174,0.54223160024048,0.0,0.0,0.0,1.0,-0.015812025784943205,0.021323844242120936,0.9996475746518441,659.4501904449293,-0.04049468145074164,0.9989386423497112,-0.021949250436380102,-531.1226413264202,-0.9990546334484312,-0.04082747221239335,-0.014931741290520254,199.54118747583922,0.0,0.0,0.0,1.0
2026-07-14T19:56:03.653,69,random,14,4,-4.828149155796899,44.83633407683423,-25.111262058528286,4.643752626717355,-6.7682822542398675,-11.347201775031666,258.649414,-460.665314,-29.988348,-172.811634054352,-6.684182933775697,168.4975483359145,663.9883315264053,-530.7253749804006,198.90571564291304,-122.77884978348482,87.00981103397221,-123.97276472593379,0.4222212913116913,0.8189012084508945,24,24,10,-0.9732555060435519,0.1835701398920204,-0.1381148930996722,258.649414,0.1980544400469042,0.9751185456357157,-0.0995904650807198,-460.665314,0.11639655808320559,-0.12428123630424223,-0.9853963748507867,-29.988348,0.0,0.0,0.0,1.0,0.07657682525560006,0.9831394326121559,0.16605073284036523,-0.02735598018859844,-0.9923890894017127,0.059045694566550636,0.10806248743015615,0.17455740774526637,0.09643591172489778,-0.17306201777456157,0.9801783781198118,0.5717315582697191,0.0,0.0,0.0,1.0,-0.02914971240475454,0.020196571284930815,0.9993709985661242,663.9883315264053,-0.04326056897899473,0.998833582892513,-0.021447537334611806,-530.7253749804006,-0.9986384818533347,-0.043858547564170555,-0.028241996516316308,198.90571564291304,0.0,0.0,0.0,1.0
2026-07-14T19:56:08.790,70,random,14,5,-4.828149155796899,44.83633407683423,-25.111262058528286,6.668519618827872,9.913832358031492,-0.8697953737400574,258.63208,-460.661133,-30.02256,-170.46302275633124,10.196586105266183,179.0236424691604,666.7988311923192,-532.4518840591945,197.27650997977833,-147.69852922311725,85.038120138198,-149.22276524121025,0.1549786674856471,0.3481302016114801,24,24,10,-0.9840632622459495,0.04613046976687349,0.17173082325822342,258.63208,0.016770704507854096,0.985535911700379,-0.16863484283863955,-460.661133,-0.17702609798605923,-0.16306730668037045,-0.9706033248056799,-30.02256,0.0,0.0,0.0,1.0,0.11540977234466382,0.9928618816201843,0.03009764896100779,-0.09398848647361323,-0.9616679065509731,0.11926895784846481,-0.24692054026267168,0.0384159988165852,-0.248747707441137,-0.00044689972950224665,0.9685682104650194,0.6331037536254356,0.0,0.0,0.0,1.0,-0.07431155215376807,0.02487925108658292,0.9969246792420519,666.7988311923192,-0.04425856677885388,0.9986214364807144,-0.028220663845413017,-532.4518840591945,-0.9962524642294138,-0.04621957882288453,-0.07310798896328419,197.27650997977833,0.0,0.0,0.0,1.0
2026-07-14T19:56:24.033,71,random,15,1,-1.5845954890740055,-23.824982094396418,46.99712554806235,12.764048087359871,5.235988133579159,-10.384958427793109,261.877625,-529.334656,42.060078,-164.35706882940158,5.524573652210424,169.51214199953213,665.7426394883853,-531.0918247648697,195.35404281576803,-134.25964651374758,86.05703023663179,-134.3943807615853,0.4544419694753784,1.048735439676779,24,24,10,-0.9787261055548359,0.20081042412071035,0.04207592981652002,261.877625,0.18118163588995356,0.9421478364518695,-0.28201182437142897,-529.334656,-0.09627266030241698,-0.2683889487917151,-0.9584878439733984,42.060078,0.0,0.0,0.0,1.0,0.21180155614182833,0.9544555130544535,0.2101303748054065,0.033302386023808306,-0.9680514383731433,0.23441741488369214,-0.08902184149373407,0.029441863456328887,-0.13422560664637886,-0.1845620470172775,0.9736120055346502,0.6003496173125373,0.0,0.0,0.0,1.0,-0.04810648056070896,0.00116559217395003,0.9988415329385071,665.7426394883853,-0.04913435935432115,0.9987859330513855,-0.003531949817684028,-531.0918247648697,-0.9976329892595288,-0.04924734849266725,-0.04799080544791069,195.35404281576803,0.0,0.0,0.0,1.0
2026-07-14T19:56:32.238,72,random,15,2,-1.5845954890740055,-23.824982094396418,46.99712554806235,-12.575424570795954,-9.579984668851754,10.337815966334258,261.877014,-529.333923,42.060318,170.30368319350538,-9.29125549317997,-169.76533204920045,664.0078010557368,-535.776028733736,201.22163875000703,-135.9772834095631,86.8360387129868,-136.45188417425456,0.21552014044745654,0.4847907078697794,24,24,10,-0.9711774040357312,-0.14838169476421187,-0.18654040460264476,261.877014,-0.17534911612771625,0.9748615313059442,0.13746884102609633,-529.333923,0.16145320487264048,0.16621632723270516,-0.9727820902944416,42.060318,0.0,0.0,0.0,1.0,-0.19709746632342118,0.9666259937907139,-0.16366666397590335,-0.04449379858804847,-0.9735341922691308,-0.17327423044196744,0.1490208627932151,0.13072851082275766,0.11568822434361256,0.1887067280010376,0.9751953678906417,0.553713610982373,0.0,0.0,0.0,1.0,-0.040004016638058686,0.007515462008461339,0.9991712548325341,664.0078010557368,-0.038026292841020805,0.9992358621078268,-0.00903841415270975,-535.776028733736,-0.9984756780741281,-0.038356351604739256,-0.039687662893937374,201.22163875000703,0.0,0.0,0.0,1.0
2026-07-14T19:56:39.511,73,random,15,3,-1.5845954890740055,-23.824982094396418,46.99712554806235,4.065183057292792,13.84034850611894,-0.006599005691967363,261.877441,-529.334229,42.060589,-173.05571407507776,14.129024636367076,179.8902984300753,661.5693684717963,-531.3743245559295,196.40628636640793,-147.16928370820048,84.43423426144585,-148.5292812808301,0.1491753306276858,0.2704976722115718,14,14,10,-0.9697467039584298,0.03141401431413166,0.24208364229421434,261.877441,0.0018567312767874729,0.9926058598729828,-0.1213678684610648,-529.334229,-0.24410629387774374,-0.11724660613633156,-0.9626345883245545,42.060589,0.0,0.0,0.0,1.0,0.06383567231615268,0.9978440092373634,0.015242708717599291,-0.012565592060631273,-0.9442159773680079,0.06533557847260685,-0.3227808083957713,-0.048427972803069305,-0.3230807871460673,0.006212520805171744,0.9463509970208323,0.6152804733338824,0.0,0.0,0.0,1.0,-0.08272195080966296,0.02155418275549322,0.9963395485776857,661.5693684717963,-0.050633943927668325,0.9983839157203619,-0.02580233619669563,-531.3743245559295,-0.9952855281659497,-0.052583020421237824,-0.08149689188433,196.40628636640793,0.0,0.0,0.0,1.0
2026-07-14T19:56:46.248,74,random,15,4,-1.5845954890740055,-23.824982094396418,46.99712554806235,2.234576129675709,-11.898206381205114,8.079231131635382,261.871399,-529.347717,42.034603,-174.86305214403842,-11.59718143546348,-172.0135611415143,662.9803320177294,-534.2245315797206,199.217482021933,-131.69596836014827,87.01699290445643,-132.14625903508443,0.23981399486321325,0.5478297400915814,24,24,10,-0.9700841256000811,-0.15620560976907522,-0.18584024519838974,261.871399,-0.13610229953061942,0.9838226413468767,-0.11648679940547878,-529.347717,0.20102973243081176,-0.08770871022838092,-0.9756506694657008,42.034603,0.0,0.0,0.0,1.0,0.05508467948210795,0.9853408080518296,-0.1614594997952173,-0.08623969365603476,-0.9853127552013641,0.07981899350604893,0.15095596282750426,0.12732967908788898,0.16163060515833938,0.15077274376839384,0.9752656700677508,0.5468472307657172,0.0,0.0,0.0,1.0,-0.03492001569591957,0.007180064875450719,0.9993643175399952,662.9803320177294,-0.0385840773643921,0.9992189726231224,-0.008527234248636347,-534.2245315797206,-0.9986450127436356,-0.038857321296981426,-0.03461570602902451,199.217482021933,0.0,0.0,0.0,1.0
2026-07-14T19:56:49.050,75,random,15,5,-1.5845954890740055,-23.824982094396418,46.99712554806235,6.11288484263881,-5.365408164902503,9.085574010104185,261.8797,-529.311523,42.091476,-171.03798590374504,-5.091245671752982,-171.0312250017625,663.1166596136695,-533.4030802630062,198.63075670479307,-133.6390133233087,86.64329290630153,-134.24927199981528,0.25081797177537934,0.6846914856975644,24,24,10,-0.9838763217379705,-0.16764815536800387,-0.06230152104938713,261.8797,-0.15528110521423363,0.9735594058345743,-0.16754062693710006,-529.311523,0.0887421088706353,-0.15516500672747088,-0.9838946380585963,42.091476,0.0,0.0,0.0,1.0,0.12091579222223929,0.9775729760844396,-0.17242519427473624,-0.10053942874628102,-0.9917789530654441,0.12629988792974234,0.020563233338794965,0.07833032974716579,0.04187934392608778,0.1685212590100929,0.9848079537727007,0.5702405765453411,0.0,0.0,0.0,1.0,-0.04085655198286702,0.00978444539772614,0.9991171136500117,663.1166596136695,-0.041941489937215075,0.9990538955137195,-0.011498925197994943,-533.4030802630062,-0.9982843550721994,-0.04237426680335079,-0.04040752319755213,198.63075670479307,0.0,0.0,0.0,1.0
2026-07-14T19:57:04.229,76,random,16,1,-3.592422256853501,9.180436938665418,-91.82344346662994,-5.645436556280529,0.6453244551127497,1.3263031379046666,259.869507,-496.328705,-96.759964,177.23395150028978,0.9339785018427549,-178.77686954679757,665.3877428391093,-531.5324811765106,199.62005909534346,-138.31417463083056,86.22805150494284,-138.54500183860142,0.2792465518152757,0.5429426606209126,24,24,10,-0.9996393194100291,-0.022107600125759692,0.015247462285021189,259.869507,-0.021343196194259766,0.9985905304774575,0.04859444841711168,-496.328705,-0.016300278085571697,0.0482514917637735,-0.9987022051026541,-96.759964,0.0,0.0,0.0,1.0,-0.09054757684450716,0.995453821195949,-0.029543632037587707,-0.03481841428521382,-0.9936706574962321,-0.09228617042963509,-0.06404597706678701,0.19152296669234686,-0.06648128126469242,0.02355743224158005,0.9975095421235769,0.5994516889763111,0.0,0.0,0.0,1.0,-0.04930455726180287,0.0029489704134164053,0.9987794372166051,665.3877428391093,-0.04355199831458495,0.9990381458205957,-0.005099670396560502,-531.5324811765106,-0.9978337958177332,-0.0437502773573831,-0.04912869991286233,199.62005909534346,0.0,0.0,0.0,1.0
2026-07-14T19:57:07.667,77,random,16,2,-3.592422256853501,9.180436938665418,-91.82344346662994,4.453564870592263,-2.7680176279536255,2.5594308638652343,259.869446,-496.328949,-96.759972,-172.66759246465614,-2.4793029710900982,-177.54369248433747,663.1024976841243,-531.2328476131082,198.96588128717136,-130.2874645495317,86.70204846051102,-130.7973667743607,0.29397859269109033,0.5590165885301595,24,24,10,-0.9981459674351466,-0.04802287172156464,-0.037395607824575176,259.869446,-0.042817404485000966,0.9906745099725697,-0.1293471498092516,-496.328949,0.04325849703957709,-0.127506153115147,-0.9908939818929439,-96.759972,0.0,0.0,0.0,1.0,0.08595581697058144,0.9948954830385957,-0.05286374332488374,-0.0966496776989365,-0.9962916891664992,0.08603667812952877,-0.0007484077763788951,0.20359739357226309,0.0038036333529746615,0.05273203813465838,0.9986014542987012,0.5781982941811064,0.0,0.0,0.0,1.0,-0.03758819716618091,0.008073926934280037,0.9992606962838357,663.1024976841243,-0.04355039180792203,0.9990040432344243,-0.00971004503844682,-531.2328476131082,-0.9983438740269673,-0.04388317792881598,-0.037199138265490796,198.96588128717136,0.0,0.0,0.0,1.0
2026-07-14T19:57:13.402,78,random,16,3,-3.592422256853501,9.180436938665418,-91.82344346662994,-11.030779243868016,2.2234208025671265,-13.325397367358953,259.869476,-496.328735,-96.759483,171.8485492965166,2.512018861192068,166.57172259492074,668.0896589204009,-529.613438651894,199.07979643309986,-149.2185740670689,84.90815566932993,-148.69214900191585,0.5255159868830874,0.9053911629443613,24,24,10,-0.9717267049854886,0.2238370913714148,0.07512767362583497,259.869476,0.23200481348912902,0.9642775097227801,0.1278383774956027,-496.328735,-0.04382895545092929,0.14165394724192706,-0.9889454898501038,-96.759483,0.0,0.0,0.0,1.0,-0.2025398271942608,0.9543480972493404,0.21953889786705844,0.09618592891560682,-0.973450182085093,-0.17179721455711913,-0.15126288397658746,0.16615535095622608,-0.10664127436700348,-0.24434693848497205,0.9638061071887866,0.6073669913195217,0.0,0.0,0.0,1.0,-0.07582905239143542,-0.010913218098082067,0.9970611097039941,668.0896589204009,-0.04611901936624698,0.9989083496813592,0.0074259672473850225,-529.613438651894,-0.9960537088260416,-0.04542037656831087,-0.07624958049904343,199.07979643309986,0.0,0.0,0.0,1.0
2026-07-14T19:57:18.338,79,random,16,4,-3.592422256853501,9.180436938665418,-91.82344346662994,-12.586910761409802,-13.30409489025332,-3.896182312387001,259.857727,-496.330688,-96.797234,170.3212729978159,-12.993135807520218,176.00679049467857,658.1013318457524,-533.413565194002,200.93922587649283,-112.7314649894733,87.69289382935462,-112.67588417878413,0.29579121188507773,0.6411373015468032,17,17,10,-0.97203147421077,0.10635515399320399,-0.20938814284175486,259.857727,0.06785529799184835,0.9807405055951888,0.18314944504237798,-496.330688,0.22483432050751223,0.1638189302369401,-0.960527400139085,-96.797234,0.0,0.0,0.0,1.0,-0.20176529182528502,0.9738472512120271,0.10446194676262176,0.04976144854150956,-0.9561954648019112,-0.21894980960056534,0.1942967163081587,0.2761632249276966,0.21208724645040372,-0.06068370607218733,0.9753647972478966,0.5126802133489787,0.0,0.0,0.0,1.0,-0.01551929242265405,-0.0012582919132257911,0.9998787767845466,658.1013318457524,-0.0371439688939448,0.9993096926054241,0.0006810577500209985,-533.413565194002,-0.9991894100407117,-0.0371288966482218,-0.015555317296020488,200.93922587649283,0.0,0.0,0.0,1.0
2026-07-14T19:57:22.574,80,random,16,5,-3.592422256853501,9.180436938665418,-91.82344346662994,-12.953569270406083,1.6601648292302222,-3.2915025261773447,259.871796,-496.321533,-96.723732,169.91521780840668,1.9371703053373133,176.60197905226045,666.8054166242368,-531.7570069696106,200.1789625527491,-140.25683233912312,86.07719790300588,-139.85692538323178,0.3030364053811316,0.5887395151175467,24,24,10,-0.9976713769970837,0.05244735270468605,0.043601590739478585,259.871796,0.0592380192598723,0.9831696031496338,0.17282473352144562,-496.321533,-0.033803558908933266,0.17500516174348102,-0.9839870490856211,-96.723732,0.0,0.0,0.0,1.0,-0.22070100300065312,0.9741154982388294,0.04888827431423157,0.03346301433043234,-0.9717789762310277,-0.21533822646512524,-0.09630716265278659,0.18052957943994125,-0.08328678544571999,-0.0687636845564024,0.9941503241745417,0.6081215206496209,0.0,0.0,0.0,1.0,-0.05229691605709067,-0.008124691526648686,0.9985985289186611,666.8054166242368,-0.04410533072568129,0.9990099439013254,0.005818228927207837,-531.7570069696106,-0.9976571316702424,-0.043739242950329486,-0.05260348138323389,200.1789625527491,0.0,0.0,0.0,1.0
2026-07-14T19:57:39.355,81,random,17,1,23.164494682811434,61.142747626331484,28.008766857871542,-3.7312964814114764,-3.553196866400061,-9.829665419048142,286.619171,-444.379578,23.037741,179.20441065352418,-3.2158975125102844,170.07896914625505,666.7746891712895,-532.0739837462992,199.306011513003,-138.516815527526,86.48935980517288,-139.42649224569033,0.40113711650503614,0.9653199698574864,24,24,10,-0.9834949379603225,0.1730413626941242,-0.052862026099857455,286.619171,0.1720193636576,0.9848169853126432,0.02334189295133576,-444.379578,0.05609853414533939,0.013863341468701528,-0.9983289849694169,23.037741,0.0,0.0,0.0,1.0,-0.06110898288578059,0.9859181840812543,0.15566318289367004,-0.023136644171583894,-0.9979846007372397,-0.06302431137757056,0.007394110272096985,0.0981164679384975,0.01710055268107677,-0.15489761287155424,0.9877825168652744,0.5690777720398428,0.0,0.0,0.0,1.0,-0.04651156268467248,0.01493201512405878,0.9988061420821184,666.7746891712895,-0.03982794077399816,0.9990654693395693,-0.016790566012194204,-532.0739837462992,-0.9981234441041515,-0.040561347335139476,-0.04587338478928141,199.306011513003,0.0,0.0,0.0,1.0
2026-07-14T19:57:44.188,82,random,17,2,23.164494682811434,61.142747626331484,28.008766857871542,10.520522418055599,1.5956978112837454,-0.05624961224652658,286.626251,-444.366821,23.072157,-166.6004277804568,1.8843435966262514,179.84068028501696,666.0679750842802,-532.8712487712819,198.73080374256426,-142.8160782005195,85.43328128808717,-145.05983089949353,0.2884575669435213,0.5189758810993377,24,24,10,-0.9994553745480909,0.010325036939120732,0.03134242969428874,286.626251,0.0027791463378971787,0.9727526588153032,-0.23182868915082755,-444.366821,-0.03288207159788131,-0.23161532414752756,-0.9722515677474979,23.072157,0.0,0.0,0.0,1.0,0.18584861765760005,0.9824713148136445,-0.01450540875356877,-0.1278604020186226,-0.9776906661518683,0.18343334221515384,-0.10233850831086987,0.038373903649410485,-0.09788387320838327,0.033201273049797995,0.9946438673382539,0.5752570574191317,0.0,0.0,0.0,1.0,-0.06526846835067605,0.03757799677656965,0.9971599275930703,666.0679750842802,-0.04559997495764133,0.9981344237706236,-0.04059943802502189,-532.8712487712819,-0.9968252952865004,-0.048120330862798745,-0.0634331493356235,198.73080374256426,0.0,0.0,0.0,1.0
2026-07-14T19:57:49.793,83,random,17,3,23.164494682811434,61.142747626331484,28.008766857871542,-3.744936601183257,13.95124186547421,-14.47706577234291,286.626282,-444.36673,23.072523,179.13416602784113,14.239891969724889,165.41984824358974,662.6141246307252,-531.5958338591245,197.28857478679163,-145.23315228743962,85.13842609028,-148.23051837179963,0.353545046332405,0.5889597460208215,16,16,10,-0.9380602306305267,0.24810801400992527,0.24183758412094253,286.626282,0.24399941040140163,0.9686216419279453,-0.04729061759566994,-444.36673,-0.2459822990240794,0.014646780289955159,-0.9691636499549322,23.072523,0.0,0.0,0.0,1.0,-0.07569086228628524,0.9780832839255607,0.19396902606279856,0.006345303356561671,-0.9503624171757059,-0.01188578616433676,-0.31091800222439037,-0.026209245084049877,-0.3017982262809193,-0.20787452415495183,0.9304332393143768,0.6068371572293341,0.0,0.0,0.0,1.0,-0.07205107226040006,0.05054590685143302,0.9961193474110895,662.6141246307252,-0.044620443681903425,0.997551811581212,-0.05384606964926509,-531.5958338591245,-0.9964023579818333,-0.04832695429684855,-0.06961929686971582,197.28857478679163,0.0,0.0,0.0,1.0
2026-07-14T19:57:53.728,84,random,17,4,23.164494682811434,61.142747626331484,28.008766857871542,1.2618795806403398,1.7506824602122357,-11.042528602310732,286.622528,-444.369293,23.035692,-175.5822287684866,2.159019563611968,168.8881909606347,667.9667968262638,-531.746571492987,198.92536545917918,-142.42624760198368,85.85382091259117,-143.5983905164083,0.369253686002122,0.8247676837487476,24,24,10,-0.9805563887356807,0.19499910286880917,0.022011778437920848,286.622528,0.1925874017905629,0.9777783058726653,-0.0828231684756177,-444.369293,-0.037673082979772406,-0.07697359576594986,-0.9963211351635873,23.035692,0.0,0.0,0.0,1.0,0.02347127038818844,0.9837797796350365,0.17783825417385038,-0.029612677655605095,-0.9959863120060821,0.038379522444977984,-0.08085962251592761,0.05961167051286187,-0.08637340888773253,-0.17522658884465533,0.9807320106935324,0.5873836284093372,0.0,0.0,0.0,1.0,-0.05819369120577752,0.019171821736707645,0.9981212028381841,667.9667968262638,-0.04290661272036457,0.9988436734070197,-0.021687293045353724,-531.746571492987,-0.997382833664542,-0.04408806353273297,-0.05730380236269205,198.92536545917918,0.0,0.0,0.0,1.0
2026-07-14T19:58:00.533,85,random,17,5,23.164494682811434,61.142747626331484,28.008766857871542,13.544205866395185,-0.29227733222205465,14.573853801427024,286.626465,-444.366394,23.072102,-163.5767003124334,-0.0036096341093241864,-165.52922588668022,654.8800498367635,-535.3072201563149,199.03009969330597,-117.35316293994262,87.18408227021655,-119.28760536548086,0.6121718496397379,1.2550729007188914,22,22,10,-0.9682752283228352,-0.2397077938439728,0.07059217936016003,286.626465,-0.24988613056222544,0.9287642583668138,-0.2737770518742962,-444.366394,6.29999999583255e-05,-0.2827315439614018,-0.9591990773974931,23.072102,0.0,0.0,0.0,1.0,0.24835570068737636,0.9317372252141009,-0.2649248744199192,-0.22748471971687523,-0.9680750276887048,0.22916499604139362,-0.10155858090216496,0.01788541465722187,-0.03391440256875745,0.28168980766026275,0.9589059732626181,0.5238348874263388,0.0,0.0,0.0,1.0,-0.024032747002348597,0.03323133162645506,0.9991586989411912,654.8800498367635,-0.042847567741896436,0.9984947260327652,-0.03423986015386887,-535.3072201563149,-0.9987925275101556,-0.04363439793426117,-0.02257268940090681,199.03009969330597,0.0,0.0,0.0,1.0
2026-07-14T19:58:18.449,86,random,18,1,-94.41580881573361,13.09572184503793,7.819593140597744,-14.258583020006308,-8.80393059350298,4.9962678522508135,169.045883,-492.41333,2.883068,168.62079155764712,-8.515126863895755,-175.1069602774256,665.3022771452248,-534.735526609273,200.48116460712896,-134.25300318658523,86.88854298497164,-134.44936458402506,0.20611679073145953,0.47068364158841874,24,24,10,-0.9853726426797453,-0.05451112787252061,-0.16145987735781447,169.045883,-0.08435565354718026,0.9792620198023132,0.18420103226453935,-492.41333,0.1480705195944246,0.19512671142301222,-0.969536326145791,2.883068,0.0,0.0,0.0,1.0,-0.23071129947905986,0.9707855235423253,-0.06593757330488495,-0.03493934871847803,-0.9671067940961007,-0.22132058155462062,0.12538599998997685,0.17949982147772703,0.10712957157501007,0.09269664212353285,0.9899144343998508,0.6461689051555871,0.0,0.0,0.0,1.0,-0.03801006216711052,0.002687727451627442,0.9992737419222013,665.3022771452248,-0.038747758312090104,0.9992403579906125,-0.0041615127754932825,-534.735526609273,-0.998525836621086,-0.038877796798925654,-0.03787704471340452,200.48116460712896,0.0,0.0,0.0,1.0
2026-07-14T19:58:25.918,87,random,18,2,-94.41580881573361,13.09572184503793,7.819593140597744,6.778037121472778,13.05489366017025,-3.4742612979398686,169.046204,-492.413452,2.882931,-170.3428735066923,13.34355679502223,176.4226432623845,664.1191192054252,-530.6559575153993,193.66329931389407,-149.65376306121127,84.16021549488623,-151.7320189748223,0.14260143903671013,0.2962389854587782,20,20,10,-0.9711077740811539,0.10015179874314552,0.2166086524764398,169.046204,0.06071163163987176,0.9814926623884196,-0.18162117569632769,-492.413452,-0.2307894904513009,-0.16322307093730434,-0.959215533762368,2.882931,0.0,0.0,0.0,1.0,0.10610588370671503,0.9914194640332673,0.07634780795022993,-0.024092053178620947,-0.9435783349661454,0.12461263282923166,-0.3068087637631681,-0.03118323302991708,-0.3136900814902082,-0.039485922495937145,0.9487040606529052,0.7171210255921199,0.0,0.0,0.0,1.0,-0.08961295003385393,0.033955181850645236,0.9953976917854092,664.1191192054252,-0.048187023587240065,0.9981004769603052,-0.03838552656162206,-530.6559575153993,-0.9948102984710365,-0.05140509232653764,-0.08780652902186338,193.66329931389407,0.0,0.0,0.0,1.0
2026-07-14T19:58:30.655,88,random,18,3,-94.41580881573361,13.09572184503793,7.819593140597744,11.683305438031006,-2.4465773594667652,3.7034431312146303,169.045822,-492.413605,2.883166,-165.43760993523878,-2.1579309438012197,-176.39966765479977,665.969571714556,-531.397989831835,196.22938681051915,-132.52001015257238,86.39589453475709,-133.0384776856495,0.2708188011296735,0.5601203852768304,24,24,10,-0.997318596882208,-0.0702277788298604,-0.020583376630866776,169.045822,-0.06275177553367733,0.965369667517994,-0.2532264198372055,-492.413605,0.037654096460742144,-0.2512557742954814,-0.9671880400950496,2.883166,0.0,0.0,0.0,1.0,0.20941733879149882,0.9753771615655414,-0.06916480976503427,-0.1261115482306128,-0.9777928774471263,0.208300360502262,-0.023066179317252352,0.08735864486218636,-0.00809116970249638,0.07245931624694248,0.9973385485690758,0.6758646802077615,0.0,0.0,0.0,1.0,-0.04290266763008988,0.008053976804886342,0.9990467929821147,665.969571714556,-0.04594557824157905,0.9988936314544107,-0.010025810683757203,-531.397989831835,-0.9980222266814845,-0.0463319166174458,-0.04248515684665723,196.22938681051915,0.0,0.0,0.0,1.0
2026-07-14T19:58:35.191,89,random,18,4,-94.41580881573361,13.09572184503793,7.819593140597744,-3.799093186570218,1.7752234379452538,1.7719865387439384,169.046097,-492.413452,2.883097,179.08030799509885,2.0637939780612253,-178.33110838218576,667.5837279776879,-532.0073065184735,198.0043319238749,-143.18879936196197,85.81165539497586,-143.51427385973673,0.2175107085079091,0.5181706242777606,24,24,10,-0.9989274449707685,-0.029697568708664083,0.03552483774722273,169.046097,-0.029104644033378733,0.9994302152113385,0.017092823590851968,-492.413452,-0.0360122115380691,0.01604055283996938,-0.9992226084735701,2.883097,0.0,0.0,0.0,1.0,-0.057657548719384645,0.9976306717771231,-0.03753198376315193,-0.05624679761326219,-0.9937256794365926,-0.06095967035221904,-0.09377202471329553,0.0779358516484175,-0.09583778536649261,0.03188983098221913,0.9948860023017566,0.6938773040802999,0.0,0.0,0.0,1.0,-0.058720761525906814,0.0043940043610328095,0.9982647769462228,667.5837279776879,-0.043428443216902715,0.9990323520661514,-0.006951966982750376,-532.0073065184735,-0.9973293550706174,-0.043761309976373175,-0.05847311573345421,198.0043319238749,0.0,0.0,0.0,1.0
2026-07-14T19:58:37.494,90,random,18,5,-94.41580881573361,13.09572184503793,7.819593140597744,-7.853864480845326,0.057892450614552615,-0.7708846511029108,169.04422,-492.427002,2.862894,175.03929396182065,0.35443169206792724,179.13090016840889,668.8847595293975,-532.4022262553901,198.38643360582182,-143.6536001257126,85.89218269478398,-143.59176013063677,0.21806968859756845,0.4472811917386777,24,24,10,-0.9998658271441103,0.014576401813187324,0.007473701867520734,169.04422,0.015167781694511991,0.9961477387466002,0.08636909741627974,-492.427002,-0.00618596054721501,0.08647086850619522,-0.9962351744401985,2.862894,0.0,0.0,0.0,1.0,-0.12944227040149467,0.9915422638908088,0.009414751807406056,-0.020628262418073518,-0.9895728430964649,-0.128568671548973,-0.0649283058620136,0.09450439245057884,-0.06316871725217434,-0.01772105003720416,0.9978455178765366,0.6915893108734676,0.0,0.0,0.0,1.0,-0.057651271864463116,-0.002304669979421223,0.9983341220997586,668.8847595293975,-0.04251698235956782,0.9990957331825708,-0.00014882008212006138,-532.4022262553901,-0.9974310186992611,-0.04245473392528364,-0.05769712734519332,198.38643360582182,0.0,0.0,0.0,1.0
2026-07-14T19:58:55.071,91,random,19,1,35.09601694478556,74.26328653257025,10.381538227235534,0.8620472790885962,-3.330657200602845,-8.359568554356493,298.557861,-431.246094,5.445034,-176.25889192453613,-3.0418902301290536,171.5376051010991,666.1926917790115,-531.814551853693,199.45646796941733,-136.12556965978314,86.43073240955283,-137.88520440788702,0.34397658149468757,0.8276213488833024,24,24,10,-0.9877190065821819,0.1434218947043708,-0.06197841685390266,298.557861,0.14695290752783852,0.9875144618761326,-0.05674531306290279,-431.246094,0.053066062652342115,-0.06515633280733864,-0.9964630676997904,5.445034,0.0,0.0,0.0,1.0,0.017178373864895118,0.9932307953074931,0.11488033219051162,-0.06422699610959573,-0.999761508542277,0.015513504421203906,0.015370660943632654,0.11040386482887526,0.013484417252099205,-0.11511697717286407,0.9932604150261669,0.557603314218953,0.0,0.0,0.0,1.0,-0.046181065390693554,0.029709318651687473,0.9984911945453663,666.1926917790115,-0.04174946148888695,0.9986268675133343,-0.031644303529908664,-531.814551853693,-0.9980602645455677,-0.043147837324222116,-0.04487730461462683,199.45646796941733,0.0,0.0,0.0,1.0
2026-07-14T19:58:59.642,92,random,19,2,35.09601694478556,74.26328653257025,10.381538227235534,0.1805036054692195,-4.564076339813944,8.423836947641178,298.55838,-431.245483,5.444818,-176.9403679260647,-4.2753537714866905,-171.67958404273253,659.0448848479668,-534.2066910253043,200.05843566974335,-131.32004733591046,86.81590657759438,-133.6412954329453,0.48516487551905374,1.0859316138323194,24,24,10,-0.9867208723451083,-0.14843973815046743,-0.06593606157732848,298.55838,-0.14430610326143783,0.9874880036009388,-0.06358609365051263,-431.245483,0.07454977290379786,-0.053226749685221085,-0.9957957845250898,5.444818,0.0,0.0,0.0,1.0,0.01914170446202784,0.9821761707146536,-0.18698546689672835,-0.1705421304607005,-0.999341960277017,0.02455813088882161,0.026693531743418403,0.11101757945229254,0.030809764360957972,0.1863514633362094,0.9819999442629698,0.5163332268137371,0.0,0.0,0.0,1.0,-0.03833342506073892,0.03970217129788952,0.9984759817428491,659.0448848479668,-0.0401960109130012,0.9983403951251214,-0.04123998263940208,-534.2066910253043,-0.998456222991171,-0.041715621242518694,-0.03667393781087757,200.05843566974335,0.0,0.0,0.0,1.0
2026-07-14T19:59:04.979,93,random,19,3,35.09601694478556,74.26328653257025,10.381538227235534,-0.29100669398540013,9.710800778258914,-6.965589667335246,298.558197,-431.246613,5.444689,-177.4119121914574,9.99948862374118,172.93132493775485,665.7685634429897,-532.3035910824916,198.71630001167637,-146.40968236305784,85.11227723158966,-148.54183841267312,0.18223772667484867,0.39684919468199936,20,20,10,-0.9773241271388993,0.1307145477431502,0.16658708689599067,298.558197,0.12118957640109473,0.990422224901947,-0.06615816648003926,-431.246613,-0.1736393880544154,-0.04446935381339689,-0.9838047771217149,5.444689,0.0,0.0,0.0,1.0,-0.009232460635788172,0.9954317296643523,0.09502859173977252,-0.06568400375030017,-0.9710614009958254,0.013755553915348133,-0.23843351323273826,0.022283284591599107,-0.23865145540438884,-0.0944799254546578,0.9664983323935169,0.5946901674908006,0.0,0.0,0.0,1.0,-0.07268035227105214,0.03548840001973726,0.9967237028674469,665.7685634429897,-0.04446560724567633,0.998257732802375,-0.03878541829780277,-532.3035910824916,-0.996363576294331,-0.04713886256902445,-0.0709757104203233,198.71630001167637,0.0,0.0,0.0,1.0
2026-07-14T19:59:10.015,94,random,19,4,35.09601694478556,74.26328653257025,10.381538227235534,7.210814453595539,-6.94108761542477,-11.86912172174642,298.550293,-431.251892,5.421117,-169.27046840154597,-6.420335869117953,168.07625246915478,665.235951872389,-531.1139069909523,199.6217325196746,-126.28646396201577,86.63958809478726,-128.33649854574705,0.3027944012749575,0.7497593855961943,24,24,10,-0.9722870500975318,0.18262857695349358,-0.14596127942910692,298.550293,0.20531393715936788,0.9656188657263014,-0.1594565563455146,-431.251892,0.11182164111100805,-0.18500542974029982,-0.9763549106476844,5.421117,0.0,0.0,0.0,1.0,0.13365016775642516,0.9790684262280195,0.1535013010435678,-0.07038953390563557,-0.9873145508444384,0.1181452324898499,0.10607394463657475,0.1272069795105749,0.08571820313984248,-0.16573086858913097,0.9824386336291792,0.5453109495163873,0.0,0.0,0.0,1.0,-0.03635865622277848,0.034912525384159815,0.9987287738365074,665.235951872389,-0.045977796687251084,0.998272832263083,-0.03657040575694239,-531.1139069909523,-0.9982805669397049,-0.04724899932000708,-0.034690657730841484,199.6217325196746,0.0,0.0,0.0,1.0
2026-07-14T19:59:16.555,95,random,19,5,35.09601694478556,74.26328653257025,10.381538227235534,-9.805792890999573,-13.51202513693671,11.05012888034349,298.557953,-431.245972,5.444985,173.07330387938825,-13.223350249603783,-169.0529736225143,657.4779917205553,-536.66570240582,201.0978898090419,-123.79238657956566,87.54184786930159,-125.0634071315526,0.4435815968394275,1.0695717347056493,24,24,10,-0.9557714140944685,-0.16143046544369447,-0.24584793842229402,298.557953,-0.1848662470911992,0.9798760256431621,0.07528243524340009,-431.245972,0.22874762225272544,0.11740178532029749,-0.9663805389789941,5.444985,0.0,0.0,0.0,1.0,-0.14771566594920335,0.971327059257893,-0.18628962930500464,-0.14326889503447288,-0.9689059699773346,-0.10431698589604306,0.22436396278334117,0.1852511652077191,0.19849761554100095,0.21363920615602708,0.9565338395569488,0.4688018262633895,0.0,0.0,0.0,1.0,-0.02463937983647293,0.021742350974739165,0.9994599397351375,657.4779917205553,-0.03510592949215946,0.9991280134343977,-0.022600585946486926,-536.66570240582,-0.9990798139667145,-0.0356438345962423,-0.023854609187957763,201.0978898090419,0.0,0.0,0.0,1.0
