timestamp,sample_id,sample_type,position_index,orientation_index,offset_x_mm,offset_y_mm,offset_z_mm,offset_roll_deg,offset_pitch_deg,offset_yaw_deg,tcp_x_mm,tcp_y_mm,tcp_z_mm,tcp_roll_deg,tcp_pitch_deg,tcp_yaw_deg,marker_base_x_mm,marker_base_y_mm,marker_base_z_mm,marker_base_roll_deg,marker_base_pitch_deg,marker_base_yaw_deg,mean_reprojection_error_px,max_reprojection_error_px,used_corner_count,detected_corner_count,averaged_frames,T_base_tcp_00,T_base_tcp_01,T_base_tcp_02,T_base_tcp_03,T_base_tcp_10,T_base_tcp_11,T_base_tcp_12,T_base_tcp_13,T_base_tcp_20,T_base_tcp_21,T_base_tcp_22,T_base_tcp_23,T_base_tcp_30,T_base_tcp_31,T_base_tcp_32,T_base_tcp_33,T_cam_board_m_00,T_cam_board_m_01,T_cam_board_m_02,T_cam_board_m_03,T_cam_board_m_10,T_cam_board_m_11,T_cam_board_m_12,T_cam_board_m_13,T_cam_board_m_20,T_cam_board_m_21,T_cam_board_m_22,T_cam_board_m_23,T_cam_board_m_30,T_cam_board_m_31,T_cam_board_m_32,T_cam_board_m_33,T_base_board_mm_00,T_base_board_mm_01,T_base_board_mm_02,T_base_board_mm_03,T_base_board_mm_10,T_base_board_mm_11,T_base_board_mm_12,T_base_board_mm_13,T_base_board_mm_20,T_base_board_mm_21,T_base_board_mm_22,T_base_board_mm_23,T_base_board_mm_30,T_base_board_mm_31,T_base_board_mm_32,T_base_board_mm_33
2026-07-17T22:02:45.141,0,reference,0,0,0.0,0.0,0.0,0.0,0.0,0.0,264.185822,-510.619507,14.097238,-177.12084963153094,0.2887134329664219,179.89683014893976,710.7324024117586,-576.3875887298285,188.60251344749102,-168.20074196319948,84.54266503943376,-169.8380510423286,0.25292348352535254,0.5040472769577256,24,24,10,-0.9999856831107086,0.002051484665290132,0.0049421639266299215,264.185822,0.0018006297561282865,0.9987356266777874,-0.05023848860195641,-510.619507,-0.0050389786753813545,-0.05022887033565098,-0.9987250218547212,14.097238,0.0,0.0,0.0,1.0,0.0330509768775429,0.9991981036554728,-0.022600499524271934,-0.06803404571312271,-0.9945784168704541,0.0306505644427044,-0.09936959089583053,0.06677178960943225,-0.09859718871702809,0.025762231088360753,0.9947938991702994,0.6275379395804911,0.0,0.0,0.0,1.0,-0.09361260396569378,0.027660221726666975,0.9952243930455045,710.7324024117586,-0.01677939132371795,0.9994281940221215,-0.029355357611267195,-576.3875887298285,-0.9954672934886247,-0.019447291012155234,-0.09309495403468887,188.60251344749102,0.0,0.0,0.0,1.0
2026-07-17T22:02:57.746,1,random,1,1,-69.30092958392332,-30.00122808975842,24.485335380394346,3.3855839688601677,2.2032824546275833,14.30030826869939,194.883667,-540.612305,38.621078,-173.70235424266238,2.475349562303695,-165.79788579681707,703.7360609113633,-574.6604267509965,189.14012346881918,-165.17260956512226,85.70750900058067,-167.43545906443384,0.34295773001593993,0.9226931537096096,24,24,10,-0.9685317121126562,-0.2392698119456227,0.06852940772860204,194.883667,-0.24511422726407003,0.9647485396407003,-0.0958085113853346,-540.612305,-0.04318956152665189,-0.10959111438726372,-0.993037989919063,38.621078,0.0,0.0,0.0,1.0,0.11105528618126236,0.956665048950987,-0.26918155123783083,-0.1655964422654697,-0.9868060078402338,0.07404019102445387,-0.14398594724306416,0.009337677320435951,-0.11781606979363224,0.2816203725384039,0.952265372398741,0.6709948528100165,0.0,0.0,0.0,1.0,-0.07305554597145159,0.038783264783953254,0.9965735023446646,703.7360609113633,-0.016282384381280615,0.9990640493820729,-0.04007379681483147,-574.6604267509965,-0.9971949514321023,-0.01915420593483177,-0.07235568556328345,189.14012346881918,0.0,0.0,0.0,1.0
2026-07-17T22:03:03.750,2,random,1,2,-69.30092958392332,-30.00122808975842,24.485335380394346,11.234270272784343,-13.803885237371228,2.9791308109137162,194.873703,-540.639587,38.545582,-165.87248490174312,-13.497682441912424,-177.11340118019424,708.1742468519916,-574.1632436173616,187.52022725291698,-163.6825632627124,86.45625625591386,-165.35256290475797,0.21286327509333428,0.4432633908539745,24,24,10,-0.9711455716046445,-0.10573385333590857,-0.21376770338717851,194.873703,-0.04896838632742424,0.9656554841347094,-0.25516971431000235,-540.639587,0.2334060322553303,-0.23733907857599146,-0.942969663291202,38.545582,0.0,0.0,0.0,1.0,0.22811506930141284,0.9662093987184595,-0.12001213682675908,-0.11650305231720509,-0.9579386092996953,0.24476954201452325,0.14980484676727432,0.13965142759802068,0.17411816668738916,0.0807915164489059,0.981404908740174,0.6420763698406416,0.0,0.0,0.0,1.0,-0.059801735262752544,0.02862310342228084,0.9977998147975584,708.1742468519916,-0.015630067923874863,0.9994394089920651,-0.029606903422806814,-574.1632436173616,-0.9980878986523476,-0.017366223080155736,-0.059320829897023086,187.52022725291698,0.0,0.0,0.0,1.0
2026-07-17T22:03:09.589,3,random,1,3,-69.30092958392332,-30.00122808975842,24.485335380394346,-1.2733929125985668,-0.32498452882851403,13.20191364531054,194.887466,-540.619629,38.625893,-178.364970187878,-0.051279722664208674,-166.89647507320092,706.4229791083037,-575.8072989032275,188.48083105523014,-166.2772926702486,85.67745720202178,-168.3062146649039,0.2955251701138904,0.8563860437340084,24,24,10,-0.9739616314057085,-0.2266437956403936,0.005597360739331069,194.887466,-0.2267111367461788,0.9735596905059005,-0.027992668635029173,-540.619629,0.0008949998805137756,-0.028532769227164603,-0.9995924569820658,38.625893,0.0,0.0,0.0,1.0,0.03030706604148402,0.9654520298080557,-0.25881240288568197,-0.14896942368141303,-0.9967636737127971,0.009904346077284602,-0.0797752010047594,0.043945620140037334,-0.07445576213111729,0.2603925537880928,0.9626276836956172,0.6701044060740559,0.0,0.0,0.0,1.0,-0.07380671818151334,0.03474320575104756,0.9966671851753798,706.4229791083037,-0.015276287860236179,0.9992363202855513,-0.03596402718551778,-575.8072989032275,-0.9971555562601482,-0.017879761640744302,-0.07321960627580786,188.48083105523014,0.0,0.0,0.0,1.0
2026-07-17T22:03:13.928,4,random,1,4,-69.30092958392332,-30.00122808975842,24.485335380394346,11.16019445412024,1.070227757958655,12.467866516262866,194.884827,-540.620667,38.582417,-165.96094958531128,1.3589412984912859,-167.63530415002208,704.4875579710103,-572.2063340440167,189.43595819730604,-163.33589021867655,85.57379898616051,-165.5923177712419,0.3449921187963552,0.9673007017836355,24,24,10,-0.976529672553976,-0.20211784916255185,0.07441890668054896,194.884827,-0.21407325983126613,0.9488597824461696,-0.2320296375065543,-540.620667,-0.023715776327996152,-0.24251492388327714,-0.9698577594921065,38.582417,0.0,0.0,0.0,1.0,0.238678875142079,0.9454988321085107,-0.22150474722306646,-0.1640544121320134,-0.9658581574550609,0.20746832082272254,-0.15516093429892105,-0.0009464114778411315,-0.10074926420786391,0.25097580428488064,0.9627360652978215,0.6744581501409964,0.0,0.0,0.0,1.0,-0.07474779878491843,0.0385435640393319,0.9964573047792642,704.4875579710103,-0.019202656029815718,0.9990118239742171,-0.04008283374599825,-572.2063340440167,-0.9970175648293311,-0.022130730463648583,-0.07393379599976857,189.43595819730604,0.0,0.0,0.0,1.0
2026-07-17T22:03:20.427,5,random,1,5,-69.30092958392332,-30.00122808975842,24.485335380394346,-8.352351056276708,14.385363401668165,5.8235893381566655,194.884903,-540.619934,38.582703,174.52706969297367,14.673964795316003,-174.27949462969767,698.1093298488438,-576.9732777326894,188.10619974936373,-166.305426470883,84.79530001733521,-169.47246114096927,0.16308014542299112,0.30652053128829054,12,12,10,-0.9625653557258241,-0.12326151375028242,0.2414011913483581,194.884903,-0.09642472859670344,0.9880758288043217,0.12003511256172092,-540.619934,-0.2533183918934228,0.09226459646387593,-0.9629730196469102,38.582703,0.0,0.0,0.0,1.0,-0.09726742295415934,0.9777174996187142,-0.1860310172288123,-0.07865233975854458,-0.9354832342677651,-0.15361646198569096,-0.31823434920027244,-0.07512820527705757,-0.33972071887916827,0.14307506262912703,0.9295802061241903,0.6987580898835042,0.0,0.0,0.0,1.0,-0.08918729758478697,0.054287356466021966,0.9945343175966598,698.1093298488438,-0.016574232342758267,0.9982943721610058,-0.0559789365200165,-576.9732777326894,-0.9958769606591827,-0.021476252922583847,-0.08813540598779983,188.10619974936373,0.0,0.0,0.0,1.0
2026-07-17T22:03:41.476,6,random,2,1,-63.63179075141072,27.968590017589456,-85.46715304834245,9.723917595357083,-4.94969224325788,-9.666778404118396,200.550613,-482.661346,-71.380264,-167.44685833120357,-4.676023157621673,170.2249014966749,707.7611098084959,-574.637460498506,190.48999441553303,-161.53604000583815,85.5459697174591,-163.52074221286372,0.32007080784256825,0.7923200654601085,24,24,10,-0.9822016920539266,0.14826152408433502,-0.11531850069522159,200.550613,0.16921611022225394,0.9649319119805184,-0.20067962847003432,-482.661346,0.08152143379292151,-0.2166216187683287,-0.9728459950652699,-71.380264,0.0,0.0,0.0,1.0,0.1836695784146921,0.9744178357377313,0.12951975664417056,-0.0647776460164357,-0.9829164993655001,0.1804653709117117,0.03615805825496664,0.19279245366941522,0.011859225946098506,-0.13394824111534337,0.9909173666164427,0.6723988095878539,0.0,0.0,0.0,1.0,-0.0744691736010277,0.033715480351243256,0.9966532037614014,707.7611098084959,-0.02202945252223626,0.9991287892252482,-0.03544525021579761,-574.637460498506,-0.9969799623887888,-0.024595302925048825,-0.07366156168093761,190.48999441553303,0.0,0.0,0.0,1.0
2026-07-17T22:03:45.979,7,random,2,2,-63.63179075141072,27.968590017589456,-85.46715304834245,-2.1973210601194815,-0.5278257766916887,-11.123502676031803,200.554138,-482.650757,-71.369865,-179.3179135927396,-0.23920987946711875,168.77337021849044,708.5302232674383,-577.2917143432587,188.78802990569076,-168.07028136057463,84.35997245988723,-169.93502544205106,0.3302778064810502,0.8957190838485333,24,24,10,-0.9808562251396226,0.19462771073596594,-0.006412473666783599,200.554138,0.19468855919423037,0.9808049462566625,-0.010863807681474973,-482.650757,0.004174987871200676,-0.011904268652151419,-0.999920425766037,-71.369865,0.0,0.0,0.0,1.0,-0.02383252312214961,0.9864973033602351,0.16203419794789348,0.008444914030549871,-0.9958868948801094,-0.009255128140941843,-0.09013121107113507,0.1603664151512596,-0.0874145494050444,-0.16351578843059691,0.9826603093064427,0.6955908610267159,0.0,0.0,0.0,1.0,-0.09676567285655255,0.031554884543955344,0.9948068625708392,708.5302232674383,-0.017175567582178603,0.9992955419274488,-0.03336794512937836,-577.2917143432587,-0.9951589845018982,-0.02031524416158551,-0.09615553244513012,188.78802990569076,0.0,0.0,0.0,1.0
2026-07-17T22:03:51.720,8,random,2,3,-63.63179075141072,27.968590017589456,-85.46715304834245,-7.937284750023599,2.9522135326343886,7.083686039147558,200.553741,-482.650085,-71.370369,174.94189113664842,3.240993063937014,-173.0195031424255,708.9183685127992,-577.1337718584379,188.08954613988783,-168.69282478004502,84.7235448071522,-170.49895608406217,0.2561092030261059,0.606570247307882,24,24,10,-0.9910000037519394,-0.12600580376082351,0.045183293176183276,200.553741,-0.12133709849731172,0.9881164578708104,0.09435663311657974,-482.650085,-0.05653583900420834,0.08802501407799944,-0.994512592079486,-71.370369,0.0,0.0,0.0,1.0,-0.09122257047363445,0.9820347221606166,-0.16518549302860644,-0.12907881679559136,-0.9847679936192314,-0.113615698605466,-0.13161866043059872,0.14198172731758468,-0.14802175981704907,0.1506627940180086,0.977440679079478,0.6869937553442003,0.0,0.0,0.0,1.0,-0.09069993025418599,0.030698286369746274,0.9954050119754505,708.9183685127992,-0.0151796617860645,0.9993660522347368,-0.03220359465677814,-577.1337718584379,-0.9957625723634859,-0.018030775211244684,-0.0901764416315872,188.08954613988783,0.0,0.0,0.0,1.0
2026-07-17T22:03:59.191,9,random,2,4,-63.63179075141072,27.968590017589456,-85.46715304834245,4.087026312346126,-11.838557623581387,-14.8310766659589,200.554031,-482.650757,-71.3694,-173.03382708730376,-11.549855121585685,165.0657603261989,702.8068819880463,-576.0571288069561,188.74056149748412,-160.90066249403557,86.17315500989567,-162.65279841326324,0.4663136913486935,0.8684038701024276,20,20,10,-0.9466570725448501,0.23234464071344318,-0.22328536658848763,200.554031,0.25249183694038896,0.965347608983469,-0.06596867520549012,-482.650757,0.20022052661823247,-0.1188274453215267,-0.9725182666454534,-71.3694,0.0,0.0,0.0,1.0,0.08455068833246279,0.9742235695316669,0.2091401866487757,0.0011179382950274564,-0.9858871566430053,0.05135701422834112,0.15933917112850945,0.2569455062418715,0.14449116052159447,-0.21966086055218842,0.9648167758038804,0.6269662065234496,0.0,0.0,0.0,1.0,-0.0637056968552543,0.029879387783251502,0.9975213312876495,702.8068819880463,-0.01989970334794309,0.9993149218386167,-0.031203986882184554,-576.0571288069561,-0.9977703072325064,-0.021838250304861282,-0.06306746252047804,188.74056149748412,0.0,0.0,0.0,1.0
2026-07-17T22:04:05.665,10,random,2,5,-63.63179075141072,27.968590017589456,-85.46715304834245,-6.233589701288244,-13.41742625360918,8.482712135193083,200.554047,-482.650635,-71.370117,176.64558114046991,-13.12869762184817,-171.62045479827503,718.1348077463321,-577.8344029418554,185.64379018164988,-173.36853094829053,81.96419245907977,-174.20162090792613,0.5302253139877785,1.4535574887758487,20,20,10,-0.9634657796230697,-0.1323316359239582,-0.23285624240934463,200.554047,-0.14192080582808522,0.9895662150580715,0.024843326845440036,-482.650635,0.22713911237040932,0.05698284083240677,-0.9721937972864522,-71.370117,0.0,0.0,0.0,1.0,-0.05199463819787314,0.9866535739495393,-0.15430904902588607,-0.14253756720486968,-0.9946817479397984,-0.03740956502629079,0.09596220485154805,0.27075391892647643,0.08890881797717869,0.1584779147299227,0.9833513983458587,0.6067848833782141,0.0,0.0,0.0,1.0,-0.13907671505867292,0.01341151539515051,0.9901907889812417,718.1348077463321,-0.014122922460977417,0.9997797341622839,-0.015525019148273825,-577.8344029418554,-0.990180897810925,-0.016143556398720248,-0.13885667141751365,185.64379018164988,0.0,0.0,0.0,1.0
2026-07-17T22:04:31.548,11,random,3,1,150.1001184526513,46.99843674962253,-18.627434765022315,10.737704374024677,-6.180883361327211,2.0980953861930054,414.285858,-463.621307,-4.530196,-166.3831621845432,-5.89218337356636,-178.00509539675633,704.0087580628144,-574.7764231513571,188.3943498201388,-165.21328832559075,85.76373791716608,-168.9358465965033,0.46814938064931655,1.0213113528172488,24,24,10,-0.9941139601386435,-0.057985775582451916,-0.0915154855069082,414.285858,-0.03462670891912613,0.9704615061660699,-0.23875815395356295,-463.621307,0.10265683263618507,-0.23418393386392816,-0.9667571876294077,-4.530196,0.0,0.0,0.0,1.0,0.22399050139080323,0.9689741257014102,-0.10448635799894623,-0.16435139758152179,-0.974135139662127,0.22587516591945855,0.006413976637556175,0.08448613286868431,0.029815850853977106,0.10034716309913526,0.9945056369351603,0.4443636208607821,0.0,0.0,0.0,1.0,-0.07249635963441711,0.0642408749721078,0.9952976378061866,704.0087580628144,-0.014176123511716798,0.9977563191105197,-0.06543214192739638,-574.7764231513571,-0.9972679255656123,-0.01885305433727884,-0.0714230143596431,188.3943498201388,0.0,0.0,0.0,1.0
2026-07-17T22:04:37.252,12,random,3,2,150.1001184526513,46.99843674962253,-18.627434765022315,10.617309989305035,10.12220772132435,-7.654781706217952,414.281219,-463.618561,-4.473103,-166.60168828760612,10.344523807968962,172.22641496240539,704.8838932378926,-575.575660549088,190.72928855371669,-169.12229936830317,84.34270858087135,-172.0841220582824,0.21522542103665007,0.48987788877216865,17,17,10,-0.9747054710587019,0.17280410749537362,0.14173208924220893,414.281219,0.13306027141213242,0.9582151370197101,-0.2532167359358934,-463.618561,-0.17956672536960674,-0.227952827617965,-0.9569708979488407,-4.473103,0.0,0.0,0.0,1.0,0.19696138489448356,0.969826003714616,0.1436792795756795,-0.09605858883976959,-0.9419089581070046,0.22784958540026673,-0.24676320850301867,0.015265872455141898,-0.27205464064820656,-0.0867299772389327,0.9583653705919831,0.5132009127720969,0.0,0.0,0.0,1.0,-0.0976386858305139,0.05076013590637383,0.9939266047511035,704.8838932378926,-0.013576067182794008,0.9985375996450612,-0.052329269963658054,-575.575660549088,-0.9951293269867686,-0.018602975510589145,-0.09680677596642681,190.72928855371669,0.0,0.0,0.0,1.0
2026-07-17T22:04:44.322,13,random,3,3,150.1001184526513,46.99843674962253,-18.627434765022315,-4.062856237488271,-10.782263264964167,-14.62170294432048,414.261841,-463.631683,-4.616191,178.88034572459816,-10.332090623814624,165.3023345998084,703.6342249167653,-578.0562846656022,184.90811024353187,-166.3226042123292,86.18705681110765,-168.69495578945762,0.5436744234501759,1.2159468492032515,24,24,10,-0.9515934248120406,0.25706004625311846,-0.16849357992171612,414.261841,0.24960441938529435,0.9662042162379715,0.06439756476216567,-463.631683,0.17935324830574226,0.019223557015074767,-0.9835969027898913,-4.616191,0.0,0.0,0.0,1.0,-0.04853910543707418,0.9754833790770233,0.2146535170637604,-0.027028122965939004,-0.9915675001533308,-0.07291385829268757,0.10713291701689233,0.1405415702993188,0.12015759602723058,-0.20764331535916933,0.97079678908802,0.4499339450586123,0.0,0.0,0.0,1.0,-0.06520904420286676,0.040880271933090205,0.9970338930652384,703.6342249167653,-0.013036023009647258,0.9990403178152091,-0.04181513462586394,-578.0562846656022,-0.9977864714748547,-0.015724081733562885,-0.06461354807929753,184.90811024353187,0.0,0.0,0.0,1.0
2026-07-17T22:04:49.528,14,random,3,4,150.1001184526513,46.99843674962253,-18.627434765022315,-5.278216210923514,5.389286693879072,-11.687747684529311,414.287903,-463.609833,-4.463598,177.41007872651298,5.523943398635779,168.18402583041893,704.7418116546205,-577.120076512546,189.60055523509828,-167.06267205257075,84.68406213046639,-169.83860175314155,0.3572242095998891,0.6081428677683509,20,20,10,-0.9742647987620658,0.20030215714272287,0.10337866190410534,414.287903,0.20381801886259193,0.9787012199976224,0.024538483288367257,-463.609833,-0.09626171139159903,0.0449774145448279,-0.9943393359919054,-4.463598,0.0,0.0,0.0,1.0,-0.07904729550775615,0.9859643917252175,0.1470569390502577,-0.038685565485553776,-0.9802340148427626,-0.05003917495188225,-0.19140887418135344,0.06372425405957816,-0.18136372630200276,-0.159280567615942,0.9704312956421982,0.5047953993285591,0.0,0.0,0.0,1.0,-0.09119435730752716,0.047482327322731756,0.994700466365269,704.7418116546205,-0.016345033170633586,0.9986566882487949,-0.049169695002104136,-577.120076512546,-0.9956989650923203,-0.020742410852309046,-0.09029575464060338,189.60055523509828,0.0,0.0,0.0,1.0
2026-07-17T22:04:53.061,15,random,3,5,150.1001184526513,46.99843674962253,-18.627434765022315,-5.130133367109806,-1.791254133702978,-7.779944822364039,414.278351,-463.625702,-4.603333,177.86105380706044,-1.378593750864274,172.1397837437816,706.9646550491616,-577.6661832794482,187.52015803742682,-168.94460982824117,84.90930245413108,-171.4656884187512,0.38684571464053147,0.7605744042143817,24,24,10,-0.9903179276820424,0.1375509660307149,-0.018711864032268228,414.278351,0.13671716096586917,0.989791661404296,0.0402602150013644,-463.625702,0.02405867845451201,0.037312179761313596,-0.9990140045227003,-4.603333,0.0,0.0,0.0,1.0,-0.062268744582159585,0.9940352253663339,0.08953532363856927,-0.05994848733304918,-0.9961851969950462,-0.0564060426399152,-0.06658386923005948,0.10000205876482554,-0.06113637817292895,-0.09333985796328159,0.9937555102636114,0.48082154762816154,0.0,0.0,0.0,1.0,-0.08775005926612621,0.043238908608889126,0.9952036594994532,706.9646550491616,-0.013168061885799753,0.9989198569994939,-0.04456143442801394,-577.6661832794482,-0.9960554850232811,-0.01701517188930494,-0.0870859040293794,187.52015803742682,0.0,0.0,0.0,1.0
2026-07-17T22:05:19.248,16,random,4,1,87.41281284447051,79.59774718810355,-29.45082454772055,9.135210678980322,-7.541039664814136,-0.15095350862469736,351.595673,-431.025421,-15.367936,-167.97300547447222,-7.240811431745291,179.74940810825262,702.3186322330795,-574.7247886147626,190.03426562485834,-160.18453591593374,86.29327386751832,-164.5822960755739,0.34868951365371165,0.7616954977898177,24,24,10,-0.9920156874157059,-0.021985359199833767,-0.12418341234641157,351.595673,0.004338760637592725,0.9781550474763563,-0.20783136975119273,-431.025421,0.12603987891645355,-0.20671078123160777,-0.9702497626103003,-15.367936,0.0,0.0,0.0,1.0,0.19083668121564562,0.9779500912553383,-0.08482322863623253,-0.18522988155447492,-0.9795315732096314,0.1953541297604929,0.048524850035682555,0.11098017482819088,0.0640254495342539,0.07382670925347254,0.9952137251931064,0.5026572860339575,0.0,0.0,0.0,1.0,-0.06232293591542863,0.07599641214358589,0.9951584783340713,702.3186322330795,-0.017187316700221614,0.9968672178959358,-0.0772032773207448,-574.7247886147626,-0.9979080357445412,-0.021915638838960805,-0.0608215173335278,190.03426562485834,0.0,0.0,0.0,1.0
2026-07-17T22:05:24.584,17,random,4,2,87.41281284447051,79.59774718810355,-29.45082454772055,4.270051861472833,4.984817678766717,-11.621313555734202,351.59726,-431.029266,-15.31231,-172.9784220685146,5.203774582716673,168.27031327436563,705.8526680991636,-577.280546199989,191.1429276592941,-167.47754934081195,84.61556453733742,-170.7924474068476,0.2372979646660462,0.6351463649620366,24,24,10,-0.975082102787672,0.21262566446305242,0.0632868045868752,351.59726,0.20245673996960775,0.969520432893503,-0.13799057447113292,-431.029266,-0.09069818776607673,-0.12173929938043875,-0.9884095212624721,-15.31231,0.0,0.0,0.0,1.0,0.08694940320887257,0.9823207279347327,0.16578838545386032,-0.08610352894007203,-0.9802579224365293,0.11402855691225759,-0.16152985392467503,0.05946133165880206,-0.17757873403659455,-0.1484704538899407,0.9728423909039303,0.5737627815694215,0.0,0.0,0.0,1.0,-0.09262877918084596,0.05687921211347923,0.9940747781212517,705.8526680991636,-0.015015119227019109,0.998173727538345,-0.05851286907001134,-577.280546199989,-0.995587492620344,-0.020346126942386498,-0.09160556564084821,191.1429276592941,0.0,0.0,0.0,1.0
2026-07-17T22:05:29.221,18,random,4,3,87.41281284447051,79.59774718810355,-29.45082454772055,7.068359183105077,11.33716300440916,1.0344515765025228,351.59845,-431.022064,-15.353771,-170.05249849612002,11.625829325220016,-179.0687342476372,704.8677887063066,-575.8748281847512,191.08166691201413,-169.43364066932614,84.00176411731911,-171.92960342749603,0.26863139508521405,0.6137492243525947,19,19,10,-0.9793551249022907,0.018798441092343125,0.20127135399782123,351.59845,-0.015919500844145347,0.9854021379035712,-0.1694968911453671,-431.022064,-0.201519499851731,-0.16920178848809156,-0.9647593720466981,-15.353771,0.0,0.0,0.0,1.0,0.1518742231199434,0.9883706396778095,-0.00759598410945905,-0.16552655595752924,-0.9411398903753656,0.14226018011886418,-0.30662313659734125,0.0015054321177183515,-0.3019766995911386,0.05371703431339085,0.9518006898130604,0.5652709198308508,0.0,0.0,0.0,1.0,-0.1034629296716845,0.042554981024258656,0.9937225446641419,704.8677887063066,-0.01467041972073314,0.9989103480166581,-0.044304575502496085,-575.8748281847512,-0.9945251132922526,-0.019162207995526006,-0.10272589165233176,191.08166691201413,0.0,0.0,0.0,1.0
2026-07-17T22:05:32.491,19,random,4,4,87.41281284447051,79.59774718810355,-29.45082454772055,10.253805266590959,14.452947461168357,-3.733704471926645,351.597931,-431.021942,-15.354171,-166.8670823383107,14.741573815141438,176.16309338119024,703.6132282033378,-575.3683624438872,190.81778681197713,-169.64675300028983,84.41985176497772,-172.00047628779936,0.21050437848924347,0.4467237750770327,17,17,10,-0.9649157231652623,0.12285286592613635,0.23204486747651548,351.597931,0.06471394317496,0.9677939337756347,-0.2432837999247595,-431.021942,-0.25445972716170023,-0.21973182537087593,-0.9417898768684956,-15.354171,0.0,0.0,0.0,1.0,0.19376451083969562,0.9756443992870234,0.1028266525707997,-0.13625404258686366,-0.9182749892932123,0.21725759160019467,-0.33101387120577486,-0.024629825898902065,-0.3452917004180724,-0.030284402453167155,0.9380066612718967,0.5814687812495372,0.0,0.0,0.0,1.0,-0.09629186714289246,0.04022530543233466,0.9945399947337519,703.6132282033378,-0.013532123119819564,0.9990378066985933,-0.041717411601554254,-575.3683624438872,-0.9952611506363571,-0.017475285111804198,-0.09565488196770522,190.81778681197713,0.0,0.0,0.0,1.0
2026-07-17T22:05:37.127,20,random,4,5,87.41281284447051,79.59774718810355,-29.45082454772055,7.405799854831198,7.475324175230735,7.091024759319733,351.598633,-431.021515,-15.353598,-169.71502635478797,7.764036490258757,-173.01216928264782,705.1828292132222,-575.9403908190277,189.99307577070496,-171.1819942089258,83.89392257944398,-173.97198279342564,0.45759498200997173,0.8878617171570804,19,19,10,-0.9834729386519167,-0.09576268411559864,0.1536570443238423,351.598633,-0.12054326551587612,0.9795576905229553,-0.16104673879375228,-431.021515,-0.13509367149549292,-0.17690743135411285,-0.9749120271355554,-15.353598,0.0,0.0,0.0,1.0,0.17509166213351138,0.9766133315501746,-0.12477704312008928,-0.20664392359459097,-0.9549259231557087,0.13759775665380955,-0.26302725837649693,0.020525527141285107,-0.23970688587635933,0.1652067129456523,0.9566856071150807,0.53801253007365,0.0,0.0,0.0,1.0,-0.10578138809976662,0.04781035290034678,0.993239381059385,705.1828292132222,-0.011170372314690152,0.9987233262252635,-0.049263987210703825,-575.9403908190277,-0.9943266670033738,-0.01630606663452366,-0.10511228033333088,189.99307577070496,0.0,0.0,0.0,1.0
2026-07-17T22:05:58.546,21,random,5,1,-30.4948074373904,-48.86228759654413,-31.48860121681035,13.773949690691595,-14.895077663180201,-3.7004723353274027,233.682175,-559.490906,-17.414885,-163.3337089115184,-14.591974534832781,176.20469011711674,702.0629398820096,-574.3392611856552,187.92718033699379,-156.01173326175547,87.51959477304788,-157.384894043033,0.23422068696141304,0.43621422152209227,22,22,10,-0.9656220984688959,-0.008683808784969344,-0.25980483908794333,233.682175,0.06405715685537364,0.9606730545977563,-0.27019245516006274,-559.490906,0.25193380798164444,-0.27754616487136424,-0.9270908708217687,-17.414885,0.0,0.0,0.0,1.0,0.2616455648343542,0.9649347129225729,-0.021038017956636602,-0.06982364645379664,-0.941098007691745,0.2598981337638794,0.21630418392782083,0.2060464298789716,0.214187157227364,-0.036796193595054864,0.9760993298920841,0.5814973520258399,0.0,0.0,0.0,1.0,-0.039950044281820224,0.023612266609857845,0.9989226470690439,702.0629398820096,-0.01664195758002155,0.9995663525487174,-0.024293046337555062,-574.3392611856552,-0.9990630806960015,-0.017594536595171385,-0.0395397657076494,187.92718033699379,0.0,0.0,0.0,1.0
2026-07-17T22:06:04.915,22,random,5,2,-30.4948074373904,-48.86228759654413,-31.48860121681035,-4.714690800348578,-4.709508941015146,-9.135130218309088,233.691055,-559.481689,-17.391321,178.16443495958225,-4.420770459890893,170.76170565493297,710.346983871777,-577.5261395245203,186.67520937937223,-168.0391186369536,85.54948782230628,-166.97001388233443,0.4012438199519079,0.8801494931395372,24,24,10,-0.9840926508916623,0.16289549158732686,-0.07089931792016056,233.691055,0.16006328741932188,0.986126340070263,0.04398392251888916,-559.481689,0.07708046757473928,0.03193587700613857,-0.9965132720030919,-17.391321,0.0,0.0,0.0,1.0,-0.061407081849297385,0.9821636279726195,0.17771825507362973,0.07186803751252271,-0.998098991850005,-0.061361728285617784,-0.005756802046796686,0.13594325184804246,0.005250977695420169,-0.17773391963680962,0.984064571582464,0.6362323070992879,0.0,0.0,0.0,1.0,-0.0756000259636903,-0.01926712181281388,0.9969520620828966,710.346983871777,-0.017495320906825252,0.9996850287682997,0.017993248814239356,-577.5261395245203,-0.9969847289806685,-0.016081706177332823,-0.07591329860946214,186.67520937937223,0.0,0.0,0.0,1.0
2026-07-17T22:06:10.918,23,random,5,3,-30.4948074373904,-48.86228759654413,-31.48860121681035,-11.713895604557951,13.183194484060934,-1.5103903499331341,233.690887,-559.48114,-17.390711,171.16535442160264,13.471784749572512,178.3863988094159,701.6449009645994,-577.4707172931387,187.41287326015015,-167.59532418789837,83.66933406122745,-170.08276722464208,0.1740877520058011,0.31786853392824627,19,19,10,-0.9720991320409655,-0.00794074609086231,0.23443596574911796,233.690887,0.02738413126495085,0.9887513770951492,0.14704021098770897,-559.48114,-0.23296649295567184,0.14935748673557173,-0.9609469050452103,-17.390711,0.0,0.0,0.0,1.0,-0.16636123820772536,0.9837244740275181,-0.06789769967587315,0.014585825290489317,-0.9268306235141492,-0.1795024192226363,-0.32979368825008487,-0.012254689512246937,-0.33661392386288125,0.008064780995389547,0.9416082123522135,0.6831026925259078,0.0,0.0,0.0,1.0,-0.1086186385586447,0.042110083338860675,0.9931911861463839,701.6449009645994,-0.018990653065081062,0.9988321549508097,-0.04442613344061357,-577.4707172931387,-0.9939020809183509,-0.023686855374146523,-0.10769209083612447,187.41287326015015,0.0,0.0,0.0,1.0
2026-07-17T22:06:17.290,24,random,5,4,-30.4948074373904,-48.86228759654413,-31.48860121681035,-13.751545317186242,-5.4969294366221835,10.554550914371134,233.69133,-559.486816,-17.394796,169.1453917148689,-5.210707372037757,-169.54451411495702,710.8363939859772,-578.2142416701198,185.42563928978132,-168.8714969172602,85.54078497663835,-170.3067532335113,0.2455803525685242,0.5035105812751665,24,24,10,-0.9793322529128785,-0.16140593922146387,-0.12188708376453537,233.69133,-0.1807216208522476,0.9689051386603099,0.1690045207507241,-559.486816,0.09081868839133396,0.1875392093981485,-0.9780495952543486,-17.394796,0.0,0.0,0.0,1.0,-0.18728531645422872,0.9617417213737859,-0.1999426708074745,-0.05162236207916639,-0.9822179037559332,-0.1806291538709623,0.05119666310572451,0.15769128462664822,0.01312249145323886,0.20597565424303643,0.9784691257659655,0.6254792138461753,0.0,0.0,0.0,1.0,-0.07663943438671159,0.02447141488004639,0.9967585198786381,710.8363939859772,-0.013090921486023121,0.9995878935775476,-0.02554742233274087,-578.2142416701198,-0.996972930861983,-0.015006427521875474,-0.07628749741274093,185.42563928978132,0.0,0.0,0.0,1.0
2026-07-17T22:06:22.092,25,random,5,5,-30.4948074373904,-48.86228759654413,-31.48860121681035,0.46209318105194974,-5.764541077376039,12.877674659955765,233.688553,-559.470764,-17.393547,-176.67027562144006,-5.477018155214568,-167.229707326849,710.1969653335975,-575.2932669802283,187.2782863230844,-168.02102391468554,85.77188304119406,-169.29830742057004,0.24930168379057918,0.48873737063303363,24,24,10,-0.9708115871486583,-0.2260762902917124,-0.08008978228113887,233.688553,-0.22003370473575665,0.9723922722748024,-0.07770738446572753,-559.470764,0.09544648258663435,-0.05781677773954481,-0.9937540888839932,-17.393547,0.0,0.0,0.0,1.0,0.06072466501283888,0.9680194194186237,-0.2434151159799014,-0.12944639967597812,-0.9979155148948152,0.06421395896068399,0.006418146680422527,0.1383274009208323,0.021843538891269724,0.24251798098909258,0.9699009685043519,0.6195831975430887,0.0,0.0,0.0,1.0,-0.07244528265822837,0.021735908756180637,0.9971355130026774,710.1969653335975,-0.013690894798499352,0.9996466314737006,-0.022785337015267026,-575.2932669802283,-0.9972784167022696,-0.015302367588902079,-0.07212209873532742,187.2782863230844,0.0,0.0,0.0,1.0
2026-07-17T22:06:44.076,26,random,6,1,-139.97329463768875,-10.597611643217904,24.556097256533132,2.245336283201972,12.298812010987202,10.450323947503655,124.203796,-521.212769,38.703701,-174.8425975507522,12.565537405014085,-169.647245447624,696.60351264961,-574.6960923013772,188.9815764076669,-160.22199833782685,86.5711576213191,-162.9837845505375,0.22280205032219597,0.5047336194366353,16,16,10,-0.9601577280063353,-0.1597422824983483,0.22930229072543093,124.203796,-0.1754036383462658,0.9832518829746422,-0.04949038575029247,-521.212769,-0.21755620194470338,-0.08773903241453172,-0.9720962715628308,38.703701,0.0,0.0,0.0,1.0,0.07950824348556143,0.9761067589859042,-0.20222273432993476,-0.15170925096441734,-0.9581083549250508,0.01883512510225814,-0.28578596586465765,-0.08981491415755921,-0.2751487224041821,0.21647363147602297,0.9367135887959189,0.75290672576186,0.0,0.0,0.0,1.0,-0.05719055991177533,0.04760437119677758,0.9972276889958168,696.60351264961,-0.01750260895265455,0.9986612289310545,-0.048676570439659006,-574.6960923013772,-0.9982098469444328,-0.020237926595282296,-0.05628079415125416,188.9815764076669,0.0,0.0,0.0,1.0
2026-07-17T22:06:51.149,27,random,6,2,-139.97329463768875,-10.597611643217904,24.556097256533132,11.74210086289817,-10.772054778558115,2.164351085514415,124.205002,-521.228271,38.62392,-165.36759449267382,-10.474298748566095,-177.93284541879032,707.5491645332892,-573.072791013614,188.10072542823673,-160.44730510442415,86.58972953514112,-162.00779631471585,0.2098636664886425,0.46975053441426584,24,24,10,-0.982696634236531,-0.08079533810014407,-0.16667164846330967,124.205002,-0.0354697627525834,0.9652802646275845,-0.2587970375618238,-521.228271,0.18179444708370252,-0.24840717393381379,-0.951443458618402,38.62392,0.0,0.0,0.0,1.0,0.23480207489446814,0.9675361934591017,-0.09349705862713033,-0.12880709164393683,-0.9639435127335252,0.24415709934310323,0.10583106868643931,0.12402845373740533,0.1252233599780984,0.0652765286074134,0.9899788305457654,0.7242373791034222,0.0,0.0,0.0,1.0,-0.05657639294225688,0.026668677314030297,0.9980420298824914,707.5491645332892,-0.018374273613632034,0.9994460698516676,-0.027747784185906458,-573.072791013614,-0.9982291810154693,-0.019908166876344467,-0.05605503599864047,188.10072542823673,0.0,0.0,0.0,1.0
2026-07-17T22:06:56.154,28,random,6,3,-139.97329463768875,-10.597611643217904,24.556097256533132,10.60115194060712,-3.48474420557746,-11.681804610256764,124.212547,-521.217102,38.653408,-166.51969802712287,-3.1960158770192435,168.2150228471355,706.8965624592909,-574.3874864140237,188.4318766278441,-159.58056089507846,86.12437584803888,-160.1559442143046,0.3734707709470522,0.8971827591555177,22,22,10,-0.9773984023783032,0.18589014358696457,-0.10068375015640953,124.212547,0.20392172251691845,0.9546062005979692,-0.217124233713427,-521.217102,0.05575207721756667,-0.23274848291047498,-0.9709376136440482,38.653408,0.0,0.0,0.0,1.0,0.198494891400115,0.9615153661940303,0.1899683622628141,0.02819772530396688,-0.9801002009682006,0.19509357473496503,0.03663458965547999,0.09054778176527259,-0.0018368859924422685,-0.19345980892653625,0.9811064815706595,0.7520065614294114,0.0,0.0,0.0,1.0,-0.06357728933324698,0.009291674049408912,0.9979336616601308,706.8965624592909,-0.022944470024380034,0.999678730929884,-0.010769689954526441,-574.3874864140237,-0.9977131248892823,-0.02358176668054872,-0.06334367137991977,188.4318766278441,0.0,0.0,0.0,1.0
2026-07-17T22:07:00.092,29,random,6,4,-139.97329463768875,-10.597611643217904,24.556097256533132,10.43359460988109,-10.113939094376887,-4.0587478608939325,124.212479,-521.217224,38.653362,-166.68723088641914,-9.825252158241895,175.8381117197921,707.3185962180801,-574.1479241147349,188.21082596366574,-159.89120051124263,86.49257143180964,-161.53653039997386,0.22670040999918667,0.5099638700591648,24,24,10,-0.9827344364314085,0.03143458312213371,-0.18233182507664364,124.212479,0.07151032229718111,0.9734131375933696,-0.21760776035239407,-521.217224,0.17064378470016245,-0.226889247309275,-0.9588545083580904,38.653362,0.0,0.0,0.0,1.0,0.20578020958439247,0.9784688568807826,0.015912305232679603,-0.061626721591181696,-0.9718551245055292,0.20242968819658613,0.12049829172637765,0.13620452004003974,0.11468270277485564,-0.04026061910909116,0.9925859963918529,0.7313025012277186,0.0,0.0,0.0,1.0,-0.05802886217823258,0.028101638282065185,0.9979193099044454,707.3185962180801,-0.019375054601822428,0.999383760939388,-0.02926953415789745,-574.1479241147349,-0.9981268749079328,-0.02103321888128145,-0.0574486317506002,188.21082596366574,0.0,0.0,0.0,1.0
2026-07-17T22:07:07.058,30,random,6,5,-139.97329463768875,-10.597611643217904,24.556097256533132,-6.495556380235408,0.005131097238454174,14.346150942491565,124.218155,-521.225525,38.715988,176.4288312065719,0.2644200224528749,-165.74654877837335,704.9972150344712,-576.3778795787082,188.08931973402753,-166.02394264950277,85.87887064608235,-167.93059804422887,0.301197307512848,0.9555438703529391,24,24,10,-0.96920575958762,-0.24601219049314652,-0.010871877066464027,124.218155,-0.246209052450126,0.9672632794712455,0.06150488336825105,-521.225525,-0.004614983618132716,0.0622876417541621,-0.9980475698136385,38.715988,0.0,0.0,0.0,1.0,-0.05937250417369125,0.9574854505501093,-0.2823057167912106,-0.18142146353731842,-0.9953067866511016,-0.07843047351816602,-0.05668387133898788,0.05678798841143192,-0.07641535313275508,0.27761533244504055,0.9576483806685133,0.7300047565510149,0.0,0.0,0.0,1.0,-0.07027669359824296,0.032660599634061274,0.9969927138993757,704.9972150344712,-0.01502676695631706,0.9993157820182735,-0.03379591815658931,-576.3778795787082,-0.9974143485090534,-0.0173566425540742,-0.06973782580143238,188.08931973402753,0.0,0.0,0.0,1.0
2026-07-17T22:07:31.812,31,random,7,1,63.754636001535005,46.143786489717826,81.73868511459213,13.296269497561639,3.953101735709396,-2.1369016270755807,327.94046,-464.475677,95.835846,-163.82484833350458,4.241778444692022,177.75998405199937,704.9113180321607,-574.4842809351896,191.59081758008344,-163.98554496301568,84.1672943690925,-167.29933248062713,0.12005703196234466,0.21334157410121038,14,14,10,-0.9964987642897734,0.05812760692888237,0.06009487566903003,327.94046,0.03897863174000928,0.9588753446038732,-0.2811382929778159,-464.475677,-0.07396539080293953,-0.27781154551876497,-0.9577838305900991,95.835846,0.0,0.0,0.0,1.0,0.24918663980742023,0.9680387170479399,0.028408816196105097,-0.10467396079417729,-0.9531490165862427,0.25033743194923974,-0.16981790937865515,-0.06386908448948377,-0.17150210121792753,0.015238518997491164,0.9850658946571031,0.5670215329575714,0.0,0.0,0.0,1.0,-0.09913763724030103,0.05641094253881471,0.9934734694214501,704.9113180321607,-0.022342845114507643,0.9980139200656277,-0.058898324487430244,-574.4842809351896,-0.9948228616967938,-0.02803606457975233,-0.0976803610163292,191.59081758008344,0.0,0.0,0.0,1.0
2026-07-17T22:07:55.193,32,random,7,2,63.754636001535005,46.143786489717826,81.73868511459213,-0.48352480270957265,5.470286209679852,-12.201500578595944,327.940796,-464.475525,95.835701,-177.60436871484183,5.758913390418931,167.6956366058494,702.208180359611,-576.446903029207,190.24601782834816,-160.50239229886532,86.28700882137274,-161.14331694293162,0.2457639081430901,0.5980950472083073,12,12,10,-0.9720982030140735,0.2170164765205023,0.0890445541031872,327.940796,0.21202923623710246,0.9752816234422473,-0.06220416349863902,-464.475525,-0.10034284567182734,-0.04158850675944849,-0.994083351348366,95.835701,0.0,0.0,0.0,1.0,0.007789048582747024,0.9781823449431145,0.2076020972046395,-0.026407822412700566,-0.9878417553810034,0.03976274614026088,-0.150291684218264,-0.048439834107179044,-0.15526750158340527,-0.20390739089344975,0.966599078672783,0.5770392573980393,0.0,0.0,0.0,1.0,-0.0612829787644272,0.010523021625328956,0.9980649590731215,702.208180359611,-0.02093010434247788,0.9997110021149672,-0.011825522504319919,-576.446903029207,-0.9979009606398678,-0.021614306978481435,-0.06104502017255952,190.24601782834816,0.0,0.0,0.0,1.0
2026-07-17T22:08:01.163,33,random,7,3,63.754636001535005,46.143786489717826,81.73868511459213,-10.72388036184324,-12.316565515194705,-11.83330201549307,327.96756,-464.484436,95.955254,172.1630458302639,-11.984443609192402,168.0694342713927,706.044617429795,-580.4780611236041,182.74672295143412,-172.05404273432882,85.68175248666496,-173.69701374897056,0.40822985093110925,0.8173825839861211,24,24,10,-0.9570736749461662,0.23249724929207,-0.17307515649757804,327.96756,0.2022203633654285,0.9634075564860034,0.17593409205160365,-464.484436,0.20764610606845998,0.13338256699167678,-0.9690676887902705,95.955254,0.0,0.0,0.0,1.0,-0.15836828219018106,0.9681569380696947,0.19388561180150918,-0.00677079015369723,-0.9778154908792653,-0.18104631501113114,0.10535225492333909,0.06794978722617995,0.13709979209565987,-0.17289989904104822,0.9753508455519595,0.5472819612200082,0.0,0.0,0.0,1.0,-0.0748411572386643,0.028281263907338476,0.9967943475436553,706.044617429795,-0.008266488962800696,0.9995458094613944,-0.02897999220833555,-580.4780611236041,-0.9971612037897414,-0.010408885625790981,-0.074573378337204,182.74672295143412,0.0,0.0,0.0,1.0
2026-07-17T22:08:05.567,34,random,7,4,63.754636001535005,46.143786489717826,81.73868511459213,-0.7025411525080738,-4.57069710057195,-13.281154683450245,327.928772,-464.428375,95.621918,-177.94596615229884,-4.469185393579448,166.57945752515502,704.2100648352914,-577.7843956303112,186.79302302635267,-168.2762843788233,86.11714456688145,-169.76565209560556,0.34033063969472815,0.6196298022932116,20,20,10,-0.9697351432385867,0.2292308878031135,-0.08406516546723888,327.928772,0.2313909453187327,0.972715967409233,-0.01678919806373776,-464.428375,0.07792292597522958,-0.035732993495039826,-0.9963188098110677,95.621918,0.0,0.0,0.0,1.0,0.008671893659402822,0.9786512383384587,0.20534495844544423,-0.02176573295157934,-0.9998358923309603,0.005219633803488653,0.017347732696526372,0.01856447931136155,0.015905554599342286,-0.20546169745614062,0.9785358982742168,0.5640184309088009,0.0,0.0,0.0,1.0,-0.06663932857872527,0.025532452980636264,0.9974503966270045,704.2100648352914,-0.012031554711963013,0.9995792959235524,-0.026390772102918278,-577.7843956303112,-0.9977045863269297,-0.013759542353099624,-0.06630409803657339,186.79302302635267,0.0,0.0,0.0,1.0
2026-07-17T22:08:09.739,35,random,7,5,63.754636001535005,46.143786489717826,81.73868511459213,9.2611121688204,0.41379474694858587,-11.189008479658233,327.950592,-464.455811,95.894753,-168.42902258361684,0.3353521974900708,168.56974101810096,705.5877638322663,-575.7845517335504,190.6838724396397,-163.83447243721318,85.71900767466234,-165.44879897819976,0.2532177559958935,0.5366955281782912,16,16,10,-0.9801498623183167,0.19529821100770062,-0.034129989372635575,327.950592,0.1981716179970719,0.9600140457314718,-0.19773983366715506,-464.455811,-0.005852966581759661,-0.20057826595990697,-0.9796601972146819,95.894753,0.0,0.0,0.0,1.0,0.16790268449771417,0.9689692918465574,0.18140341782017932,-0.046637927938026374,-0.9831015034523171,0.1781983455855776,-0.041914001722058204,-0.018264246569635094,-0.07293916950620329,-0.17130049938323175,0.9825151482103476,0.5727580162068131,0.0,0.0,0.0,1.0,-0.07225346690837332,0.02741971597455446,0.997009325781658,705.5877638322663,-0.018754919100358865,0.9994079383975087,-0.028844855305254543,-575.7845517335504,-0.9972099525823335,-0.020782970045613386,-0.07169643385011257,190.6838724396397,0.0,0.0,0.0,1.0
2026-07-17T22:08:31.488,36,random,8,1,43.44015976876843,-71.98147816894705,-23.84362140082325,14.413888837708683,5.434321626227479,-1.4331625454934311,307.626038,-582.601074,-9.746425,-162.7072368583224,5.722931640884716,178.46369081597905,709.44645650195,-572.1179441471005,189.74319674944297,-166.10609301783526,83.96602699477206,-167.1418275933976,0.24332372616665737,0.4795233701698591,24,24,10,-0.9946580664530281,0.05522951029448823,0.08720683478119384,307.626038,0.02667681043404393,0.9536604319513512,-0.2997000639229637,-582.601074,-0.09971799549223553,-0.29577268589745315,-0.9500393884739817,-9.746425,0.0,0.0,0.0,1.0,0.26616517366756365,0.9616147174487082,0.06673256710600609,-0.02131389014959216,-0.9428496094169352,0.2741187329452751,-0.18945589003989793,0.055623306092763614,-0.20047621891099376,-0.012492214956475163,0.9796189209160019,0.5992869692630138,0.0,0.0,0.0,1.0,-0.10248218596078011,0.016779000507952994,0.9945933172421042,709.44645650195,-0.023392827633359363,0.9995405610493873,-0.019272841834882506,-572.1179441471005,-0.9944597413550817,-0.02524147299645104,-0.10204259338606314,189.74319674944297,0.0,0.0,0.0,1.0
2026-07-17T22:08:38.159,37,random,8,2,43.44015976876843,-71.98147816894705,-23.84362140082325,-3.332830678934723,-8.988493846873524,-10.316822791664876,307.613464,-582.616882,-9.78899,179.57207767065958,-8.671085975730366,169.59155394993726,704.3446527921635,-577.9282157146985,185.8957516719404,-166.53740040566055,86.82015711432823,-166.04514396996225,0.4694758176665153,0.8658869103797434,20,20,10,-0.97230302431635,0.18176654440953563,-0.1469277109285232,307.613464,0.17859915885162317,0.9833139943128533,0.03458220707234394,-582.616882,0.1507619625859654,0.007383218940145596,-0.9885425224618867,-9.78899,0.0,0.0,0.0,1.0,-0.03031075201618842,0.9814724976069483,0.1891903664391829,0.0836676717102483,-0.9944674693357454,-0.04865746355434345,0.09309620654686195,0.1495713491344957,0.1005768897171284,-0.18532184890518688,0.9775173152293476,0.5354037271459611,0.0,0.0,0.0,1.0,-0.05383309546652364,-0.008939259579027269,0.9985099335863771,704.3446527921635,-0.013377054587777703,0.9998766507416461,0.00823029235351375,-577.9282157146985,-0.9984603408463694,-0.012914059774038748,-0.053946036157485874,185.8957516719404,0.0,0.0,0.0,1.0
2026-07-17T22:08:43.529,38,random,8,3,43.44015976876843,-71.98147816894705,-23.84362140082325,13.32302202240897,-3.85445037620325,-12.821833922900295,307.625946,-582.601257,-9.746374,-163.79814850025147,-3.565860133776191,167.07500872216366,708.570180723873,-574.0073104134576,188.61974924426073,-165.15849961917922,85.71571316127002,-164.4047997347718,0.5385403509391468,0.9622056231849759,22,22,10,-0.9727767413066253,0.19787760141982266,-0.12062282714810225,307.625946,0.22324222307485886,0.9398362960648864,-0.2585935931836484,-582.601257,0.0621958311260337,-0.27848194098607737,-0.9584255250853708,-9.746374,0.0,0.0,0.0,1.0,0.24459010284281987,0.9421636783432362,0.2291359526614765,0.03767340337179689,-0.9696202852206997,0.23851170605282238,0.054301644213599676,0.13870452247809828,-0.003490570134956669,-0.23545651251667624,0.9718786172324285,0.5557731484569755,0.0,0.0,0.0,1.0,-0.07195498262309029,-0.01384357385794929,0.9973118047724847,708.570180723873,-0.020083694632322718,0.9997210561172138,0.012427999267748666,-574.0073104134576,-0.9972056586710816,-0.019135449268910674,-0.07221294133083496,188.61974924426073,0.0,0.0,0.0,1.0
2026-07-17T22:08:47.766,39,random,8,4,43.44015976876843,-71.98147816894705,-23.84362140082325,10.587928315503039,3.0535603621351903,-3.703405742035727,307.625916,-582.60083,-9.746529,-166.5328760564109,3.342120114777603,176.1931736654346,710.787831828839,-573.9142702455117,189.24958369970378,-167.67583611536952,84.29918664660349,-168.01076325151138,0.2934959391466857,0.639499149243063,24,24,10,-0.9960965473850427,0.0781141201703864,0.041107815772720116,307.625916,0.06627986112697609,0.9694565392463136,-0.2361376685782041,-582.60083,-0.05829792703506897,-0.23249129605765337,-0.9708497046200542,-9.746529,0.0,0.0,0.0,1.0,0.20374713668353714,0.9745326375630147,0.09366558929369104,-0.000850983653269274,-0.9669262753520897,0.21529998616559884,-0.1367460931464869,0.07667343544096754,-0.15342973090960782,-0.06270609445315037,0.9861679691570994,0.5926135092784768,0.0,0.0,0.0,1.0,-0.09716706971303023,0.004812923208612989,0.9952564475217283,710.787831828839,-0.020634421080643426,0.9997636262046561,-0.006849261623265736,-573.9142702455117,-0.9950541599481153,-0.021202063303019252,-0.09704479007986416,189.24958369970378,0.0,0.0,0.0,1.0
2026-07-17T22:08:51.702,40,random,8,5,43.44015976876843,-71.98147816894705,-23.84362140082325,10.754411174601461,-5.106740561189872,-10.334851173265488,307.611328,-582.627319,-9.802209,-166.30306268478395,-4.750966037224785,169.59418955579486,708.6530399608204,-574.9001748542422,187.84709364445854,-166.50798684341538,86.02267081590163,-165.7210454809329,0.5056408344260932,0.9897778709801475,24,24,10,-0.9801737748248944,0.15619314171605198,-0.12191420600728428,307.611328,0.17999830233532815,0.9591249217398691,-0.2183574950714767,-582.627319,0.08282501012325352,-0.2359726403173882,-0.9682235954157095,-9.802209,0.0,0.0,0.0,1.0,0.20849686301256307,0.9604899676175084,0.18435856427093072,0.028911433672513875,-0.9778222124711349,0.20089729718931626,0.059194567150060245,0.1399486801670546,0.019818650609360954,-0.1926117807615773,0.9810748814437554,0.5553293903543572,0.0,0.0,0.0,1.0,-0.06721891699811777,-0.014278836120047614,0.9976360719403934,708.6530399608204,-0.017107594984775307,0.9997670891508295,0.013156657809449374,-574.9001748542422,-0.9975915734364628,-0.01618277757169242,-0.06744753752827509,187.84709364445854,0.0,0.0,0.0,1.0
2026-07-17T22:09:11.082,41,random,9,1,95.38633238902234,-13.41517074468907,-25.45514981187634,-3.6783849707988274,-2.17591833556836,-9.202983106408045,359.567108,-524.049316,-11.382209,179.20830676653108,-1.8710509757792158,170.6987375932481,708.5933708615132,-577.2278423035195,187.25029896344887,-168.5958649565751,85.27757397514438,-168.8693090724573,0.47412440911523024,1.0383121810068228,24,24,10,-0.9863260056425648,0.1620553387622104,-0.029984625591269052,359.567108,0.1615393923571956,0.9866850334839866,0.018912149945794262,-524.049316,0.03265019617171352,0.01380984711607688,-0.9993714288554477,-11.382209,0.0,0.0,0.0,1.0,-0.0425355034254373,0.986987809353291,0.1550670665755223,0.012334197825771508,-0.9981003810171867,-0.03505457414498676,-0.05066365802881431,0.10797879537734373,-0.04456860286896637,-0.15692750243187623,0.9866039725334589,0.5263587161869838,0.0,0.0,0.0,1.0,-0.08077994368915098,0.004113868868824283,0.9967234705676937,708.5933708615132,-0.015893335529172662,0.9998590304695323,-0.005414893746473913,-577.2278423035195,-0.9966052390908523,-0.016278675359456513,-0.08070317308016255,187.25029896344887,0.0,0.0,0.0,1.0
2026-07-17T22:09:18.053,42,random,9,2,95.38633238902234,-13.41517074468907,-25.45514981187634,14.827033724701458,13.525114765842705,2.622088492079257,359.572205,-524.03479,-11.358267,-162.29379051335602,13.813840553265612,-177.48106819732968,704.0211894882325,-573.1428032760202,191.33702302954117,-163.49035582601013,84.6610193662574,-165.61408191236018,0.18697052976821132,0.3545733331077016,19,19,10,-0.9701383319749087,0.030680322290541462,0.2406041035749186,359.572205,-0.04267832536754979,0.9548995780601116,-0.2938458037210033,-524.03479,-0.23876804094510473,-0.2953396580968586,-0.9250752990856839,-11.358267,0.0,0.0,0.0,1.0,0.26921781790002464,0.962860888746745,0.020510374130609254,-0.09068937295506146,-0.9061693398817321,0.2604641911201405,-0.3331899347255811,-0.011797616722978802,-0.3261577746788437,0.07111479498641099,0.9426366171280347,0.5604644728022705,0.0,0.0,0.0,1.0,-0.09013040835873243,0.03586331775673412,0.9952840458525231,704.0211894882325,-0.023117944894780907,0.999006826333966,-0.038090964308856945,-573.1428032760202,-0.995661624304628,-0.026442075894608345,-0.0892118070069976,191.33702302954117,0.0,0.0,0.0,1.0
2026-07-17T22:09:23.059,43,random,9,3,95.38633238902234,-13.41517074468907,-25.45514981187634,5.314951090667581,1.5760407480088219,-2.450056811762595,359.567535,-524.059326,-11.414128,-171.70278883343533,1.9297791497801267,177.47957850706234,709.2655412396579,-575.0948627407876,189.08586446294498,-167.78317885674852,84.51548688194222,-169.27753876839571,0.2966284260404267,0.6669076251440545,24,24,10,-0.9984660085957681,0.04836998728120449,0.02694390486273024,359.567535,0.04395052690007046,0.9883618517104279,-0.14563379164445378,-524.059326,-0.03367463235199348,-0.1442261918444431,-0.988971599552792,-11.414128,0.0,0.0,0.0,1.0,0.12144834430112446,0.9919799432447755,0.03501559462020477,-0.05694403985985565,-0.9845036012516043,0.12487890073896407,-0.12311750189493743,0.07943406972142303,-0.12650280150707097,-0.019520562243927123,0.9917741622267356,0.5381563747671616,0.0,0.0,0.0,1.0,-0.0939079210586408,0.02512671414784758,0.9952637593113578,709.2655412396579,-0.017782217096694804,0.9994796603720244,-0.026910987676926658,-575.0948627407876,-0.995422068831895,-0.02022515114292159,-0.09341224836002954,189.08586446294498,0.0,0.0,0.0,1.0
2026-07-17T22:09:27.094,44,random,9,4,95.38633238902234,-13.41517074468907,-25.45514981187634,7.625107993214563,0.31900662046030526,-12.92352294286127,359.571808,-524.036072,-11.357815,-169.49586999815045,0.6076790375157514,166.97342330508695,707.4627291658369,-575.1936228237654,190.0793845873706,-165.68775295723526,85.07669405559813,-166.78053802347213,0.569925932506173,1.0973316366726968,24,24,10,-0.9742108205245382,0.22350938495370962,-0.03093270131302012,359.571808,0.225390315130521,0.9575028301543338,-0.17996537470248491,-524.036072,-0.010605801161180846,-0.18229614665169364,-0.9831864685285664,-11.357815,0.0,0.0,0.0,1.0,0.1441578877855009,0.9650607370863222,0.2188064832760369,-0.0024478391538496564,-0.9856753295578856,0.15959851456760202,-0.05452026090150619,0.0976049470436647,-0.08753655288036266,-0.20781262685943408,0.9742439448247059,0.5325859191487703,0.0,0.0,0.0,1.0,-0.08354801673313111,0.018183635242170215,0.9963378364336767,707.4627291658369,-0.019625953236048065,0.9996095469630487,-0.019889081927137016,-575.1936228237654,-0.9963104691106769,-0.02121577313480836,-0.08315852398134224,190.0793845873706,0.0,0.0,0.0,1.0
2026-07-17T22:09:34.167,45,random,9,5,95.38633238902234,-13.41517074468907,-25.45514981187634,4.975499691573123,-0.04784729977312452,13.16097754492301,359.571869,-524.034363,-11.358175,-172.1453414343944,0.24087145707299806,-166.9424835841499,706.7019266763753,-575.0247176480563,188.32905478178836,-167.4301222797218,85.49542894793368,-169.29543476698927,0.4126246443019945,1.2182796943784964,24,24,10,-0.9741351482674175,-0.22324971389224876,0.03493247997273448,359.571869,-0.22592706654612033,0.9651340634208025,-0.13218623312098365,-524.034363,-0.004203987616697331,-0.13665944852764186,-0.9906091669352952,-11.358175,0.0,0.0,0.0,1.0,0.13938640089609997,0.9597186333881832,-0.24394994562973257,-0.14849836093638896,-0.9867817924540576,0.11405384050108112,-0.11512347956916084,0.07694566364761052,-0.08266272029390655,0.2567720120933587,0.9629304276421736,0.5074709715960868,0.0,0.0,0.0,1.0,-0.07717190020785693,0.031889548251397754,0.9965076791127249,706.7019266763753,-0.014588150483145313,0.9993452393948137,-0.03311009459973797,-575.0247176480563,-0.9969110711010232,-0.017092372896829494,-0.07665616155904284,188.32905478178836,0.0,0.0,0.0,1.0
2026-07-17T22:09:55.680,46,random,10,1,-72.59308482423987,9.950166625337033,-71.24204191846094,8.126588737513671,-2.053385342855215,11.678912871429333,191.592728,-500.669128,-57.145081,-168.9942454485134,-1.7646527132234227,-168.42426703391723,708.2410473639766,-573.0588597213367,189.47893550444425,-166.34358065381934,85.10398309115924,-168.08813153480773,0.35460340800510487,0.7211441026302801,24,24,10,-0.9791957206215852,-0.2027316825474928,0.008695148522996014,191.592728,-0.20056784939541814,0.9604627632358331,-0.19309018158954908,-500.669128,0.030794131019907474,-0.1908170467459623,-0.9811424851497759,-57.145081,0.0,0.0,0.0,1.0,0.1901310407461529,0.9576908906643068,-0.21605171900123812,-0.21582869131497484,-0.9802379364514611,0.17293845107070238,-0.09605144497948603,0.12150322013647208,-0.0546239442567609,0.23004445239968613,0.971645910110243,0.6637861983009865,0.0,0.0,0.0,1.0,-0.08350980380934529,0.029600532200330383,0.9960672272297595,708.2410473639766,-0.01761634340349648,0.999358677177435,-0.031175291422142985,-573.0588597213367,-0.9963512318017247,-0.020150504798210178,-0.08293479392608724,189.47893550444425,0.0,0.0,0.0,1.0
2026-07-17T22:10:02.054,47,random,10,2,-72.59308482423987,9.950166625337033,-71.24204191846094,-6.51298903502483,1.5297143664296158,-5.030072617921261,191.592621,-500.669312,-57.144413,176.36637880690267,1.8183388586271807,174.8670055528248,709.2434133251093,-576.7438515995244,188.1047459178729,-167.16954675230167,84.41377469266209,-168.77397142677944,0.24976142577335017,0.5707128532126708,24,24,10,-0.9954881842146462,0.08728510441370706,0.037210020646522936,191.592621,0.08942281297618165,0.9941673993788117,0.06028882592816918,-500.669312,-0.031730672990865544,0.0633442385687799,-0.9974871787806038,-57.144413,0.0,0.0,0.0,1.0,-0.0902178088280606,0.9945578134150868,0.05211048594347995,-0.009412502503378078,-0.9880545642345817,-0.08281862317409536,-0.12995866169962536,0.12795753963267995,-0.12493568371555827,-0.06321258917770481,0.9901491016528657,0.709899967498761,0.0,0.0,0.0,1.0,-0.09548113705408977,0.02696437964760893,0.9950659649978381,709.2434133251093,-0.01895085447062835,0.9994026399906861,-0.028900316511776252,-576.7438515995244,-0.9952508314900779,-0.0216167853731167,-0.0949131024065769,188.1047459178729,0.0,0.0,0.0,1.0
2026-07-17T22:10:07.625,48,random,10,3,-72.59308482423987,9.950166625337033,-71.24204191846094,-9.669410329810058,-14.485174688551018,-12.735821838091347,191.573334,-500.67868,-57.196861,173.24547769682508,-14.160823793996832,167.17034889927345,698.1567203011654,-578.4771771163219,186.22149245384526,-157.81656119036,86.94884383095565,-159.8429387701799,0.45768953279985264,0.7692067509178576,22,22,10,-0.9454060516117179,0.24856757841706828,-0.21076422024579122,191.573334,0.2153055561467353,0.9618776603083798,0.1686264632020197,-500.67868,0.24464446666190262,0.11404177111721701,-0.9628829416767967,-57.196861,0.0,0.0,0.0,1.0,-0.14394309413731265,0.9674711635380426,0.20803829785047545,0.08434742936775637,-0.9689563818106058,-0.1804946195894068,0.16895331440304812,0.25227191804615595,0.20100725309967507,-0.17726037352330498,0.9634183121467546,0.6161264944876539,0.0,0.0,0.0,1.0,-0.049967449105786065,0.03485712671278659,0.9981423920198907,698.1567203011654,-0.01834193736275192,0.9991902118323672,-0.035811924161797785,-578.4771771163219,-0.9985824088995569,-0.020097295731470594,-0.049287638821921755,186.22149245384526,0.0,0.0,0.0,1.0
2026-07-17T22:10:11.963,49,random,10,4,-72.59308482423987,9.950166625337033,-71.24204191846094,-11.85114627849109,-9.878090458329378,-1.5803865776662374,191.592743,-500.669434,-57.144772,171.02807373388933,-9.589480025545562,178.31615418373286,718.0654631493558,-578.5926236361452,185.3606655740386,-172.05496709389448,84.17010065906847,-169.6820137620698,0.47430842146913876,1.2495609995428156,24,24,10,-0.9856008590712485,0.054993118933935776,-0.1598959144816867,191.592743,0.028973824201380234,0.9865749488161537,0.16071834954214506,-500.669434,0.16658770695691918,0.15377134726054006,-0.9739624780516516,-57.144772,0.0,0.0,0.0,1.0,-0.17642067881694826,0.9811280428385238,0.07914232522244039,-0.005134302058458483,-0.9819798476034776,-0.18096724367160097,0.05446499443269947,0.23089572038793332,0.06775930184423194,-0.06810741717133871,0.9953743299582483,0.6607512732844669,0.0,0.0,0.0,1.0,-0.09993286299998828,-0.042107360642057744,0.9941028081000406,718.0654631493558,-0.01819328788310677,0.9990144377015332,0.04048651059169806,-578.5926236361452,-0.9948278379542002,-0.014040065656861346,-0.10060044427199587,185.3606655740386,0.0,0.0,0.0,1.0
2026-07-17T22:10:17.934,50,random,10,5,-72.59308482423987,9.950166625337033,-71.24204191846094,2.7951582329420077,0.704055401011578,-13.523175270920586,191.592743,-500.669922,-57.144932,-174.32590421110328,0.992592084284638,166.37382297248257,708.465170359682,-575.7188720072822,189.45585114995848,-166.3726269351001,83.90307750905771,-168.07212692667028,0.41247749074744966,0.8375042019044936,24,24,10,-0.9717076353548907,0.23609639727455614,-0.006539310895013911,191.592743,0.23555080224869823,0.9666882512933207,-0.10014811217120531,-500.669922,-0.017323133463705346,-0.09885502519061246,-0.994951050575636,-57.144932,0.0,0.0,0.0,1.0,0.052540946186843795,0.9751646899059659,0.21515872404899822,0.030605053075922303,-0.992201223171589,0.07536431587543234,-0.09928218686869465,0.13921968709973073,-0.11303177301358047,-0.2082643691398742,0.9715193105832621,0.7041986228307179,0.0,0.0,0.0,1.0,-0.10391742103961912,0.028353623062472813,0.994181694492363,708.465170359682,-0.02195163919099739,0.999284681998907,-0.030793665893690106,-575.7188720072822,-0.9943436504253962,-0.02502391619181898,-0.1032206785344972,189.45585114995848,0.0,0.0,0.0,1.0
2026-07-17T22:10:40.953,51,random,11,1,-86.26157157566924,-30.18292837032413,-73.3444983603623,1.0125162998464141,-13.941147602402268,6.337053308455303,177.917999,-540.811462,-59.268818,-176.0922757977121,-13.643614792332246,-173.7589051770418,706.6088736002254,-575.6444861080283,186.75710037514597,-165.7993746491361,86.21260187308944,-167.30849194413665,0.20259650986432867,0.525449522718722,20,20,10,-0.966022213276061,-0.12443965661048288,-0.22653003182775888,177.917999,-0.10564469690067639,0.990014541958051,-0.09332954906327617,-540.811462,0.23588192273674674,-0.06622672099881861,-0.9695224288028411,-59.268818,0.0,0.0,0.0,1.0,0.05973368645495207,0.987415575307577,-0.14643212879183007,-0.1110688011503804,-0.9833571523028841,0.08342321714579992,0.16139788677614877,0.2530410561492433,0.17158262650182066,0.134354190411205,0.9759653445700242,0.6290141378767362,0.0,0.0,0.0,1.0,-0.06444053782675092,0.025813341296040234,0.9975876344941996,706.6088736002254,-0.014512266787203689,0.9995354374713292,-0.026801181908537943,-575.6444861080283,-0.9978160207158913,-0.016204340471974193,-0.06403599107199169,186.75710037514597,0.0,0.0,0.0,1.0
2026-07-17T22:10:45.718,52,random,11,2,-86.26157157566924,-30.18292837032413,-73.3444983603623,-9.603070616838476,-4.578197357645426,10.770088741839391,177.931046,-540.807251,-59.206192,173.31514936471297,-4.305147576833494,-169.32512857520143,709.7821543568627,-576.712898812891,186.7244943692835,-168.0753156679441,85.28425022289433,-169.58267071418223,0.2500901685986656,0.5974801270729989,24,24,10,-0.979921354635767,-0.1753889814116383,-0.0948306064949038,177.931046,-0.18471298463462787,0.977631942180555,0.10058279641988353,-540.807251,0.07506831579415518,0.11607967448121145,-0.9903990393453362,-59.206192,0.0,0.0,0.0,1.0,-0.11603810800845105,0.9707051242309063,-0.21039657621188024,-0.09433577834524148,-0.9932189152036636,-0.11493007882003925,0.017528932200167276,0.19561676916043366,-0.007165470778499241,0.2110038833156445,0.9774589593707966,0.6760784167649894,0.0,0.0,0.0,1.0,-0.08085734437430775,0.02561733910314564,0.996396428033546,709.7821543568627,-0.014865380444760311,0.9995274816636845,-0.026904160705869637,-576.712898812891,-0.996614825459148,-0.016987210963815086,-0.08043832630471448,186.7244943692835,0.0,0.0,0.0,1.0
2026-07-17T22:10:51.690,53,random,11,3,-86.26157157566924,-30.18292837032413,-73.3444983603623,-3.4590251669563337,14.115928659113912,6.169190375031146,177.919968,-540.794189,-59.227005,179.4388649832917,14.391954968552612,-173.9323395016279,703.4960643244194,-574.4283549525226,189.52371382970242,-169.64088141215942,84.68048007881731,-171.4809223806259,0.18937384250707373,0.4129205833480328,24,24,10,-0.9631916441098769,-0.10811832495371877,0.24611437285561832,177.919968,-0.10238566108725189,0.994092772638368,0.03601021788171134,-540.794189,-0.2485538837367838,0.009486158198343553,-0.9685716182513285,-59.227005,0.0,0.0,0.0,1.0,-0.0131850510359261,0.9899192031827327,-0.14101817471249592,-0.08240019978666233,-0.941340119000436,-0.0598484603414462,-0.33210983447498693,0.010792228587497614,-0.3372016233493323,0.12836718024799917,0.9326397655288736,0.7446148052548405,0.0,0.0,0.0,1.0,-0.09168690732630384,0.03134335558849157,0.9952944815909464,703.4960643244194,-0.013733912281996092,0.9993696400882651,-0.032736861842310276,-574.4283549525226,-0.9956931709509553,-0.016670828722815365,-0.0911986446792185,189.52371382970242,0.0,0.0,0.0,1.0
2026-07-17T22:10:57.059,54,random,11,4,-86.26157157566924,-30.18292837032413,-73.3444983603623,4.127448651121977,0.22373815213197012,14.840563972616906,177.923447,-540.802551,-59.259483,-172.99601187282514,0.5157766071767671,-165.26194107525168,710.1703627752586,-572.7277888233134,188.57246041045926,-167.6256485280881,85.02384846601268,-168.6381432481272,0.27463737760470563,0.5449412365734625,24,24,10,-0.9670597951247063,-0.2514404186426743,0.03966192791781242,177.923447,-0.2543900918634255,0.9601614135116037,-0.11565353935404264,-540.802551,-0.009001878419474621,-0.12193348955966049,-0.992497451033868,-59.259483,0.0,0.0,0.0,1.0,0.12644907455803667,0.9578813167329214,-0.25782555070710167,-0.18920078248331945,-0.9873600549737205,0.09649865366158507,-0.1257303928403625,0.11917036656270844,-0.09555497572448193,0.27046514173827624,0.957975914999322,0.6888240821657868,0.0,0.0,0.0,1.0,-0.08504118016182032,0.016878562622778436,0.9962344662781321,710.1703627752586,-0.01708840186219268,0.999684742142155,-0.01839572912307399,-572.7277888233134,-0.9962308890003763,-0.01858844942329041,-0.08472594260057953,188.57246041045926,0.0,0.0,0.0,1.0
2026-07-17T22:11:01.261,55,random,11,5,-86.26157157566924,-30.18292837032413,-73.3444983603623,-4.954094654733986,5.705084596432876,9.616641274574079,177.924973,-540.809021,-59.239639,177.92591262946925,5.993826086422569,-170.48611295547505,708.8544909716846,-574.7289607006883,188.12681498810076,-167.45922952699345,84.92316969421628,-169.02446898259504,0.2195703452940961,0.4451381973950495,24,24,10,-0.9808539156512044,-0.1689055751175439,0.09693556027543145,177.924973,-0.16438305481441282,0.9849747947748195,0.052942090515806256,-540.809021,-0.10442129783517255,0.03599389326696698,-0.9938815986856303,-59.239639,0.0,0.0,0.0,1.0,-0.03777410828143156,0.9792834830394276,-0.1989396305156667,-0.10868355948267155,-0.9806695013883405,-0.0745774760511494,-0.18090198758605333,0.09418280897746356,-0.19199074402243232,0.1882606169967777,0.9631705426858245,0.7210187594965355,0.0,0.0,0.0,1.0,-0.08687286799725641,0.026478932863260578,0.9958674464608002,708.8544909716846,-0.01684787604221217,0.9994646905438475,-0.028044276224525613,-574.7289607006883,-0.9960769317069833,-0.019214537998976995,-0.08638025035092424,188.12681498810076,0.0,0.0,0.0,1.0
2026-07-17T22:11:22.744,56,random,12,1,-11.525723097754657,-74.99693008684817,45.18987274469996,-8.51178546956558,-4.355451340223631,10.003627383779712,252.659515,-585.616028,59.286621,174.36738635547073,-4.066682542500042,-170.09953833110026,709.762512255037,-577.2088579170577,186.32685219041662,-168.44049025637827,85.12364013609512,-170.09806473060823,0.2873387351491251,0.5746269839024728,24,24,10,-0.9826276261617811,-0.1642500282226539,-0.08639951696925348,252.659515,-0.17150413314012705,0.9815483052139484,0.08455327815927142,-585.616028,0.07091742112849629,0.09790226126337917,-0.9926660398240692,59.286621,0.0,0.0,0.0,1.0,-0.09814175841729245,0.9747137382040086,-0.20075189615824088,-0.048889610748277745,-0.9950721120920165,-0.09897890137005282,0.00588802346383634,0.0628911475716028,-0.014131064768628772,0.200340474293001,0.9796244215864367,0.6215945319457963,0.0,0.0,0.0,1.0,-0.0837395378731999,0.028211596401120052,0.99608824690651,709.762512255037,-0.014617803576450728,0.9994568277588411,-0.029535897901273905,-577.2088579170577,-0.9963804542519805,-0.017033944779012922,-0.08328166130597002,186.32685219041662,0.0,0.0,0.0,1.0
2026-07-17T22:11:28.280,57,random,12,2,-11.525723097754657,-74.99693008684817,45.18987274469996,8.359341197446817,-5.795148179584061,2.2956513905671407,252.660049,-585.616882,59.287327,-168.7617964710288,-5.506468185884288,-177.80736766165668,710.7359117721464,-574.3804026233108,187.7285977877871,-167.22250942988865,85.18105283052068,-168.2093119856061,0.25969069971719905,0.5361102241355838,24,24,10,-0.9946565949493084,-0.05621313927875913,-0.08659296216364451,252.660049,-0.038082761093884795,0.9793918172719158,-0.19834659454671882,-585.616882,0.09595812332113231,-0.19398904926114052,-0.9762992816423892,59.287327,0.0,0.0,0.0,1.0,0.18111394952440163,0.9817692407698626,-0.05767924380434132,-0.03416116632378982,-0.9833739344379331,0.18157136182852882,0.002746931341163313,0.06529198367552005,0.01316975154405481,0.056222757331009544,0.9983313874672909,0.6237311107512711,0.0,0.0,0.0,1.0,-0.08223486534030144,0.01645680735934461,0.9964770947763928,710.7359117721464,-0.017165810402056735,0.9996919399806398,-0.017926519209986946,-574.3804026233108,-0.9964651332965461,-0.01857952177217755,-0.08192703763113883,187.7285977877871,0.0,0.0,0.0,1.0
2026-07-17T22:11:33.521,58,random,12,3,-11.525723097754657,-74.99693008684817,45.18987274469996,-6.383840915314705,-4.998615222711502,12.937687421399161,252.659454,-585.616028,59.286621,176.4953516065866,-4.709827667534393,-167.1654787580148,708.6055144921496,-576.3953197663535,186.66463395813238,-168.30241324814347,85.49054914321343,-170.073180224061,0.2925599542535101,0.7445195798829304,24,24,10,-0.9717233739903975,-0.21682665719894548,-0.09348735298771294,252.659454,-0.2213859112674888,0.974307228891984,0.04139688419539384,-585.616028,0.08210945580736621,0.06092310281620809,-0.994759474853225,59.286621,0.0,0.0,0.0,1.0,-0.057147744255016716,0.9661993192453602,-0.25138220067531863,-0.0766171936920226,-0.9983592484318672,-0.054398673515851606,0.017877231057232445,0.06695396698771815,0.003598110215257049,0.25199138836380636,0.9677227876790749,0.6146358398280829,0.0,0.0,0.0,1.0,-0.07744644131506341,0.030282565544494655,0.9965365095929383,708.6055144921496,-0.013553927240953218,0.9994142600236678,-0.03142336579190245,-576.3953197663535,-0.9969043784556172,-0.015940611198700255,-0.07699063014830136,186.66463395813238,0.0,0.0,0.0,1.0
2026-07-17T22:11:41.489,59,random,12,4,-11.525723097754657,-74.99693008684817,45.18987274469996,9.820269693686647,14.42192350956887,-4.314533244495781,252.660294,-585.616577,59.287216,-167.30058220610667,14.710634094204373,175.58228606426613,698.622523238847,-572.8255843603191,188.49505372222438,-162.0962073948266,84.41808058322817,-164.61941169211494,0.2990347174010307,0.6941556855212787,14,14,10,-0.9643470122291519,0.13080175901221808,0.23005594937757565,252.660294,0.07450237473002604,0.968338421530747,-0.2382647635445244,-585.616577,-0.25393746506629306,-0.21263019829424737,-0.9435593052951436,59.287216,0.0,0.0,0.0,1.0,0.1743729313463666,0.9789579098126119,0.10599760199644778,0.04874516550392387,-0.9236561320304948,0.19992237029467388,-0.32694096656464455,-0.07963336359742015,-0.3412527370969209,-0.04089568034745537,0.939081526148171,0.6419200947846022,0.0,0.0,0.0,1.0,-0.0937851829375194,0.04261845874631056,0.9946798512262447,698.622523238847,-0.025798561500223954,0.9986438387205907,-0.04522076525139442,-572.8255843603191,-0.9952581442449467,-0.029902347056570786,-0.09255850017482557,188.49505372222438,0.0,0.0,0.0,1.0
2026-07-17T22:11:45.994,60,random,12,5,-11.525723097754657,-74.99693008684817,45.18987274469996,6.247055967766396,4.101737847066225,-12.368077088650603,252.654694,-585.639404,59.247768,-170.82312673057098,4.417332713120108,167.54787079048515,703.6937935560514,-573.9362950282834,188.0686721906274,-161.94265247594043,85.85478073784243,-162.20842706797833,0.3987653887203409,0.8668442824061212,17,17,10,-0.9735758769699876,0.2248585229728928,0.039857953140729804,252.654694,0.2149833293084876,0.9613296974179789,-0.1721260613088432,-585.639404,-0.07702064594352583,-0.1590089856225311,-0.9842682371131032,59.247768,0.0,0.0,0.0,1.0,0.12188372080362983,0.9655133483405018,0.23006158475368266,0.09768685063349829,-0.9827518488710058,0.14987396008398052,-0.10833558800951047,0.008831239028652568,-0.13907969709373075,-0.21288910320882673,0.9671272240978729,0.6265266828198279,0.0,0.0,0.0,1.0,-0.06882756749113846,0.0038665407865268,0.9976210782735089,703.6937935560514,-0.02208694822939237,0.9997414776365404,-0.005398574906332533,-573.9362950282834,-0.9973840447245815,-0.022405975887099097,-0.06872437393954023,188.0686721906274,0.0,0.0,0.0,1.0
2026-07-17T22:12:05.475,61,random,13,1,-4.775209955374759,19.718465378254102,-90.93633612033393,10.998868078286904,1.9545586027260704,-1.120890437282272,259.410339,-490.90152,-76.839142,-166.12229450042014,2.2431870637166855,178.77595281432536,708.6261327362761,-574.017255605871,191.00905175098765,-165.46066519529919,84.80801495044996,-167.63522894614474,0.27339770738324215,0.5769028485974139,24,24,10,-0.9990056781871302,0.030124306768221545,0.03286610855587144,259.410339,0.021345658768579356,0.9703878043442572,-0.24060729837572933,-490.90152,-0.039140998985815564,-0.23966650855233393,-0.9700659497563692,-76.839142,0.0,0.0,0.0,1.0,0.21721642196102642,0.9760323980815707,0.013333563874212915,-0.12581642322374553,-0.9678430903560619,0.21712913912493495,-0.12702239720967615,0.12306818482299126,-0.1268730802041052,0.01468655296531995,0.9918102271511015,0.6410271346843806,0.0,0.0,0.0,1.0,-0.08839419733005045,0.03693805932375979,0.9954004448721985,708.6261327362761,-0.01937775497095763,0.9990592971586495,-0.038794630725802075,-574.017255605871,-0.9958970672166185,-0.022717846162438392,-0.08759526799478456,191.00905175098765,0.0,0.0,0.0,1.0
2026-07-17T22:12:07.612,62,random,13,2,-4.775209955374759,19.718465378254102,-90.93633612033393,11.859407744321388,1.884464089225741,-1.1813400678882484,259.410217,-490.90155,-76.839226,-165.26176918791313,2.1731716211517,178.71550576693906,708.6751374237944,-573.9066145791307,191.11151260999497,-165.70107263568377,84.84022530641299,-167.90812540387344,0.2807954730872153,0.5541881396797573,24,24,10,-0.9990296749496387,0.031323749038091576,0.030960156915265196,259.410217,0.02240065316080909,0.9666389433894574,-0.2551614466585466,-490.90155,-0.03791990648707246,-0.25422032937810435,-0.9664026618459304,-76.839226,0.0,0.0,0.0,1.0,0.2322248857523165,0.9725415639148797,0.015313683271023913,-0.12878179132831086,-0.9645710601470499,0.2322910987578339,-0.12507403953128968,0.12185930224544063,-0.1251969343239674,0.014274168833246857,0.9920292212127629,0.6408490220307193,0.0,0.0,0.0,1.0,-0.08793802718258321,0.03753219725927578,0.995418624270275,708.6751374237944,-0.018839235817144605,0.9990485318447697,-0.03933337275950334,-573.9066145791307,-0.9959477830534395,-0.022211825402313395,-0.0871472790351822,191.11151260999497,0.0,0.0,0.0,1.0
2026-07-17T22:12:14.079,63,random,13,3,-4.775209955374759,19.718465378254102,-90.93633612033393,-10.06776549694153,-5.405803716270718,-3.113894263752366,259.410553,-490.900909,-76.839066,172.81169135013153,-5.116971476754355,176.78291912396276,706.677342364402,-578.4040659509449,186.62296691053348,-165.5312010257864,86.0104665660035,-166.88221927963897,0.30278532631040983,0.5964934483657204,24,24,10,-0.9944450494807935,0.066820816053084,-0.08132663834895759,259.410553,0.05589550299632547,0.9899504116711578,0.12989948104935914,-490.900909,0.08918932844197223,0.12463210250214411,-0.9881862692417684,-76.839066,0.0,0.0,0.0,1.0,-0.14448922257254326,0.9889087386050487,0.03438562593519289,-0.018401227296212908,-0.9892511351716513,-0.14515394790053646,0.017678319221237464,0.2060908824909585,0.022473453717255624,-0.03146169288931159,0.9992522733316933,0.6061752756668904,0.0,0.0,0.0,1.0,-0.0677587422757131,0.022987881547723802,0.9974368702565398,706.677342364402,-0.01579012128103851,0.999584602540983,-0.024110048380645472,-578.4040659509449,-0.9975767764513888,-0.017383315706009466,-0.06736761402871268,186.62296691053348,0.0,0.0,0.0,1.0
2026-07-17T22:12:18.417,64,random,13,4,-4.775209955374759,19.718465378254102,-90.93633612033393,0.41863947142500635,1.2113505274860294,-4.496687036808883,259.410858,-490.901276,-76.839348,-176.7024758495264,1.4999462118729818,175.40020007697356,708.1371257694426,-575.856731235319,189.42207308181702,-166.28979192656197,84.77562915531438,-168.34368940693346,0.2773809541533222,0.4614555108594195,24,24,10,-0.996437611677269,0.08156348201368026,0.021435588088605205,259.410858,0.08016796456971878,0.9950080467080622,-0.05943134226109174,-490.901276,-0.0261760098496431,-0.057501177274998205,-0.9980022199977017,-76.839348,0.0,0.0,0.0,1.0,0.031683405286763874,0.9982563756774357,0.04980331564046721,-0.057742029875728726,-0.9930380477820134,0.03709554420914848,-0.11180051993221335,0.14906176116191602,-0.11345306292348752,-0.04591436615239781,0.9924818756501819,0.640908098059165,0.0,0.0,0.0,1.0,-0.08917833565114375,0.03487529978644741,0.9954049115386651,708.1371257694426,-0.018397039759800327,0.9991586257398769,-0.03665500699326475,-575.856731235319,-0.9958457578252603,-0.0215813362516178,-0.08846170101815992,189.42207308181702,0.0,0.0,0.0,1.0
2026-07-17T22:12:23.721,65,random,13,5,-4.775209955374759,19.718465378254102,-90.93633612033393,-2.5757555692422613,9.758870991686479,10.098805759727743,259.406769,-490.900055,-76.806229,-179.65922455129905,10.04022592297498,-169.99611944907915,706.6853602997967,-575.6471119940643,188.8979099531353,-167.83841612825765,84.56787660734503,-169.40390376134252,0.27345120882721946,0.7766992663770808,24,24,10,-0.9697144264935317,-0.17269066419306764,0.17271903644612552,259.406769,-0.17105453696224476,0.9849586973607748,0.02442764577271817,-490.900055,-0.1743395435205477,-0.005856534292778533,-0.9846681799322676,-76.806229,0.0,0.0,0.0,1.0,0.004753629308049626,0.9799792779694088,-0.1990427535957008,-0.156769293274447,-0.9637489639101249,-0.04860981551904123,-0.2623452313219472,0.0844470546797042,-0.2667683219022883,0.1930743395321139,0.9442229407526989,0.6455588723486945,0.0,0.0,0.0,1.0,-0.09305220526014572,0.02638954052029355,0.9953114483654603,706.6853602997967,-0.017407684943977784,0.9994527781718349,-0.028126797000246596,-575.6471119940643,-0.9955090454642362,-0.019943328602057865,-0.09254190425507455,188.8979099531353,0.0,0.0,0.0,1.0
2026-07-17T22:12:44.271,66,random,14,1,-18.408619323301846,69.40039032880043,-49.41212796656488,-14.892087131209616,8.772878847502625,-3.808956371643493,245.777084,-441.219727,-35.314117,167.98704294045294,9.061614008891533,176.0878640226896,705.1077839866733,-578.8208661870055,188.20172968397782,-168.86711639921145,84.01945506152468,-171.6486514779178,0.1472050029595771,0.34432020336109115,24,24,10,-0.985218476308922,0.034028667765273274,0.1678886646252421,245.777084,0.06737511224912421,0.9780579188939311,0.1971377729870417,-441.219727,-0.15749650214828353,0.20553529394970863,-0.9658934179049273,-35.314117,0.0,0.0,0.0,1.0,-0.2227254355825821,0.9742373754401823,-0.035424802610256274,-0.06751107679583034,-0.9403461406437307,-0.22427967920156267,-0.25582760068781857,0.06390244940716669,-0.25718187362446615,-0.023667737379620787,0.9660731453085416,0.677014948588551,0.0,0.0,0.0,1.0,-0.1030859256787095,0.04748812365826434,0.9935382076389319,705.1077839866733,-0.015132974403291508,0.9986691928783892,-0.04930351185602851,-578.8208661870055,-0.994557331184419,-0.02011768642378206,-0.10223010163489733,188.20172968397782,0.0,0.0,0.0,1.0
2026-07-17T22:12:50.742,67,random,14,2,-18.408619323301846,69.40039032880043,-49.41212796656488,-11.866293531667857,-12.338274515087818,4.643752626717355,245.766983,-441.224121,-35.352455,171.03895993199677,-12.02901972565358,-175.45342785614122,701.4387080322233,-579.2032034751235,185.6577359770711,-163.74770114145764,86.87466401043673,-166.8135756482771,0.3264637798832263,0.6425657869570266,24,24,10,-0.974964496305302,-0.04594195232131545,-0.2175627908468145,245.766983,-0.0775288172369345,0.9872593716003584,0.1389540056461395,-441.224121,0.20840708587279558,0.15234260797351257,-0.9661046611800597,-35.352455,0.0,0.0,0.0,1.0,-0.1619560305440769,0.9809895032282656,-0.10691042384335843,-0.11798632204181561,-0.9744883824072861,-0.14193524341795585,0.1738585034708288,0.2298289340845337,0.15537900991973405,0.1323403990920607,0.9789501427777195,0.5675063089591545,0.0,0.0,0.0,1.0,-0.053082817748111355,0.05307878987907712,0.99717844768371,701.4387080322233,-0.012437193888191488,0.9984737457332414,-0.0538098066305517,-579.2032034751235,-0.9985126592427901,-0.015258477853398093,-0.05234164866995501,185.6577359770711,0.0,0.0,0.0,1.0
2026-07-17T22:12:53.876,68,random,14,3,-18.408619323301846,69.40039032880043,-49.41212796656488,-6.7682822542398675,-11.347201775031666,6.668519618827872,245.777237,-441.219147,-35.314968,176.1106104471563,-11.058543812260995,-173.4347829523363,701.3117757448225,-577.7956611846685,186.83720661504884,-162.91311838180982,86.83211271342711,-166.01394372194494,0.38070286721802166,0.6954446499251727,24,24,10,-0.9749958282752336,-0.10114536401096669,-0.19787053895155843,245.777237,-0.11221108679871433,0.9926418854711083,0.04550559534622493,-441.219147,0.1918119048582297,0.0665710338469519,-0.979171328525915,-35.314968,0.0,0.0,0.0,1.0,-0.07430326243634126,0.9845727018685422,-0.15841597118534465,-0.16135787535678114,-0.9876778149522456,-0.050715725043250434,0.14805556080234025,0.21187690023351125,0.1377372826887269,0.16746495146333504,0.9762089586706879,0.5662074440423323,0.0,0.0,0.0,1.0,-0.0536236350092972,0.053657516885684445,0.9971185369102579,701.3117757448225,-0.013356013358600134,0.9984273766320766,-0.054446216569708106,-577.7956611846685,-0.9984718937834732,-0.016237132544052235,-0.05282265471549363,186.83720661504884,0.0,0.0,0.0,1.0
2026-07-17T22:12:59.782,69,random,14,4,-18.408619323301846,69.40039032880043,-49.41212796656488,9.913832358031492,-0.8697953737400574,0.08053360857925362,245.776901,-441.219818,-35.315136,-167.2073046770594,-0.5812656831602201,179.97744531071467,707.2555187138911,-574.8584439631478,191.41595132855747,-164.8361837363935,84.95308654074842,-168.38133951673444,0.2982883901317893,0.5532536684774934,24,24,10,-0.9999484624512764,-0.001862427382576235,-0.00998017061842913,245.776901,0.0003936333221852084,0.9751784004554719,-0.221420261805271,-441.219818,0.010144825978595754,-0.2214127788754563,-0.9751274090376664,-35.315136,0.0,0.0,0.0,1.0,0.20343744393230928,0.978094832236773,-0.0440874762036671,-0.1758821320227832,-0.9761297615577051,0.19911936051463344,-0.08673043796465738,0.09410703352847338,-0.07605192310248512,0.06067931624502617,0.995255809112637,0.6392072914285704,0.0,0.0,0.0,1.0,-0.08616883260508573,0.060841803574863046,0.9944210412220937,707.2555187138911,-0.0177171696222151,0.9978821295292263,-0.06258879665559575,-574.8584439631478,-0.9961230015354803,-0.023011529805201436,-0.08490839362495264,191.41595132855747,0.0,0.0,0.0,1.0
2026-07-17T22:13:03.986,70,random,14,5,-18.408619323301846,69.40039032880043,-49.41212796656488,11.795983977877345,1.6378934371818836,-10.605355763068307,245.776077,-441.231201,-35.29512,-165.42070768028245,1.891047202829282,169.28416209284958,707.2947418790301,-576.023235299262,191.60835666395224,-165.20604660088398,84.86011026538993,-168.76907942227845,0.2354325297206648,0.4059393706735145,24,24,10,-0.9820263181067357,0.18811269734565275,-0.0154247736797445,245.776077,0.18583696082834716,0.9493786686344347,-0.2532681731524741,-441.231201,-0.03299900810345443,-0.2515825046366521,-0.9672731304160873,-35.29512,0.0,0.0,0.0,1.0,0.21747583525090405,0.9646099306670848,0.14910379854438274,-0.0927361061096829,-0.9691582043211715,0.23154401495674468,-0.08437857627782379,0.09045792484729184,-0.11591650477340687,-0.1261548683014379,0.9852148563257477,0.6657604068718714,0.0,0.0,0.0,1.0,-0.087872138375406,0.061139489142494494,0.9942537151877925,707.2947418790301,-0.017448438016556114,0.9978670587195948,-0.0629037767792018,-576.023235299262,-0.9959789351728857,-0.022875663699662353,-0.08661792367740082,191.60835666395224,0.0,0.0,0.0,1.0
2026-07-17T22:13:22.463,71,random,15,1,62.5230880119624,28.46151777657339,9.052414632596356,-9.579984668851754,10.337815966334258,4.065183057292792,326.708466,-482.156097,23.152458,173.30002327892151,10.62590338115771,-176.03801669451317,703.3086029199752,-578.0150266543503,188.3149605533409,-167.79301429017934,84.70066605444137,-170.30262145075412,0.1839995959881673,0.5216793322522689,16,16,10,-0.9805031812030752,-0.09008478546957617,0.17463746183894732,326.708466,-0.06790973058883126,0.9893106669744833,0.12904523509938484,-482.156097,-0.18439571617041892,0.11466968054984536,-0.9761398896780086,23.152458,0.0,0.0,0.0,1.0,-0.1213693491170081,0.9821075685449734,-0.1439937668845283,-0.10432107276744997,-0.9540611694422159,-0.15545587815333775,-0.25612644320750433,0.005823353095078769,-0.2739283958582355,0.10629296192249367,0.9558582741119509,0.5732031361470107,0.0,0.0,0.0,1.0,-0.09103931071258092,0.0428960576727248,0.9949229980963937,703.3086029199752,-0.015557347378705183,0.9988886604294399,-0.04449059460177133,-578.0150266543503,-0.9957257719108793,-0.019528755762186472,-0.09027078625371826,188.3149605533409,0.0,0.0,0.0,1.0
2026-07-17T22:13:29.436,72,random,15,2,62.5230880119624,28.46151777657339,9.052414632596356,13.84034850611894,-0.006599005691967363,2.234576129675709,326.708801,-482.158295,23.149664,-163.28076761124834,0.28218171410193044,-177.86855955417664,707.1872694378193,-573.995469657016,191.15382541117987,-164.09538153851608,85.0636426571923,-166.97907476398902,0.33340329872669605,0.608878195146255,22,22,10,-0.9992960160831874,-0.03420396761774635,0.015413008774213224,326.708801,-0.03719162286565299,0.9571160611617617,-0.2873075506401002,-482.158295,-0.004924980090198625,-0.28767852555482637,-0.9577143679123292,23.149664,0.0,0.0,0.0,1.0,0.2709229868341302,0.9607816470073626,-0.059155405321013245,-0.14374389753148809,-0.9584400939291661,0.26353429191343175,-0.10928066313276383,0.02665016757170334,-0.08940537765662825,0.08630355589143246,0.9922491495015602,0.5576224613004754,0.0,0.0,0.0,1.0,-0.08383663319997127,0.04931839888058857,0.9952583154465721,707.1872694378193,-0.019387464873160405,0.9985047068421973,-0.05111239203724894,-573.995469657016,-0.9962908938354728,-0.023580626493641354,-0.08275511413007608,191.15382541117987,0.0,0.0,0.0,1.0
2026-07-17T22:13:36.806,73,random,15,3,62.5230880119624,28.46151777657339,9.052414632596356,-11.898206381205114,8.079231131635382,6.11288484263881,326.708893,-482.157837,23.149607,170.98120578624759,8.367876710547137,-173.99032283049513,703.804497294697,-578.2199048689475,187.9243726305342,-168.17717211097062,84.44629015764866,-170.83277573890064,0.2585595737957475,0.6472474231335728,17,17,10,-0.9839168140244704,-0.1260894952669411,0.12652723921457998,326.708893,-0.10358184512847812,0.9798207258320781,0.17094486418047058,-482.157837,-0.14552836300775007,0.15508960124143592,-0.9771226694469108,23.149607,0.0,0.0,0.0,1.0,-0.15742199094258505,0.969820812880802,-0.18618782900848344,-0.11061654678089264,-0.9578115102723368,-0.1958522715136854,-0.21033068851870895,0.027713610263787453,-0.2404483885525062,0.14522216995400317,0.9597369919912191,0.5650598212307454,0.0,0.0,0.0,1.0,-0.09554270693732655,0.04538296519987895,0.9943902541863301,703.804497294697,-0.015418458637736145,0.9987728530746641,-0.04706441430986934,-578.2199048689475,-0.9953059139200992,-0.019828626547525156,-0.09472572662647778,187.9243726305342,0.0,0.0,0.0,1.0
2026-07-17T22:13:40.477,74,random,15,4,62.5230880119624,28.46151777657339,9.052414632596356,-5.365408164902503,9.085574010104185,1.015384651898536,326.708954,-482.158081,23.149652,177.51372679165215,9.374277077694424,-179.08775644643555,704.0956196735863,-577.0370861363842,189.08946650215074,-167.15004854526865,84.4068654048583,-169.6733288431747,0.1421335610021169,0.36095041301629505,16,16,10,-0.986520333125641,-0.02297096954765249,0.16201841527343513,326.708954,-0.01570836237740896,0.9988195200024437,0.045965354491270025,-482.158081,-0.16288302453323505,0.04280071284603723,-0.9857166019190184,23.149652,0.0,0.0,0.0,1.0,-0.057845100825436174,0.9957463853980904,-0.07171527227259619,-0.09083359762327926,-0.9646854928650017,-0.07424237645147014,-0.25272508659538734,0.004787187661245135,-0.25697440371815805,0.05456377466300986,0.9648766503176566,0.5778380042193851,0.0,0.0,0.0,1.0,-0.09588490151999816,0.04298364543978147,0.9944639218620289,704.0956196735863,-0.017471352244153325,0.998840611404441,-0.044857383561275305,-577.0370861363842,-0.9952390856026807,-0.021675775278171768,-0.09502275124847326,189.08946650215074,0.0,0.0,0.0,1.0
2026-07-17T22:13:46.817,75,random,15,5,62.5230880119624,28.46151777657339,9.052414632596356,4.837772129745996,-10.659017529160941,-4.119846937168843,326.693329,-482.176117,23.094477,-172.21140346817296,-10.296223465839432,175.8059687874852,706.0933534781834,-576.3494304526578,187.26585677530267,-164.46193115658497,86.2106665773164,-166.89953490174307,0.3188439802724605,0.6611638184912684,24,24,10,-0.9812620452602554,0.04830229131171112,-0.18652529905001908,326.693329,0.07195660676572715,0.9898931110951573,-0.12220423621590604,-482.176117,0.17873736395735215,-0.13333610636428922,-0.9748202077640717,23.094477,0.0,0.0,0.0,1.0,0.1151073866315232,0.9932533294135797,0.014075267375771935,-0.09128559628546702,-0.9865258883633352,0.11264639594398615,0.11864847689609176,0.11729690372444967,0.11626246656506482,-0.027542931755154716,0.992836555420145,0.5297236764169128,0.0,0.0,0.0,1.0,-0.06436814009771398,0.04196098080749399,0.9970436392806657,706.0933534781834,-0.014979486220183393,0.9989623910471218,-0.043008792891640175,-576.3494304526578,-0.9978137890072174,-0.017703597461809,-0.06367279720547747,187.26585677530267,0.0,0.0,0.0,1.0
2026-07-17T22:14:06.595,76,random,16,1,-115.69054052019581,51.14790337659997,-26.52349470671665,4.453564870592263,-2.7680176279536255,2.5594308638652343,148.495041,-459.472168,-12.426761,-172.6675351688766,-2.4791883795310716,-177.54392166745558,707.2914226602554,-574.7587356409938,189.6171962065051,-162.87656102932144,85.4865661214668,-165.62951399863363,0.27703114329965695,0.44949968712132704,24,24,10,-0.9981462251322997,-0.04801869163920706,-0.03739409722669127,148.495041,-0.04281341560826081,0.9906745836368974,-0.1293479059738272,-459.472168,0.043256498911664394,-0.12750715505068122,-0.9908939401937963,-12.426761,0.0,0.0,0.0,1.0,0.11142352468542192,0.9899972062161096,-0.08654669162350927,-0.16130619371530033,-0.9931979389849662,0.10797361419496071,-0.04358385748981746,0.10418774296315494,-0.03380313805983333,0.09081426276733945,0.9952939854813411,0.7240849730222967,0.0,0.0,0.0,1.0,-0.07623062682102458,0.04714511882754828,0.9959750143980566,707.2914226602554,-0.01953084749875954,0.9986192997413962,-0.048765153337025316,-574.7587356409938,-0.9968989103868322,-0.02316963432468834,-0.0752045910487276,189.6171962065051,0.0,0.0,0.0,1.0
2026-07-17T22:14:12.968,77,random,16,2,-115.69054052019581,51.14790337659997,-26.52349470671665,-11.030779243868016,2.2234208025671265,-13.325397367358953,148.495132,-459.471436,-12.425696,171.8485492965166,2.512018861192068,166.57166529914124,707.1595402078807,-578.4035765550731,187.54781414516427,-168.47932070867688,83.56564621895859,-171.11721829957463,0.3158053198379203,0.6242645171747592,24,24,10,-0.9717264729801894,0.22383805564881232,0.07512780146417486,148.495132,0.23200578521571769,0.9642772858852067,0.12783830236786517,-459.471436,-0.04382895545092929,0.14165394724192706,-0.9889454898501038,-12.425696,0.0,0.0,0.0,1.0,-0.18223131328186273,0.9699213376242652,0.16138261145713445,0.04419383025036888,-0.9721856726862766,-0.15317661782985267,-0.17717771184248657,0.0689957551481484,-0.14712840066791813,-0.18918118979265408,0.9708572043022272,0.7592265696917926,0.0,0.0,0.0,1.0,-0.11072069249570425,0.04478075856797445,0.9928421888272825,707.1595402078807,-0.017304310067663586,0.9987460842381838,-0.04697680355215621,-578.4035765550731,-0.9937009052558795,-0.0223817533042549,-0.1098069579428987,187.54781414516427,0.0,0.0,0.0,1.0
2026-07-17T22:14:18.539,78,random,16,3,-115.69054052019581,51.14790337659997,-26.52349470671665,-12.586910761409802,-13.30409489025332,-3.896182312387001,148.48616,-459.475708,-12.455679,170.32184595561105,-12.999610230605194,176.00753533981222,703.0387316811842,-579.3495881655712,185.45897026724032,-160.97875440725926,86.84912513059885,-163.37663351289788,0.19146064013890457,0.5542880951052279,24,24,10,-0.9720070054189588,0.10635877573915915,-0.20949986214729469,148.48616,0.06784089222465355,0.9807424307688475,0.18314447256681085,-459.475708,0.22494442593367628,0.16380505276968604,-0.9605039874610044,-12.455679,0.0,0.0,0.0,1.0,-0.18458079563740554,0.9812106840483656,0.05617404552994747,-0.02066444844514871,-0.967206085656888,-0.1914987251633548,0.16685510519337074,0.22623073567622687,0.17447727001000246,-0.023533630619776896,0.984379931977338,0.6826415383687894,0.0,0.0,0.0,1.0,-0.052668200325999476,0.0413665567490962,0.9977549141232754,703.0387316811842,-0.01572446343603715,0.9989834268857481,-0.04224753314994518,-579.3495881655712,-0.9984882582805215,-0.017914262204478146,-0.051964192340495784,185.45897026724032,0.0,0.0,0.0,1.0
2026-07-17T22:14:23.340,79,random,16,4,-115.69054052019581,51.14790337659997,-26.52349470671665,-12.953569270406083,1.6601648292302222,-3.2915025261773447,148.496918,-459.465546,-12.393349,169.91120710384075,1.9394048407383226,176.60134879868582,708.3321012645756,-578.8691357423968,187.46300219499642,-167.46158814486017,84.48885915068884,-169.9415487950595,0.22162197660375038,0.49765524183151455,24,24,10,-0.99766940853965,0.052448299319848055,0.043645471272520865,148.496918,0.059248915441463226,0.9831573308392775,0.1728908003220473,-459.465546,-0.033842536594575146,0.17507380933607208,-0.9839734976112932,-12.393349,0.0,0.0,0.0,1.0,-0.19571523367459134,0.9806316084719181,-0.007562788736852981,-0.047540498598404826,-0.9723978788110803,-0.1950594030464662,-0.12803981633408845,0.09086286468853927,-0.1270350840965232,-0.01770530284786579,0.9917401926208572,0.7523686152382848,0.0,0.0,0.0,1.0,-0.0945631846864728,0.04228188067549341,0.9946205541152349,708.3321012645756,-0.016773528289253534,0.9988881510162215,-0.04405803568163055,-578.8691357423968,-0.9953775428703829,-0.02084956416661064,-0.0937488283840427,187.46300219499642,0.0,0.0,0.0,1.0
2026-07-17T22:14:29.812,80,random,16,5,-115.69054052019581,51.14790337659997,-26.52349470671665,8.476657109552328,-7.873148842585202,-2.8506112768896443,148.495148,-459.471802,-12.426253,-168.64445471458606,-7.584356925705731,177.0461932308254,706.3262503562486,-574.7501245024339,189.45460079289765,-159.16886533888905,86.0315611940981,-162.26755901218615,0.26783135345246695,0.48170210619042175,24,24,10,-0.9899346401301542,0.024569030512487315,-0.13937636460339559,148.495148,0.0510800086621847,0.9804608114825089,-0.1899669178097366,-459.471802,0.13198576054049668,-0.19517417832986145,-0.9718471068680558,-12.426253,0.0,0.0,0.0,1.0,0.1724199781711691,0.9848842512935234,-0.01656389692822427,-0.13322243801203326,-0.9827086895716971,0.17314262311344666,0.06561450679287759,0.15004672718373507,0.06749061095983058,0.004964233615595934,0.9977075592661805,0.711459351250006,0.0,0.0,0.0,1.0,-0.06591887923933616,0.053243907406523815,0.9964034261703019,706.3262503562486,-0.021078530141724127,0.9982782095978597,-0.054738576974154095,-574.7501245024339,-0.997602324038439,-0.024611025297140113,-0.06468307743861057,189.45460079289765,0.0,0.0,0.0,1.0
2026-07-17T22:14:53.464,81,random,17,1,-111.11913042871772,0.1359100448227462,3.1698128136529986,10.520522418055599,1.5956978112837454,-0.05624961224652658,153.066727,-510.483643,17.266918,-166.60059966779534,1.8843435966262512,179.84056569345793,726.5429547007535,-573.489688139111,187.87268362771817,-171.6762722824767,81.41467340609546,-170.9590793659683,0.4437848283177792,1.2639456611796573,24,24,10,-0.9994553689877992,0.010326888418472967,0.031341997017654076,153.066727,0.0027811452486405513,0.9727533336451618,-0.23182583357626557,-510.483643,-0.032882071597881306,-0.23161240739178207,-0.9722522625890953,17.266918,0.0,0.0,0.0,1.0,0.2046756305735978,0.9772887304524396,0.05490558787554782,-0.08938152752670922,-0.9621753674789386,0.21117978142819613,-0.17210944812156315,0.031291522489282936,-0.17979557410033722,-0.01760219436884755,0.9835464982843116,0.7589489947258441,0.0,0.0,0.0,1.0,-0.14742749195792637,-0.014119052075609552,0.9889720860486819,726.5429547007535,-0.023458167049325917,0.9996667536047381,0.01077479169403353,-573.489688139111,-0.9887946445110235,-0.02161097188582998,-0.14770956935983645,187.87268362771817,0.0,0.0,0.0,1.0
2026-07-17T22:14:59.736,82,random,17,2,-111.11913042871772,0.1359100448227462,3.1698128136529986,-3.744936601183257,13.95124186547421,-14.47706577234291,153.066788,-510.483551,17.267204,179.13422332362063,14.2399492655044,165.41979094781027,695.2591412130881,-575.0659802539263,187.7965080735679,-166.56208973513864,82.50633960467185,-171.1268568775214,0.21619666845346716,0.426177059060417,16,16,10,-0.9380597485694484,0.24810921029469732,0.24183822667387564,153.066788,0.2440002865390143,0.9686213502149672,-0.04729207202706171,-510.483551,-0.24598326829827694,0.014645807409478991,-0.9691634186465264,17.267204,0.0,0.0,0.0,1.0,-0.06597617140682474,0.9840679272610044,0.16509833234387253,0.07996453610455606,-0.930675193418204,-0.001018189692784698,-0.3658451142843625,-0.07090631079779613,-0.35984834189208953,-0.17778998235553098,0.9159147847979822,0.7463143093313378,0.0,0.0,0.0,1.0,-0.12885570251881653,0.0776249273521921,0.9886205432732768,695.2591412130881,-0.020116387978767,0.9965218587450256,-0.08086727383835067,-575.0659802539263,-0.991459297633075,-0.030307683793486587,-0.12684599102850672,187.7965080735679,0.0,0.0,0.0,1.0
2026-07-17T22:15:04.338,83,random,17,3,-111.11913042871772,0.1359100448227462,3.1698128136529986,1.2618795806403398,1.7506824602122357,-11.042528602310732,153.066727,-510.483704,17.267063,-175.85908197509383,2.039672454886216,168.8542145633834,710.4224711495839,-575.7433228213082,188.31259198428296,-168.30738716670214,83.56600082390429,-169.4167385413303,0.34639841637963903,0.6872356001687108,24,24,10,-0.9805168778510002,0.19532300789246332,0.020870429731264933,153.066727,0.1931835880663247,0.9780804053766537,-0.07770985729018691,-510.483704,-0.035591481440753955,-0.072164002148449,-0.9967575448637302,17.267063,0.0,0.0,0.0,1.0,0.030064165362222516,0.982843118423133,0.18197678568807094,0.03819191606086337,-0.9897799967929983,0.05466291670310979,-0.13170999766897315,0.05178735197128567,-0.1393976467144439,-0.17615723120496085,0.974441853567814,0.7451915651959802,0.0,0.0,0.0,1.0,-0.110152388255418,0.018105897262891656,0.9937497813061056,710.4224711495839,-0.020581153694373973,0.9995781291330199,-0.020493410441848103,-575.7433228213082,-0.9937015988083323,-0.022709915086478804,-0.10973327791754295,188.31259198428296,0.0,0.0,0.0,1.0
2026-07-17T22:15:11.711,84,random,17,4,-111.11913042871772,0.1359100448227462,3.1698128136529986,13.544205866395185,-0.29227733222205465,14.573853801427024,153.065475,-510.478821,17.264742,-163.57687219977194,-0.003953408786402679,-165.52974154869582,705.5759921309437,-572.2092118828477,190.15320423574315,-163.37292414348912,85.70238973423315,-164.91050806063956,0.4256036363940258,1.1320884279509658,24,24,10,-0.968277476875357,-0.23970128928280882,0.07058342363509694,153.065475,-0.2498774159760989,0.928766813143173,-0.2737763389867394,-510.478821,6.899999994524848e-05,-0.28272866625093684,-0.9591999252079654,17.264742,0.0,0.0,0.0,1.0,0.281158332128694,0.9280546855895193,-0.24426316306383328,-0.23315114605103024,-0.9567368399147431,0.2512135663134275,-0.14678679521687257,0.007936195732218564,-0.07486395277142405,0.27496589725896337,0.958534894471772,0.6995465296097635,0.0,0.0,0.0,1.0,-0.07235333232327638,0.026055866989934135,0.9970386587776429,705.5759921309437,-0.019508192354063612,0.9994304911352795,-0.0275340483796106,-572.2092118828477,-0.9971882599252734,-0.021442602092487037,-0.07180382359393435,190.15320423574315,0.0,0.0,0.0,1.0
2026-07-17T22:15:16.946,85,random,17,5,-111.11913042871772,0.1359100448227462,3.1698128136529986,2.5493367572228927,12.420397873175805,11.566825583373369,153.063812,-510.488342,17.290388,-174.5603585408708,12.70298998006597,-168.53404574746435,700.5064252241311,-574.6442097780082,189.06063808762903,-162.50870557179385,86.16504580867527,-164.02182859449783,0.23708231683199626,0.685022268287695,17,17,10,-0.9560545541963961,-0.1774608182519586,0.2333824059042921,153.063812,-0.19391995615063004,0.9797732943218419,-0.04938969872618022,-510.488342,-0.21989711232043993,-0.09247675231684141,-0.9711299142102778,17.290388,0.0,0.0,0.0,1.0,0.08564172486496624,0.976537938177215,-0.19758327424847422,-0.17039257488443593,-0.9548585280118177,0.02382970844891202,-0.2961035907893479,-0.06612088491837623,-0.28444803821657705,0.21402289666256308,0.9344963955301844,0.7287156824446193,0.0,0.0,0.0,1.0,-0.06429871237460578,0.025758908803733986,0.9975981927631027,700.5064252241311,-0.01841085122036625,0.9994660455752087,-0.026993782610014307,-574.6442097780082,-0.9977608511784327,-0.020102297368611927,-0.06379013635504024,189.06063808762903,0.0,0.0,0.0,1.0
2026-07-17T22:15:38.995,86,random,18,1,-102.03032130842308,57.43538811025761,29.750159155349582,-7.853864480845326,0.057892450614552615,-0.7708846511029108,162.155487,-453.184143,43.8475,175.02525649583995,0.3465821702746349,179.12597273137078,707.619259122715,-578.0437943526392,188.30058344431598,-167.1952734794407,84.5637565204654,-170.10922504179143,0.21052405547772554,0.4166691476725455,24,24,10,-0.9998653570121423,0.014672115717963195,0.007348256074741705,162.155487,0.015253782883760962,0.9961251101068114,0.08661458954718927,-453.184143,-0.00604896311084488,0.08671501620279895,-0.9962147941133137,43.8475,0.0,0.0,0.0,1.0,-0.10390448561610238,0.9935773016808658,-0.04481075153826878,-0.09834647489558673,-0.9896387454117206,-0.1077713255518238,-0.09487093848339481,0.04871275875837419,-0.09909092515851553,0.03448893987025451,0.9944805184506409,0.7281687026363456,0.0,0.0,0.0,1.0,-0.09332996297408612,0.04985410861901482,0.9943862860403193,707.619259122715,-0.016273201982980896,0.9985357813634369,-0.05158949732390688,-578.0437943526392,-0.9955022355115427,-0.020996694756931982,-0.09238202152371057,188.30058344431598,0.0,0.0,0.0,1.0
2026-07-17T22:15:44.299,87,random,18,2,-102.03032130842308,57.43538811025761,29.750159155349582,-12.975097363808189,-8.206366656413643,-14.77467946099471,162.143921,-453.192261,43.802071,169.93171899290644,-7.884987880810877,165.1283846132067,701.325199585461,-579.8471441622232,186.15792217005776,-160.29805315018746,86.74292000220467,-162.37768080645614,0.3464697311529973,1.0104564657092887,24,24,10,-0.9573654828870769,0.2758811385088995,-0.08567922496981115,162.143921,0.25422746365492693,0.9454639912312139,0.2036326054656422,-453.192261,0.13718501703894964,0.17316881561117317,-0.9752911526307653,43.802071,0.0,0.0,0.0,1.0,-0.204090573260839,0.9512365648869443,0.23129210001240394,0.059153907797801955,-0.9748526467474545,-0.21908121662748276,0.04081344938257105,0.10882610009208349,0.08949500005890698,-0.21714607558762783,0.9720278940551802,0.708863604974126,0.0,0.0,0.0,1.0,-0.05414993499585093,0.03576936015423605,0.9978919467628254,701.325199585461,-0.017200590440371134,0.9991764942327808,-0.03674878312532532,-579.8471441622232,-0.9983846574484437,-0.019154274897425078,-0.05349008809776017,186.15792217005776,0.0,0.0,0.0,1.0
2026-07-17T22:15:50.371,88,random,18,3,-102.03032130842308,57.43538811025761,29.750159155349582,2.025072184415187,0.8620472790885962,-3.330657200602845,162.155853,-453.184509,43.846649,-175.09578760042058,1.150785731520259,176.56616919006478,707.9089486588001,-575.8902393500734,189.6479134057234,-165.49574748155388,84.17049618074873,-168.81849500335318,0.1947033122528475,0.4127889067274853,24,24,10,-0.998003301215751,0.061390377421734615,0.01485369726633075,162.155853,0.05988370212621752,0.9944473840105111,-0.08653521048861854,-453.184509,-0.020083649621552232,-0.08547293135647122,-0.9961380552027971,43.846649,0.0,0.0,0.0,1.0,0.05932735627799983,0.9981803047012998,0.010786292388151434,-0.09548246549239288,-0.9912109278430279,0.060186146661741394,-0.11780714865649604,0.024513370502144034,-0.11824196091754226,-0.0037023042056065075,0.9929779109436135,0.7349396860303657,0.0,0.0,0.0,1.0,-0.09964059149533182,0.05668976701911431,0.9934072794386895,707.9089486588001,-0.01969594566219289,0.9980677213331244,-0.05893125959434541,-575.8902393500734,-0.9948285391216577,-0.025438041359796142,-0.09833149953521952,189.6479134057234,0.0,0.0,0.0,1.0
2026-07-17T22:15:54.411,89,random,18,4,-102.03032130842308,57.43538811025761,29.750159155349582,-8.359568554356493,0.1805036054692195,-4.564076339813944,162.155487,-453.184021,43.847477,174.51990772053455,0.4692524342121442,175.33276294448666,708.5471432136471,-578.6517471398543,188.000808912903,-167.6342972394563,84.36192600065355,-170.1817514197873,0.19770348557251327,0.4542909849443707,24,24,10,-0.9966506514026189,0.0802171549385112,0.015896135137399587,162.155487,0.08136586789592161,0.9921923153258563,0.0945198653715722,-453.184021,-0.00818990844143057,0.09549668822471062,-0.9953960558179008,43.847477,0.0,0.0,0.0,1.0,-0.11942228474880191,0.9925108513807293,0.025700735337278933,-0.061391963759532875,-0.9874583477824879,-0.11604226585222238,-0.10705234201343648,0.044663334997209196,-0.10326823955145072,-0.03816284092389914,0.993921157976105,0.7359509931064782,0.0,0.0,0.0,1.0,-0.09680530279805702,0.04342600001682012,0.9943555279037352,708.5471432136471,-0.016752933176793893,0.998835091636394,-0.04525261258415183,-578.6517471398543,-0.9951623347877222,-0.02103906457655844,-0.09596502061476903,188.000808912903,0.0,0.0,0.0,1.0
2026-07-17T22:16:00.579,90,random,18,5,-102.03032130842308,57.43538811025761,29.750159155349582,8.423836947641178,-0.29100669398540013,9.710800778258914,162.155518,-453.184021,43.847252,-168.6969949443995,-0.0022918311805232945,-170.39237706019165,699.8664547389735,-574.0636046561895,190.9394042433633,-159.1082150132511,85.75637303047763,-163.1120661059469,0.4309623922254272,0.898920929318523,24,24,10,-0.985973839740858,-0.16367052987523645,0.032673307102714697,162.155518,-0.16689992734171272,0.966848958298927,-0.19325502862696878,-453.184021,3.999999998933336e-05,-0.1959975752060184,-0.9806043794075984,43.847252,0.0,0.0,0.0,1.0,0.18626543678811283,0.9581116433653298,-0.2175483070628706,-0.22820943864490606,-0.9797567731794747,0.1646016533377851,-0.11394279761095866,0.0013098266978776524,-0.07336111004529419,0.23436803230444045,0.9693759709043065,0.6899882395517765,0.0,0.0,0.0,1.0,-0.07080640415950562,0.06888802800536145,0.9951084828939675,699.8664547389735,-0.02149634365885139,0.9972753491125136,-0.07056759356684333,-574.0636046561895,-0.997258422044809,-0.02638783147678435,-0.06913264070358893,190.9394042433633,0.0,0.0,0.0,1.0
2026-07-17T22:16:20.360,91,random,19,1,9.580005030635826,-45.44763710604478,11.323231638877246,-9.805792890999573,-13.51202513693671,11.05012888034349,273.765381,-556.066833,25.420115,173.07336117516778,-13.223235658044757,-169.0530309182938,709.1169031316304,-578.4970745380143,184.95551715242908,-168.76868458285594,86.00230588542037,-170.3901037640309,0.24580540619920246,0.4274471587750061,24,24,10,-0.9557720481286986,-0.16142996194446368,-0.24584580411811327,273.765381,-0.1848653781978321,0.9798762177664041,0.07528206824722146,-556.066833,0.22874567528074757,0.11740087411265647,-0.9663811105345235,25.420115,0.0,0.0,0.0,1.0,-0.11742301520195479,0.9733199274820548,-0.1971297904103015,-0.06802804422742055,-0.9800525577597532,-0.0815267367834922,0.18124672470972011,0.16088993910839805,0.1603397004158591,0.21448009221315387,0.9634777997000188,0.5554572075821579,0.0,0.0,0.0,1.0,-0.06873801240219662,0.027828072002518387,0.9972465512899096,709.1169031316304,-0.01163837711817962,0.9995204939431852,-0.028693733908753325,-578.4970745380143,-0.9975668568216626,-0.013578681681001183,-0.06838117851247962,184.95551715242908,0.0,0.0,0.0,1.0
2026-07-17T22:16:25.496,92,random,19,2,9.580005030635826,-45.44763710604478,11.323231638877246,6.413016508539375,-9.7515198949664,9.917710641202532,273.76593,-556.067261,25.420473,-170.70813410108826,-9.462856352821651,-170.18542470459036,708.6128453333511,-574.5042395128584,187.27312409841204,-166.528263032616,86.11720847249732,-168.00458106255462,0.2632452136689195,0.629042331533445,24,24,10,-0.9719561119396821,-0.1943809458423167,-0.13235318037940172,273.76593,-0.16814061321600565,0.9679102247912347,-0.1867579474398007,-556.067261,0.16440818303977967,-0.159266583557343,-0.9734495902261865,25.420473,0.0,0.0,0.0,1.0,0.1581542674135147,0.9650875523960576,-0.2087899516477748,-0.12264901349610546,-0.9826102261855324,0.17465931031660545,0.0630180031050124,0.10966551684725945,0.09728499932934133,0.19519257549895064,0.9759280134188055,0.5729422119561045,0.0,0.0,0.0,1.0,-0.06623701489961488,0.025240700709336348,0.9974846188713332,708.6128453333511,-0.014073577007906603,0.9995569234184757,-0.026227681490985175,-574.5042395128584,-0.9977046618550949,-0.015775419927588397,-0.0658524398843169,187.27312409841204,0.0,0.0,0.0,1.0
2026-07-17T22:16:30.299,93,random,19,3,9.580005030635826,-45.44763710604478,11.323231638877246,-0.4470863915622907,-10.475763164836497,-1.9676986364375573,273.760101,-556.081604,25.400398,-177.5666107961427,-10.177678498026866,177.93296001034938,708.2423816618541,-577.3764968461331,186.35225038806942,-167.04140748380559,86.13757462358504,-167.745531524048,0.2415938845922061,0.6234065276668633,24,24,10,-0.9836240696673593,0.028538821414128824,-0.1779584930350741,273.760101,0.03550126808907542,0.9987187536892733,-0.036062598262078846,-556.081604,0.17670130032087952,-0.041789791835291065,-0.9833769693069253,25.400398,0.0,0.0,0.0,1.0,0.02553695894007726,0.999503130856419,0.018475798665020346,-0.01009414103462688,-0.9933733256111877,0.023299937983777226,0.11254576337704411,0.13282820755699687,0.11205935789688552,-0.021227442101432868,0.9934747586172326,0.5796828231968012,0.0,0.0,0.0,1.0,-0.06582614367751041,0.01179124021733785,0.997761437149525,708.2423816618541,-0.014297632666720548,0.999816378573378,-0.01275879447849122,-577.3764968461331,-0.9977286687815862,-0.015105488755876051,-0.0656454697657869,186.35225038806942,0.0,0.0,0.0,1.0
2026-07-17T22:16:35.238,94,random,19,4,9.580005030635826,-45.44763710604478,11.323231638877246,-1.6661287814762158,3.6908918519635847,-8.050485847606282,273.767822,-556.055542,25.453814,-178.83084217109888,3.9580497445432408,171.8323345909144,708.8992466660375,-575.7513702143353,188.05512021290298,-168.06852435969955,83.97754364736157,-168.25441419761424,0.3511485158032296,0.7153990803586708,20,20,10,-0.9874956152474177,0.1434348963622509,0.06541284562434461,273.767822,0.14173147754122828,0.98945039352999,-0.030001783569117757,-556.055542,-0.06902606856184335,-0.02035557046359118,-0.9974071649080918,25.453814,0.0,0.0,0.0,1.0,-0.015623110111215865,0.9899620117844838,0.1404675537413185,0.04511514347726976,-0.985823800564708,0.008220772803895122,-0.167582377160194,0.0311256131568826,-0.16705493907875807,-0.1410944156163671,0.9757996788333496,0.6237056216591872,0.0,0.0,0.0,1.0,-0.10272137894621246,0.0021272376634795917,0.9947078933874565,708.8992466660375,-0.021357821403340204,0.9997624599844552,-0.0043436241473225464,-575.7513702143353,-0.9944808503798811,-0.02169097659749962,-0.10265154534616218,188.05512021290298,0.0,0.0,0.0,1.0
2026-07-17T22:16:40.040,95,random,19,5,9.580005030635826,-45.44763710604478,11.323231638877246,3.127213090969331,11.795212319307332,4.163435503022576,273.766022,-556.067383,25.41993,-173.99376057726593,12.083737195088574,-175.9399836157663,701.3710348058236,-574.3218351436279,189.09895927943515,-165.13804833717762,84.40075636020616,-167.65128750506005,0.16549370554760895,0.30909341749899977,16,16,10,-0.975388734852302,-0.048562907860203224,0.21507779965256046,273.766022,-0.06923259971784677,0.9935656044294239,-0.0896339044731513,-556.067383,-0.20934102096706686,-0.10231829589548011,-0.9724748342581987,25.41993,0.0,0.0,0.0,1.0,0.08572664749473291,0.9928390257927556,-0.0831962184970216,-0.05015009796476,-0.949205606480247,0.05601321129628425,-0.30963080723136105,-0.0364308262242716,-0.3027534616412837,0.10551392810036116,0.9472101944347155,0.6300820443791018,0.0,0.0,0.0,1.0,-0.09531239794625176,0.042654748472441946,0.9945331162060356,701.3710348058236,-0.02086636554582095,0.998776393142295,-0.04483649507459392,-574.3218351436279,-0.9952286880846247,-0.02502576541124447,-0.09430572346860945,189.09895927943515,0.0,0.0,0.0,1.0
2026-07-17T22:16:58.386,96,random,20,1,68.17449131651429,-16.339365763669207,42.983599817169875,-8.487844538738393,8.224596900451004,14.102040141163581,332.359192,-526.953918,57.080421,174.39282568157458,8.512433962258639,-166.00117122252948,699.5705680192423,-578.1277518163885,187.63284726120395,-165.91002801385193,85.99292140150952,-168.73693573939204,0.27312581543985665,0.6818641436954688,16,16,10,-0.9596116096197456,-0.2547781195594404,0.1193049390291809,332.359192,-0.23923721073229157,0.9621593064969884,0.13044165715854422,-526.953918,-0.1480240375210533,0.09663114774745028,-0.9842516474972122,57.080421,0.0,0.0,0.0,1.0,-0.0920660060878078,0.9468160705688557,-0.308323173043465,-0.12467937352775094,-0.97188880801996,-0.15282608251344182,-0.1790986693114568,-0.010638490508283527,-0.21669332100593128,0.28316694195499853,0.9342700292823666,0.5394625115911491,0.0,0.0,0.0,1.0,-0.06853388767398519,0.048735173388680615,0.9964577206861633,699.5705680192423,-0.013648483579202873,0.9986668506637424,-0.04978192725628524,-578.1277518163885,-0.9975554245936795,-0.017011885848931898,-0.06777736055339662,187.63284726120395,0.0,0.0,0.0,1.0
2026-07-17T22:17:02.823,97,random,20,2,68.17449131651429,-16.339365763669207,42.983599817169875,0.4618301479840845,1.3886235017847,8.393182483256972,332.359894,-526.959351,57.081234,-176.65921753599403,1.6774485368045116,-171.70989351009496,706.0165811832777,-575.8747597672876,188.24800299000276,-166.52418602757032,85.3808864679522,-168.54284242373024,0.21061429797650538,0.5532210483036171,19,19,10,-0.9891266381238155,-0.14225226592572013,0.03732005617461833,332.359894,-0.14412354386004325,0.9881150092131804,-0.05345215311714432,-526.959351,-0.02927281775129708,-0.058249647266182265,-0.9978727778300521,57.081234,0.0,0.0,0.0,1.0,0.05348170498542025,0.9835410876535603,-0.17258805326297774,-0.10362797804158627,-0.9925412466605354,0.03339731981958133,-0.11724543789170862,0.01232822565612829,-0.10955172709456634,0.17757124746456163,0.9779912428874183,0.5463835416688444,0.0,0.0,0.0,1.0,-0.0789267301604559,0.034483112830559416,0.9962838381684679,706.0165811832777,-0.015996374422032212,0.9992290670132791,-0.03585230314948375,-575.8747597672876,-0.9967520691082252,-0.018766634362272164,-0.0783142781565666,188.24800299000276,0.0,0.0,0.0,1.0
2026-07-17T22:17:08.569,98,random,20,3,68.17449131651429,-16.339365763669207,42.983599817169875,-11.488350370005286,6.259503936309585,-7.378720782796405,332.36026,-526.958862,57.081173,171.39098520132515,6.548105457432127,172.51839425480404,707.4878008351034,-578.0191852453784,187.40162332212924,-170.12919238982482,82.55443807235092,-171.20435392128678,0.28167415260459644,0.46495098545564073,14,14,10,-0.9850187114350201,0.1118157850410994,0.1312835417656575,332.36026,0.12935847537333295,0.9825381716152922,0.1337352839304772,-526.958862,-0.11403737532922835,0.14871439585501195,-0.9822828032158047,57.081173,0.0,0.0,0.0,1.0,-0.18124845881356727,0.9807828454850102,0.0722080755873746,0.016656990862622997,-0.954538477628844,-0.15777872734097112,-0.25290742955609674,-0.016407968089103914,-0.23665437013441187,-0.11476446837322433,0.9647921153778651,0.570974134570732,0.0,0.0,0.0,1.0,-0.12806022934027952,0.017335605207831922,0.991614872041254,707.4878008351034,-0.01981480649148911,0.9996029233094109,-0.020034199634204164,-578.0191852453784,-0.9915684298650392,-0.02221424100338528,-0.1276658779456112,187.40162332212924,0.0,0.0,0.0,1.0
2026-07-17T22:17:11.796,99,random,20,4,68.17449131651429,-16.339365763669207,42.983599817169875,-6.179043294175276,2.621222232291366,-7.230255753688914,332.359955,-526.960449,57.062977,176.70041320146396,2.9165843603339416,172.6678789435537,709.3696800041196,-577.5375506985389,187.56751802488697,-169.8930019807629,83.87111146703492,-170.15641109379746,0.3142934915798954,0.6686986496563031,16,16,10,-0.9905383149612904,0.12450443668920232,0.057727738898659585,332.359955,0.12745535194756616,0.9905525900378993,0.050603355907799706,-526.960449,-0.050882018961215025,0.057482272170764244,-0.9970490502139384,57.062977,0.0,0.0,0.0,1.0,-0.08833086931219962,0.9897446233915479,0.11226414384866674,0.009841801900604248,-0.9843539282195513,-0.06948313521927829,-0.16192417336160073,0.008914880788212433,-0.1524631152944518,-0.12481055399132958,0.9803965137061065,0.566529234558028,0.0,0.0,0.0,1.0,-0.10519361589136993,0.0036090652493733066,0.9944452110718444,709.3696800041196,-0.018252519189687226,0.9998179530834097,-0.0055593376702010675,-577.5375506985389,-0.9942842393998456,-0.01873593712967123,-0.10510859118523116,187.56751802488697,0.0,0.0,0.0,1.0
2026-07-17T22:17:16.501,100,random,20,5,68.17449131651429,-16.339365763669207,42.983599817169875,-10.79885235446375,10.421899087938865,2.9569583997484123,332.360504,-526.95874,57.08065,172.08031072464703,10.710643839057557,-177.1461743660757,701.5579669791723,-578.216983279632,187.991775314002,-167.81344037008563,83.82574156297663,-170.71044789079738,0.13477420542559762,0.264292422000654,12,12,10,-0.9813597000523153,-0.07488864366765743,0.17698822040703294,332.360504,-0.048920667833367765,0.9879588737920509,0.14677885390709322,-526.95874,-0.18584915219598697,0.13538447010333626,-0.9732066265099472,57.08065,0.0,0.0,0.0,1.0,-0.1438028336449214,0.9797327923925419,-0.13944318035100514,-0.05506640021988686,-0.9462272055577772,-0.1773890809442266,-0.2705313095079462,-0.03241640111013902,-0.2897840929002362,0.09304176198070666,0.9525588748363605,0.5641376456887413,0.0,0.0,0.0,1.0,-0.10614216210888333,0.04933235340667888,0.9931264573709685,701.5579669791723,-0.017361572160626247,0.9985243373183924,-0.0514560355544034,-578.216983279632,-0.9941993850505866,-0.02270389152156914,-0.10512904486779044,187.991775314002,0.0,0.0,0.0,1.0
2026-07-17T22:17:38.615,101,random,21,1,105.30332898525381,-23.971901629415377,54.43797769697121,-9.741780424382192,11.416877845376632,7.308922178532818,369.488495,-534.588684,68.537361,173.13844918069464,11.704897500948075,-172.79433072893906,698.6786529357192,-578.3384331395088,187.66174878914902,-165.74897522420983,85.33792159422431,-169.09380019934287,0.1946298059677051,0.3066306204535299,9,9,10,-0.9714719973809224,-0.14857873110297665,0.18484187558167234,369.488495,-0.1228231135656056,0.9819565024421285,0.14379120308861987,-534.588684,-0.20287099614969956,0.11698627259406011,-0.9721921471323335,68.537361,0.0,0.0,0.0,1.0,-0.11984164480015733,0.9692416740353966,-0.21496175819120725,-0.07243508850292846,-0.9520119352208604,-0.17361294703801833,-0.2520551920072407,-0.04074550281171264,-0.2816225405904607,0.1744394506235226,0.9435357029267825,0.5185924230574335,0.0,0.0,0.0,1.0,-0.07981082081484203,0.05754528621472874,0.9951476136309254,698.6786529357192,-0.015378098140318076,0.9981423752375638,-0.05895178413501418,-578.3384331395088,-0.9966914000724842,-0.02000846794683465,-0.07877762519886318,187.66174878914902,0.0,0.0,0.0,1.0
2026-07-17T22:17:44.921,102,random,21,2,105.30332898525381,-23.971901629415377,54.43797769697121,-11.510018131303504,-10.606190148585284,10.562668632690023,369.48465,-534.600342,68.510094,171.3798698200996,-10.31083388961527,-169.53672188894325,708.6134558977826,-579.3100084895227,184.79186981631932,-169.33383341513215,85.39708421572121,-171.5358086027846,0.3897600071751693,0.9228698098723515,24,24,10,-0.9674912448514189,-0.15317269989697774,-0.20124317415038515,369.48465,-0.17867259678439065,0.9771350954982879,0.1152523678883613,-534.600342,0.17898825183283515,0.14746229739096706,-0.9727374139787179,68.510094,0.0,0.0,0.0,1.0,-0.14637049678306652,0.9683426399793115,-0.20220833135500368,-0.07298548124056191,-0.9842125633961868,-0.12199192319725395,0.12823260399656933,0.08451188617553565,0.09950531505695527,0.2177854500937381,0.9709110103417737,0.47930268659659303,0.0,0.0,0.0,1.0,-0.07937557498522547,0.03783181778579363,0.9961266343486594,708.6134558977826,-0.011812047880294088,0.999173727913093,-0.03888877695589537,-579.3100084895227,-0.9967747958393797,-0.014853114531109327,-0.07886311792014908,184.79186981631932,0.0,0.0,0.0,1.0
2026-07-17T22:17:50.894,103,random,21,3,105.30332898525381,-23.971901629415377,54.43797769697121,7.613328338578079,-10.271178866603773,-0.8838173293536791,369.488922,-534.591858,68.5354,-169.50778752028913,-9.98252907300531,179.01315734150953,709.2137676707794,-576.3861268058494,186.32283292229178,-169.28354575017582,85.3517290657028,-170.86751557378153,0.3750134078718975,0.7577727346807046,24,24,10,-0.9847145789981496,-0.014627461434810819,-0.1735604657762536,369.488922,0.016962060115689546,0.9836774958630169,-0.1791392549088446,-534.591858,0.17334787689824388,-0.17934497903380903,-0.9683934593285076,68.5354,0.0,0.0,0.0,1.0,0.1672731299866679,0.9855131923671746,-0.027990134953644233,-0.06170597844675495,-0.9813993322959671,0.16915340175637678,0.09078808976554131,0.06354038791008929,0.09420748671678524,0.01228309181378775,0.9954768079176937,0.4948227238575154,0.0,0.0,0.0,1.0,-0.08001142086295966,0.027038126565835853,0.9964271735773265,709.2137676707794,-0.01286228457812113,0.9995208170218918,-0.028154892564546594,-576.3861268058494,-0.996710958185432,-0.015069042826257057,-0.07962530867367888,186.32283292229178,0.0,0.0,0.0,1.0
2026-07-17T22:17:59.163,104,random,21,4,105.30332898525381,-23.971901629415377,54.43797769697121,-14.158047842150808,11.77331418062052,-12.025675285391959,369.485504,-534.590149,68.560165,168.7050736493109,12.047927332892893,167.86758124016814,698.0434881860829,-577.7682877117187,187.75260555027458,-166.31748721224116,83.48293587738017,-169.05665486546425,0.2435395229951765,0.4337114989143772,8,8,10,-0.9561297946074345,0.16613260122563733,0.24127945348485116,369.485504,0.20554239121239395,0.9673212506429921,0.14846522646454552,-534.590149,-0.20872982843531562,0.19154518230558804,-0.9590319608109433,68.560165,0.0,0.0,0.0,1.0,-0.22966281533884586,0.9684829170544198,0.09641488798103572,0.04114779918187975,-0.9227488673662853,-0.1851683816962028,-0.33800473102346873,-0.06055447874557798,-0.3094988191009347,-0.1665938468064472,0.9361928066276504,0.5278980334822247,0.0,0.0,0.0,1.0,-0.11143518083336304,0.04628857166126722,0.9926930888276574,698.0434881860829,-0.02154647484090624,0.9985672699079232,-0.048981189150183145,-577.7682877117187,-0.9935380968511304,-0.026847264333551,-0.11027816875174631,187.75260555027458,0.0,0.0,0.0,1.0
2026-07-17T22:18:07.502,105,random,21,5,105.30332898525381,-23.971901629415377,54.43797769697121,-4.534084583448079,-14.67648196681943,4.4769707387957745,369.483154,-534.594543,68.51532,178.35912601836768,-14.379636375957295,-175.62187744790967,708.3535877602937,-578.8512747575217,184.56016633698576,-169.31678812730206,85.73872631141745,-171.26863602028965,0.33497206152928627,0.6493739158609099,24,24,10,-0.9658448782631419,-0.06921645009713606,-0.24970533468231587,369.483154,-0.07394674855821327,0.9972159773690652,0.00960066963959733,-534.594543,0.24834562510848684,0.027737655196699226,-0.9682742756955097,68.51532,0.0,0.0,0.0,1.0,-0.03382566617001239,0.9938553240752529,-0.10539174121072628,-0.058870116547452556,-0.9838285270171749,-0.014553478640058827,0.17852065899130287,0.09540588887212946,0.1758898909413801,0.1097259817306146,0.9782755006632243,0.47520440152273025,0.0,0.0,0.0,1.0,-0.07344358877038,0.0335530587696735,0.9967347849431794,708.3535877602937,-0.011279596540610982,0.9993420110830191,-0.03447195362069677,-578.8512747575217,-0.9972355839872584,-0.013774510217981482,-0.07301679873732023,184.56016633698576,0.0,0.0,0.0,1.0
2026-07-17T22:18:35.557,106,random,22,1,-160.07271300843203,1.8716634884552767,5.412966803232898,-12.666459610609978,14.928254193084324,-11.145276284082804,104.113144,-508.747803,19.510233,170.21269749563862,15.21695689776148,168.75154052649597,692.770462990292,-577.1568134036411,186.47341540699375,-168.0487521792609,82.30524944947489,-172.69482635354487,0.16756272984227896,0.45826957944128105,14,14,10,-0.9464028879924209,0.148463628621321,0.28684512297788095,104.113144,0.1882247861000133,0.9752191401264341,0.11627148673971055,-508.747803,-0.26247476735337705,0.16403103275797817,-0.9508947453820227,19.510233,0.0,0.0,0.0,1.0,-0.198874705675229,0.9789863626370431,0.045106021918184455,0.05356756853183588,-0.9022573358608805,-0.16493134605016674,-0.3984085227192147,-0.10413505088850561,-0.38259711359054693,-0.11993061686147037,0.9160983002993783,0.7938068805396821,0.0,0.0,0.0,1.0,-0.13280855722249035,0.07915093785214324,0.9879762224697554,692.770462990292,-0.017025357731076468,0.9964769662872301,-0.08212059944452527,-577.1568134036411,-0.990995471393593,-0.02772696694781827,-0.1309930951663683,186.47341540699375,0.0,0.0,0.0,1.0
2026-07-17T22:18:42.332,107,random,22,2,-160.07271300843203,1.8716634884552767,5.412966803232898,-11.552896352823259,-1.3718332974372949,7.770508762693861,104.112801,-508.747437,19.509859,171.32624097047534,-1.083062120135795,-172.33264133762265,709.6702509562334,-577.6456973087643,187.07173755314642,-167.18323248338126,85.40264731474484,-168.66633864890278,0.20681853200068684,0.492095666683972,24,24,10,-0.9908823115824182,-0.12907059714204777,-0.03863968874717396,104.112801,-0.13339776513143628,0.9801050090639184,0.146966688286001,-508.747437,0.01890187427271257,0.15078113993869272,-0.9883864461776917,19.509859,0.0,0.0,0.0,1.0,-0.15559081450731013,0.9737079128696114,-0.16638629407512873,-0.11492202065556421,-0.9859280887996974,-0.16349792526685514,-0.034845834029470224,0.09714019018908934,-0.06113347819916074,0.1586232292211243,0.9854447569472046,0.7676780583006431,0.0,0.0,0.0,1.0,-0.07858983733309806,0.02518238134215738,0.9965889248521151,709.6702509562334,-0.015751819930391417,0.999524735662811,-0.026498735197492407,-577.6456973087643,-0.9967825829321242,-0.017780620577596943,-0.07815581804982785,187.07173755314642,0.0,0.0,0.0,1.0
2026-07-17T22:18:48.534,108,random,22,3,-160.07271300843203,1.8716634884552767,5.412966803232898,-3.8087067721410435,13.130712047466034,-6.340899595478334,104.113205,-508.747894,19.5103,179.07045312102258,13.419416407097557,173.55596352600645,695.9981960867494,-575.4806565247951,187.84692883966179,-166.50796340715522,82.98116015665637,-170.78046018338424,0.1275810968641342,0.32011792167052944,16,16,10,-0.9665517400954885,0.1084767277212924,0.23240166363703993,104.113205,0.1091684339258605,0.9939737374685759,-0.00992281496984387,-508.747894,-0.2320775446969359,0.01578001158527209,-0.9725692800422037,19.5103,0.0,0.0,0.0,1.0,-0.048205857368303705,0.9983774825928416,0.03030837453520546,0.006031487595378695,-0.9374435145104859,-0.03474785776239769,-0.3463989657651313,-0.07649819954999351,-0.34478377632599705,-0.045110848279585176,0.9375975463651133,0.7984397307513467,0.0,0.0,0.0,1.0,-0.12061714029090854,0.07277421339228081,0.9900279891665577,695.9981960867494,-0.01957792985086429,0.9969408818738494,-0.07566758031908566,-575.4806565247951,-0.9925060252365211,-0.028509505673116248,-0.11882338976597455,187.84692883966179,0.0,0.0,0.0,1.0
2026-07-17T22:18:53.468,109,random,22,4,-160.07271300843203,1.8716634884552767,5.412966803232898,10.668042217117204,12.32785425717567,2.810094968822206,104.113197,-508.745056,19.509363,-166.45392247224186,12.616587944560239,-177.29359640676287,702.4590571497112,-572.8514005538815,189.17092375844769,-163.32484640257113,84.45426614797692,-165.40112050241063,0.1840492317014363,0.36599031032464796,19,19,10,-0.9747651022293474,0.005199637170949091,0.22317248766167444,104.113197,-0.04607794160710378,0.9735132379297914,-0.2239392749669106,-508.745056,-0.21842577405851646,-0.2285715191110733,-0.9487071423143152,19.509363,0.0,0.0,0.0,1.0,0.2033023437101482,0.9790645663749116,-0.010036528835539441,-0.09257699436028789,-0.9288502417137148,0.18961291696549354,-0.3182517402752262,-0.08893112794411703,-0.3096859465819105,0.07402375692264447,0.9479531095474728,0.7973512328729817,0.0,0.0,0.0,1.0,-0.0935201358472145,0.03493016912420831,0.9950044560081488,702.4590571497112,-0.02435821774136902,0.9990049576526009,-0.03736002963045289,-572.8514005538815,-0.9953193765920473,-0.027730450239374777,-0.09257624268644175,189.17092375844769,0.0,0.0,0.0,1.0
2026-07-17T22:18:57.641,110,random,22,5,-160.07271300843203,1.8716634884552767,5.412966803232898,9.544952645719952,11.206333301534581,13.939612404265745,104.113014,-508.74704,19.509766,-167.57588842666703,11.49513765215068,-166.16354746166954,699.1760683318413,-572.2056525219185,188.95001903741058,-137.92628458932288,88.42296304353094,-137.61620031857964,0.3520998227883757,0.9687119200987288,17,17,10,-0.9515059921849544,-0.19191953414637183,0.2404230422591919,104.113014,-0.23435427440357456,0.9584973933730655,-0.16236015818486066,-508.74704,-0.1992847733894881,-0.21083083102354483,-0.9569931764568762,19.509766,0.0,0.0,0.0,1.0,0.1968705769138115,0.9632820327380672,-0.18256423896710927,-0.20525236822113163,-0.9547553665046024,0.14602789543950337,-0.2590715034197528,-0.09321685425182988,-0.22289945283980506,0.22530774322585168,0.9484472862348172,0.7651011272620141,0.0,0.0,0.0,1.0,-0.020328284611922234,-0.005599442085865714,0.9997776788331814,699.1760683318413,-0.018551737065018205,0.9998142623467068,0.005222438126067804,-572.2056525219185,-0.9996212252131337,-0.01844144941259248,-0.020428388261330883,188.95001903741058,0.0,0.0,0.0,1.0
2026-07-17T22:19:22.324,111,random,23,1,58.408508234684064,-58.96805715873601,-3.2124385238022004,-7.753491945509058,13.218222006709265,-1.4961484430565815,322.590912,-569.584473,10.906089,175.1287326736406,13.502953653627625,178.40037897961713,701.1813066577919,-576.8666387259036,187.5378805113778,-167.76065217399739,83.07829865663464,-170.08819288805762,0.1818926987231375,0.32744240589216284,14,14,10,-0.9719789566132051,0.00799412632955938,0.23493190895519578,322.590912,0.027143396470557607,0.9965532065934548,0.07838968335402985,-569.584473,-0.23349549016875565,0.08256997258404529,-0.968845733694649,10.906089,0.0,0.0,0.0,1.0,-0.1035898274185233,0.9936689724856504,-0.04348701846199008,0.01585391601952331,-0.9322687151303491,-0.1122399689390192,-0.3439145710227702,-0.01924315982302976,-0.34661822001246323,0.004915535767445534,0.9379934152559448,0.5894222862330591,0.0,0.0,0.0,1.0,-0.11871405709290057,0.039090062786165974,0.9921587270391358,701.1813066577919,-0.020744129534738354,0.9989090321115932,-0.04183810052723754,-576.8666387259036,-0.9927117677041959,-0.025548239807370365,-0.11777365454275267,187.5378805113778,0.0,0.0,0.0,1.0
2026-07-17T22:19:28.898,112,random,23,2,58.408508234684064,-58.96805715873601,-3.2124385238022004,4.8912373708211305,-3.3730536711110606,11.213617498880986,322.593933,-569.587341,10.884421,-172.22962352605813,-3.0842891069687344,-168.889566059343,708.3640100510729,-574.6640171533356,187.51577777062982,-167.35034374627222,85.58948281644453,-168.9451946079251,0.28864795321692266,0.7036029716852703,24,24,10,-0.979836198866031,-0.1980695329832838,-0.026258017738428535,322.593933,-0.19242152890427783,0.9708457370368337,-0.1429423313492099,-569.587341,0.053805005398270704,-0.13500746268703442,-0.9893826390294612,10.884421,0.0,0.0,0.0,1.0,0.1352410699367179,0.967235980050437,-0.2148590512364846,-0.09968451971078479,-0.9905423588089801,0.12692138469822348,-0.052122907741486146,0.08215988349837947,-0.023144943454533693,0.21987614923441848,0.975253193068513,0.5475109730422549,0.0,0.0,0.0,1.0,-0.07547506780825601,0.02719533540472577,0.9967767693277986,708.3640100510729,-0.014745803253862726,0.9994882713727166,-0.028385853426965577,-574.6640171533356,-0.9970386529246185,-0.016840698340723586,-0.07503542799011172,187.51577777062982,0.0,0.0,0.0,1.0
2026-07-17T22:19:35.201,113,random,23,3,58.408508234684064,-58.96805715873601,-3.2124385238022004,-4.3200510248525905,4.395921770229457,-7.926688190760018,322.594147,-569.587585,10.885181,178.55920288042734,4.684502932989608,171.97041741954095,708.0499011796678,-576.3376572890174,187.59361594357824,-167.8749561721917,84.42221732316852,-167.9878847604358,0.3965292234616618,0.7973832446519046,20,20,10,-0.9868883423499588,0.13760685650050036,0.08435492147943228,322.594147,0.13921775721829402,0.9901698586271228,0.013493225761528184,-569.587585,-0.08166894029469605,0.02506001018344017,-0.9963444083652737,10.885181,0.0,0.0,0.0,1.0,-0.05805310406585792,0.9895887300461904,0.13169655452549803,0.05628595170774035,-0.9833344198204885,-0.033915808880353934,-0.17861449186528386,0.041638451438693755,-0.17228829299932374,-0.13987088072061385,0.9750655777032738,0.5757731108397401,0.0,0.0,0.0,1.0,-0.09506871527302511,0.0009982181475966189,0.9954702119786741,708.0499011796678,-0.020228490773703096,0.9997910769090091,-0.002934398429399707,-576.3376572890174,-0.995265164434762,-0.020415829487289452,-0.09502866077658487,187.59361594357824,0.0,0.0,0.0,1.0
2026-07-17T22:19:41.071,114,random,23,4,58.408508234684064,-58.96805715873601,-3.2124385238022004,12.629720406426308,13.853350707756945,1.1832390994852844,322.594208,-569.587463,10.884691,-164.49142743235976,14.141916186757514,-178.92010899558025,701.7834107412345,-572.7518397620529,189.8241322071833,-163.93515342572678,84.2191376820947,-166.3732524526638,0.1397223950660602,0.24206197241996252,17,17,10,-0.9695213040152388,0.04715615607423848,0.240426159152645,322.594208,-0.018275365747958777,0.9646505218985226,-0.2628980441305835,-569.587463,-0.2443244811052901,-0.2592791305624306,-0.9343874359105118,10.884691,0.0,0.0,0.0,1.0,0.23045318423827166,0.9726258275296559,0.029838389646463796,-0.02606667520839169,-0.9123391240057427,0.22662994388539184,-0.340992949110298,-0.02680014641602442,-0.33842082188138983,0.05136018065347015,0.9395921876858958,0.5912934662897052,0.0,0.0,0.0,1.0,-0.09788871878321978,0.04117231768909068,0.9943453318596555,701.7834107412345,-0.0237301511329018,0.9987632072136816,-0.043691370354460246,-572.7518397620529,-0.9949144077066074,-0.02787285726920639,-0.09679062540071291,189.8241322071833,0.0,0.0,0.0,1.0
2026-07-17T22:19:45.707,115,random,23,5,58.408508234684064,-58.96805715873601,-3.2124385238022004,0.046608080029660215,11.790133181351415,4.048190574856065,322.594208,-569.587463,10.884716,-177.07392438810976,12.078924349609473,-176.0550335410286,702.706473514232,-575.0375948883633,188.40769983358663,-166.14906377507862,84.21591677927704,-168.3428139177991,0.16174701775789485,0.33526789797026213,16,16,10,-0.975543326943763,-0.05805174430546952,0.2120028590339919,322.594208,-0.06727509043513533,0.9970648224019636,-0.03654862699863366,-569.587463,-0.20925888144219498,-0.04991728069149278,-0.9765853703726717,10.884716,0.0,0.0,0.0,1.0,0.03508954911506561,0.9951399904315954,-0.092006102986182,-0.030861779441555572,-0.9514326247499069,0.005089218942248715,-0.307814977562919,-0.009417732963601076,-0.3058507546245455,0.09833869683070057,0.9469872314879624,0.587597587023509,0.0,0.0,0.0,1.0,-0.09870123562251638,0.037085118234846885,0.9944258444409498,702.706473514232,-0.020363138236758293,0.9990208265121636,-0.039277611894083304,-575.0375948883633,-0.994908743899529,-0.024126379762804406,-0.0978494206002353,188.40769983358663,0.0,0.0,0.0,1.0
2026-07-17T22:20:10.024,116,random,24,1,145.2872619902433,-15.914375373383644,45.410437425037316,5.652506552841665,14.222775468642517,3.5131125039834643,409.465363,-526.510803,59.547729,-171.51852560652125,14.487581624559938,-176.60845347534544,700.8347568736181,-574.9653886863294,189.75384897686044,-165.46995106706885,84.39441374942714,-168.2105917641919,0.2149089704764938,0.3114631952659562,9,9,10,-0.9665061448255178,-0.021679225436669138,0.25572618794128477,409.465363,-0.057277944073660735,0.9895141475686445,-0.13259332141625071,-526.510803,-0.2501701603653198,-0.14279973020270262,-0.9576132454790011,59.547729,0.0,0.0,0.0,1.0,0.12444158593208691,0.9906282094634192,-0.056303128740840244,-0.06735655962976844,-0.9312276717577387,0.09701402653293249,-0.35128806129518403,-0.05824843369979239,-0.34253366994117274,0.09614587495658988,0.9345729803955728,0.4914086164590417,0.0,0.0,0.0,1.0,-0.09561939139885306,0.046640499486187176,0.9943246933452835,700.8347568736181,-0.019957484557637697,0.9986110782952906,-0.048760774358592045,-574.9653886863294,-0.9952178810685851,-0.024506695281021184,-0.09455575650249197,189.75384897686044,0.0,0.0,0.0,1.0
2026-07-17T22:20:14.662,117,random,24,2,145.2872619902433,-15.914375373383644,45.410437425037316,-5.12710107353041,7.605017199129193,-4.70638531712655,409.474365,-526.55188,59.466705,177.78313154692265,7.92314686996659,175.2012118347246,706.1240439640203,-576.8975359128972,188.12513586732027,-169.8248284336328,82.73105816504443,-171.50112732319045,0.226796581598007,0.49230193401515304,12,12,10,-0.9869819479452342,0.07828073852735978,0.14049469885316682,409.474365,0.08285816746745724,0.9961948906692325,0.027023395205831587,-526.55188,-0.13784468982940806,0.03831273652621123,-0.989712572268185,59.466705,0.0,0.0,0.0,1.0,-0.06642893289869471,0.9968831762986325,0.042557369358207295,-0.01650287267091627,-0.9636719487460311,-0.053040814998067266,-0.2617690721692834,-0.01498233019662351,-0.25869590656592806,-0.05840038319301517,0.964191797916235,0.49469430828697103,0.0,0.0,0.0,1.0,-0.12513749548247458,0.027848580631647153,0.9917484881668219,706.1240439640203,-0.01869940687716572,0.9993622184593162,-0.030421842457628523,-576.8975359128972,-0.9919631744207119,-0.022352021673155753,-0.12453693315762547,188.12513586732027,0.0,0.0,0.0,1.0
2026-07-17T22:20:21.368,118,random,24,3,145.2872619902433,-15.914375373383644,45.410437425037316,7.349038056969199,-12.903763303585698,-2.4759524711210315,409.458618,-526.551575,59.460831,-169.7511226958812,-12.570522137831723,177.44193517992224,708.2438404114176,-577.199605498612,185.21422011898926,-170.05816658591567,85.55990171643232,-171.75702165485575,0.42731558826067556,0.8845665961626891,24,24,10,-0.9750562552170414,0.005234637868693936,-0.22189614176119257,409.458618,0.04356194705782313,0.9847918942590346,-0.1681882331503423,-526.551575,0.2176411172794586,-0.1736592167668797,-0.9604555276020139,59.460831,0.0,0.0,0.0,1.0,0.16180642211192595,0.98675948493268,-0.011153504325090081,-0.06465197251556082,-0.9764408205138682,0.16172908536566794,0.14285316580667315,0.07656142300026723,0.1427655623655143,-0.012223822731743524,0.9896810457719607,0.446169618792296,0.0,0.0,0.0,1.0,-0.07661699809150178,0.029133473803079065,0.9966348761244573,708.2438404114176,-0.011099349312664404,0.9994861649802801,-0.03007009241502389,-577.199605498612,-0.9969988164728597,-0.013365878840462468,-0.07625426699234476,185.21422011898926,0.0,0.0,0.0,1.0
2026-07-17T22:20:26.936,119,random,24,4,145.2872619902433,-15.914375373383644,45.410437425037316,-7.531045770588762,-6.399078882646959,-9.360790945499897,409.473114,-526.533569,59.507721,175.3483473965142,-6.110480293511204,170.53618946676946,705.3745414575646,-579.0651075406529,185.1422075090673,-169.47374673319473,86.23452834202331,-169.975711087315,0.4135770369785862,0.7564760590624438,17,17,10,-0.9807854705024965,0.17239803246293844,-0.09131691658232972,409.473114,0.163490429948279,0.9817212611741404,0.09743841477560143,-526.533569,0.10644594950735989,0.08063673952710944,-0.9910433774925866,59.507721,0.0,0.0,0.0,1.0,-0.10283403765194706,0.9820921526092679,0.15786121906121262,0.015072250993365427,-0.9936955544939756,-0.10855344595013613,0.028023103883430534,0.054648621648352276,0.04465764972665535,-0.1539842626882534,0.9870635952993333,0.46543094236585647,0.0,0.0,0.0,1.0,-0.06467002582068031,0.008372461307898628,0.9978715797395976,705.3745414575646,-0.011431339890133597,0.9998929756527782,-0.009130263334015303,-579.0651075406529,-0.9978412259616604,-0.011997463560268085,-0.06456739610245459,185.1422075090673,0.0,0.0,0.0,1.0
2026-07-17T22:20:29.971,120,random,24,5,145.2872619902433,-15.914375373383644,45.410437425037316,-7.122267633503258,-10.572598158700828,-13.061282348283115,409.452209,-526.555908,59.442501,175.76053323433135,-10.226780981069581,166.8514405905036,700.8563587497703,-579.5552064236509,184.5257663200555,-167.7636083165012,87.27188825354679,-168.74277069684618,0.4268125548500291,0.8035598045626225,18,18,10,-0.9583127620493213,0.23963519942212713,-0.15560083962279384,409.452209,0.22386270755119853,0.9681334148302271,0.11226388224629476,-526.555908,0.17754475002445894,0.07275068581862806,-0.9814199913654051,59.442501,0.0,0.0,0.0,1.0,-0.09285002613889562,0.971251363135365,0.21920233177067777,0.033120193107693735,-0.9865281641963634,-0.11952029798851162,0.1117008487706832,0.07205185453836505,0.134688729644911,-0.2058778472211945,0.9692642870395083,0.44891300498927644,0.0,0.0,0.0,1.0,-0.0466808166677024,0.01685318695966615,0.9987676764115562,700.8563587497703,-0.009291514909872275,0.9998070838139269,-0.017304996566654997,-579.5552064236509,-0.9988666423031236,-0.010087876129039962,-0.04651521954467318,184.5257663200555,0.0,0.0,0.0,1.0
2026-07-17T22:20:59.197,121,random,25,1,138.78671679908416,-16.8240557715695,-69.27470004228793,-6.200849247195366,-13.085911521194209,-6.6391508207233585,402.954315,-527.459595,-55.233124,176.69949646899173,-12.758108519957554,173.2688543748664,702.9065901665316,-578.7246656548867,184.69139789653195,-166.21466331814477,87.0782817015035,-166.7955335927877,0.43779413532840705,0.9074711160021758,20,20,10,-0.9685883376184552,0.1296426639345144,-0.21220134758638995,402.954315,0.11431679770816122,0.9899695960286438,0.08301727953043969,-527.459595,0.22083546361775472,0.056151390248562645,-0.9736933394975468,-55.233124,0.0,0.0,0.0,1.0,-0.07403824076288042,0.9904418900569847,0.11637526079491842,0.007107846178421696,-0.9819913051422214,-0.09274607576942182,0.16459417381684163,0.19951907265543256,0.17381431336289224,-0.10209323116504955,0.9794720805722161,0.4234068912536848,0.0,0.0,0.0,1.0,-0.04962387620036494,0.009836369781450058,0.9987195385794619,702.9065901665316,-0.011643256322735645,0.9998778559415284,-0.01042630231552704,-578.7246656548867,-0.9987001078867737,-0.012145741117538704,-0.04950328756407812,184.69139789653195,0.0,0.0,0.0,1.0
2026-07-17T22:21:04.863,122,random,25,2,138.78671679908416,-16.8240557715695,-69.27470004228793,6.109021550593287,1.0787565982871143,-12.751757992247676,402.983246,-527.431458,-55.089172,-171.31231809605367,1.0902240925749305,167.0720866374085,707.0707183108634,-574.7919935014991,189.41711636610762,-166.10821458685982,85.02213338260086,-167.00842570843463,0.6552583017348508,1.2410682841435383,24,24,10,-0.9744758771920731,0.22395916426382595,-0.015461484824825341,402.983246,0.22368447349246107,0.9628265491744737,-0.15142751573995747,-527.431458,-0.019026851792668144,-0.1510209553241642,-0.9883474338327775,-55.089172,0.0,0.0,0.0,1.0,0.11273399699342351,0.968978893287285,0.21993396801229917,-0.008922378053938439,-0.9888808043098032,0.13101729811132157,-0.07035071046696022,0.1371871182660674,-0.09698350782212255,-0.20955756240078152,0.9729747310445213,0.49157190768233994,0.0,0.0,0.0,1.0,-0.08454984265675627,0.014828635653710896,0.9963089057472923,707.0707183108634,-0.019506773375097753,0.9996730010306385,-0.016534110284184233,-574.7919935014991,-0.9962282920592099,-0.020832728459001085,-0.08423293611018914,189.41711636610762,0.0,0.0,0.0,1.0
2026-07-17T22:21:10.837,123,random,25,3,138.78671679908416,-16.8240557715695,-69.27470004228793,5.476970070450513,2.679405141760256,7.385769976496199,402.972656,-527.443054,-55.177708,-171.64388877209586,2.9681505618957167,-172.71743979283252,707.3964034875237,-574.4257506091603,188.48991013380817,-167.0428382277918,85.34635188633779,-168.63591934644816,0.3246750016894175,0.5936895731694953,24,24,10,-0.990602367646199,-0.11795261245452121,0.06923965936440012,402.972656,-0.1265926325103849,0.982356551406963,-0.13765867681301278,-527.443054,-0.05178083243667745,-0.1451302419310751,-0.9880566574185877,-55.177708,0.0,0.0,0.0,1.0,0.13832948094786826,0.9812802174786817,-0.13399287102560428,-0.1119248764966517,-0.9814926276781339,0.11773627306244971,-0.1510310955361048,0.11121163986764487,-0.13242800502222032,0.1524050681255549,0.9794056966831873,0.4882325338875106,0.0,0.0,0.0,1.0,-0.07954160376584889,0.027076236683226083,0.9964637528166437,707.3964034875237,-0.01598651433989723,0.9994678287508431,-0.028433970024158352,-574.4257506091603,-0.9967033483587866,-0.01819166565074318,-0.07906641936520646,188.48991013380817,0.0,0.0,0.0,1.0
2026-07-17T22:21:16.509,124,random,25,4,138.78671679908416,-16.8240557715695,-69.27470004228793,1.4227630242719727,-11.569757162825027,-4.882704084099855,402.954315,-527.467712,-55.23621,-175.67092263517284,-11.229571714107545,175.03281953873565,703.6218043721234,-577.2802434944251,185.59919825682869,-165.5594560935067,87.01274394898394,-166.44727007455296,0.3796171094265875,0.7731676131204319,20,20,10,-0.9771711346734114,0.07169332049792833,-0.19999160321638232,402.954315,0.08492740803966888,0.9946749236623516,-0.05838776927541097,-527.467712,0.19474061960654526,-0.07403961124476795,-0.9780563516699753,-55.23621,0.0,0.0,0.0,1.0,0.058159492545308486,0.9965259840953724,0.059610707508159305,-0.04032278528409328,-0.9875724896349897,0.048698320130599736,0.14942908462747959,0.19077313139127788,0.14600702429342577,-0.06756061455618043,0.9869739166856288,0.43113360430974945,0.0,0.0,0.0,1.0,-0.05066270875635272,0.015165229494030482,0.9986006738210539,703.6218043721234,-0.012212363988630763,0.9998005413173234,-0.01580302969046818,-577.2802434944251,-0.9986411508180896,-0.012995899198670707,-0.050467400336651105,185.59919825682869,0.0,0.0,0.0,1.0
2026-07-17T22:21:21.745,125,random,25,5,138.78671679908416,-16.8240557715695,-69.27470004228793,-11.553673936371087,-4.625785425686676,-12.07313679147507,402.973938,-527.446411,-55.162682,171.31873522335914,-4.348004819909279,167.8223175743528,706.6457446491906,-578.0795952659292,185.80881745553697,-168.71089482069198,85.62461657883155,-168.65048215204925,0.6144023382604119,1.1219125509157395,20,20,10,-0.9746848587363462,0.2197130543914118,-0.04141980058022106,402.973938,0.2103369573563396,0.9638853493787947,0.1633505360352279,-527.446411,0.07581418416224067,0.1505031793116525,-0.9856982309494619,-55.162682,0.0,0.0,0.0,1.0,-0.18097012528298223,0.9611743200863272,0.20831164192538282,0.059683052456680055,-0.9834712193615887,-0.17811998753208796,-0.03252123504725344,0.1563741641868171,0.005845891077626505,-0.21075387647242974,0.9775216770534311,0.4683652842482624,0.0,0.0,0.0,1.0,-0.0747987792426802,-0.001613761011842916,0.9971973417529761,706.6457446491906,-0.015013508519881633,0.9998871699005544,0.000491965633129785,-578.0795952659292,-0.9970856217926964,-0.014934632357624284,-0.0748145679036802,185.80881745553697,0.0,0.0,0.0,1.0
2026-07-17T22:21:47.061,126,random,26,1,50.76011797995671,-51.963543884346564,-30.44351737606214,-13.883732235029937,9.178707168765175,-13.32994485779286,314.946442,-562.583191,-16.346792,168.9956205472217,9.467325423623672,166.56713893255971,702.147451483909,-577.1307136896994,186.90642947092553,-166.96285503301547,84.22767631687309,-168.44259568718095,0.40217467788166417,0.6727628359272442,15,15,10,-0.9593949842320306,0.19749565251899198,0.2013870191112602,314.946442,0.2291416792117487,0.9620522667139607,0.148153727454122,-562.583191,-0.16448512114608288,0.18828410274536664,-0.9682426047096516,-16.346792,0.0,0.0,0.0,1.0,-0.22617556641102893,0.9621178541385034,0.15222958945806897,0.1062443892800973,-0.9405037280538436,-0.17501282258326376,-0.2912443123019924,0.01897644118750394,-0.25356922265028886,-0.20904484370431356,0.944459052921389,0.5882442809229067,0.0,0.0,0.0,1.0,-0.0985364891827101,0.024702829520060296,0.9948267841756415,702.147451483909,-0.020150305870864606,0.9994373509548605,-0.026813181266721088,-577.1307136896994,-0.9949294072811679,-0.022688140735509746,-0.09798327815045511,186.90642947092553,0.0,0.0,0.0,1.0
2026-07-17T22:21:53.766,127,random,26,2,50.76011797995671,-51.963543884346564,-30.44351737606214,3.0639709507356336,4.432739731886915,6.372157042565462,314.945953,-562.582886,-16.346832,-174.05707241362788,4.7215733023345745,-173.7312886113165,708.1439547745864,-574.2779792512903,188.71389507235122,-166.8197621291609,84.70356807402825,-168.3066416359732,0.22960861138542682,0.528184081506001,24,24,10,-0.9906474870989775,-0.10013303182493687,0.09268728198640529,314.945953,-0.1088209580587158,0.9896089839969693,-0.09397902893555221,-562.582886,-0.08231376186072681,-0.10318640768062586,-0.9912502256636834,-16.346832,0.0,0.0,0.0,1.0,0.09328302830978713,0.9887495636680429,-0.11692979507212742,-0.06660515715832843,-0.9803979750435324,0.07074856814345215,-0.18388705945822606,0.06372294441118798,-0.17354563422886032,0.13179127608421412,0.9759677107303278,0.5851272609933628,0.0,0.0,0.0,1.0,-0.09039283531652871,0.024994712463083123,0.9955924867496374,708.1439547745864,-0.018708528978856137,0.9994659857889459,-0.026790561665954202,-574.2779792512903,-0.9957304485988601,-0.021047745718195027,-0.08987694995545821,188.71389507235122,0.0,0.0,0.0,1.0
2026-07-17T22:21:57.835,128,random,26,3,50.76011797995671,-51.963543884346564,-30.44351737606214,-6.466092228161166,1.3046022313888344,0.9126884939261668,314.945068,-562.596436,-16.366463,176.4189763324957,1.6006721922569809,-179.1869927365522,710.5759859939299,-576.8342135582137,187.09665956704632,-168.76406080673326,84.48967910041294,-169.4812362900395,0.24699110086761622,0.488406629901193,24,24,10,-0.9995091552337234,-0.015906014196684918,0.026989763176866112,314.945068,-0.0141836406264118,0.997922238893712,0.06284925982015847,-562.596436,-0.02793336611561988,0.062435597488418766,-0.9976580191747645,-16.366463,0.0,0.0,0.0,1.0,-0.07813904146117451,0.9963268198305655,-0.03503081908607271,-0.0022977642316890606,-0.9893978647272663,-0.0818145621830658,-0.119992677642926,0.09120346483426714,-0.1224179540453719,0.025283304790029562,0.9921565395774198,0.5809181910019434,0.0,0.0,0.0,1.0,-0.0944113710738474,0.011631461729176477,0.9954653193908864,710.5759859939299,-0.017530096000589943,0.9997572846998759,-0.013344190636447229,-576.8342135582137,-0.9953789171698216,-0.018710445948037727,-0.09418455534884254,187.09665956704632,0.0,0.0,0.0,1.0
2026-07-17T22:22:02.774,129,random,26,4,50.76011797995671,-51.963543884346564,-30.44351737606214,-14.836822588176872,-11.317135739786824,2.333634431321215,314.94577,-562.582336,-16.34584,168.042333367683,-11.028406232237112,-177.76955244717806,707.0275321467009,-579.8314198089016,184.31514444053977,-168.45127158379006,86.47773542818173,-169.31900572679282,0.2663096408581868,0.5988546486140267,24,24,10,-0.9807888301962348,0.0015299902743191724,-0.1950664750593038,314.94577,-0.0382000872128737,0.9791022878188335,0.19974850018174142,-562.582336,0.19129564526990767,0.2033626541862758,-0.9602341417503769,-16.34584,0.0,0.0,0.0,1.0,-0.21421957847581471,0.97644268998026,-0.02587750725551963,0.030018214250207696,-0.9679223388518584,-0.20864048976386448,0.13998389901215005,0.17060901407438195,0.1312871591176892,0.0550347091862019,0.9898155700106953,0.5255049238322509,0.0,0.0,0.0,1.0,-0.06037197343180048,0.014772610969141361,0.998066628431742,707.0275321467009,-0.011386662974967775,0.9998152272818122,-0.015487259335128923,-579.8314198089016,-0.9981110002050101,-0.012299644733626209,-0.06019260759580122,184.31514444053977,0.0,0.0,0.0,1.0
2026-07-17T22:22:08.981,130,random,26,5,50.76011797995671,-51.963543884346564,-30.44351737606214,5.541516725186188,-13.94184710651505,-9.479388781562196,314.945892,-562.583252,-16.346167,-171.57931642858463,-13.653183187510919,170.41741531583884,701.810147985133,-577.139954245808,186.33965189048683,-163.01135136694234,87.35468070264247,-163.53755766631116,0.4598879806617874,0.9099123067803839,22,22,10,-0.9581832879574886,0.1305903948580006,-0.25461919693889523,314.945892,0.16176501174008256,0.9811708646898628,-0.10552637234586495,-562.583252,0.23604420699459538,-0.14230208380265785,-0.9612664819339712,-16.346167,0.0,0.0,0.0,1.0,0.12353744988040637,0.9841222106107933,0.12744399970015008,0.012895529430628515,-0.9728920625575003,0.09481218307791035,0.21093052067591866,0.18980203426474312,0.19549816646111898,-0.1500470743551058,0.9691575426048203,0.505198816513697,0.0,0.0,0.0,1.0,-0.04426111538760851,0.00888531093353611,0.9989804827494175,701.810147985133,-0.013079186717787988,0.9998695928245139,-0.009472709208173304,-577.139954245808,-0.9989343764929939,-0.01348512493660158,-0.04413913077982131,186.33965189048683,0.0,0.0,0.0,1.0
2026-07-17T22:22:26.257,131,random,27,1,7.451316971143094,-27.651338508634026,-57.41942167570529,-1.2249989175094012,-8.765878483551873,-5.37729117845738,271.624207,-538.289246,-43.371109,-178.31678443730752,-8.446429224259568,174.5319398342323,706.5464741259448,-576.800079232774,186.93317820541574,-163.67753751757272,86.65088695674008,-163.8512779248131,0.32623078920942217,0.7926157878542663,24,24,10,-0.9846524609478192,0.09095485968979694,-0.1489521555675265,271.624207,0.09425728907610224,0.9954310775625458,-0.015249041894258656,-538.289246,0.14688463025595075,-0.029054833014115083,-0.9887268187285579,-43.371109,0.0,0.0,0.0,1.0,0.0077271619767276395,0.9960045168835346,0.08896793419756312,3.196095248906628e-05,-0.99564435664057,-0.0006034426601127796,0.09323063309203344,0.18990338111153435,0.09291181871845382,-0.08930082980886841,0.9916616135244304,0.5780490473146218,0.0,0.0,0.0,1.0,-0.056114699214599065,0.002571285162576223,0.9984210179201293,706.5464741259448,-0.016248381488731468,0.9998619017061653,-0.0034882109350040354,-576.800079232774,-0.9982921068660473,-0.016418465492948515,-0.056065170648140476,186.93317820541574,0.0,0.0,0.0,1.0
2026-07-17T22:22:31.293,132,random,27,2,7.451316971143094,-27.651338508634026,-57.41942167570529,-14.616096484483785,-2.074510988814337,-9.739136162146394,271.637207,-538.270813,-43.322124,168.26303671036743,-1.7857948558637498,170.15769354730605,710.2231705356943,-578.3469159154739,185.88125915470624,-169.30120502940449,84.71677639503847,-168.55893952062377,0.4529657246010064,0.8940281834806801,24,24,10,-0.9848034149133931,0.17360891221505298,0.004709519553561552,271.637207,0.17085404378631955,0.9635978667159504,0.20564057717856146,-538.270813,0.031162953916176746,0.20332018311022526,-0.9786162544344145,-43.322124,0.0,0.0,0.0,1.0,-0.23572441140030473,0.9575074464183148,0.1661730782150276,0.0896268585990813,-0.9702777903675561,-0.22225506299232248,-0.09572719829668111,0.1284779000899711,-0.054726697227525774,-0.1837992846225373,0.9814391532758462,0.6116254643986561,0.0,0.0,0.0,1.0,-0.09024935473621692,-0.01372762237937629,0.9958245861362862,710.2231705356943,-0.018264777599090804,0.9997596431907173,0.012126571915639539,-578.3469159154739,-0.995751701916172,-0.01709409930293722,-0.09047839465899603,185.88125915470624,0.0,0.0,0.0,1.0
2026-07-17T22:22:37.765,133,random,27,3,7.451316971143094,-27.651338508634026,-57.41942167570529,-10.723070904663718,3.0410026111185537,12.009929264669413,271.637482,-538.270081,-43.282276,172.21186183440906,3.3114668727381056,-168.08341444159393,709.2457437670853,-576.8395057455645,187.0205658926342,-168.32969694569076,85.21269440420933,-169.76352287405894,0.25278554669244907,0.5336180303048849,24,24,10,-0.9768155135027295,-0.2122416830758416,0.02801643349059091,271.637482,-0.20614265129383372,0.967807654132112,0.14440758955417554,-538.270081,-0.05776382862958066,0.13528419186450563,-0.9891215939072506,-43.282276,0.0,0.0,0.0,1.0,-0.13173492244563273,0.9599360322844209,-0.24732311685382,-0.09355016464002555,-0.9812282205164568,-0.1617238718209464,-0.10505507386771472,0.11910700895147938,-0.14084420282834484,0.2288409998345735,0.9632210064800087,0.6128149093471151,0.0,0.0,0.0,1.0,-0.08212864547073541,0.024327925725408303,0.9963247651358677,709.2457437670853,-0.014831261522470574,0.9995614844557348,-0.025629523489560904,-576.8395057455645,-0.99651137438305,-0.016881671201302413,-0.08173181695433422,187.0205658926342,0.0,0.0,0.0,1.0
2026-07-17T22:22:43.969,134,random,27,4,7.451316971143094,-27.651338508634026,-57.41942167570529,5.380093452792853,-12.181140532925191,12.31809733409776,271.636444,-538.271118,-43.322281,-171.74077593525251,-11.892483883073908,-167.7850753176693,705.7441397813598,-575.1175091390342,187.15157739014927,-167.17127549961887,86.27415266470805,-168.91016126639937,0.3365236198029323,0.9797933738822299,24,24,10,-0.9563827678485597,-0.23831794797104314,-0.16892766806298867,271.636444,-0.20703805691708033,0.9609604692961887,-0.1835489565158259,-538.271118,0.20607582184799822,-0.14056860291302578,-0.9683869182949304,-43.322281,0.0,0.0,0.0,1.0,0.14345752566541536,0.9553374833513575,-0.2583606611577149,-0.16576096885976588,-0.9794067210849826,0.1745237047996797,0.10150837973565441,0.1877575535655771,0.14206481979547314,0.23847802701064338,0.9607006909592555,0.5400494246276759,0.0,0.0,0.0,1.0,-0.06376905104578678,0.029884089364910115,0.9975171423747818,705.7441397813598,-0.01249924622549738,0.9994492275705203,-0.030741020680599675,-575.1175091390342,-0.9978864048440156,-0.0144285380936776,-0.06336040021941981,187.15157739014927,0.0,0.0,0.0,1.0
2026-07-17T22:22:50.242,135,random,27,5,7.451316971143094,-27.651338508634026,-57.41942167570529,14.372575264344917,3.8885264819976406,-0.74308321045309,271.637329,-538.271301,-43.322136,-162.74837522801278,4.177034213842241,179.15393307177314,709.9963851762494,-572.616620507991,190.72190232229207,-164.588381494301,84.58543571106779,-166.0075337351369,0.23679630355522305,0.4941783102807067,24,24,10,-0.997235017619924,0.035701054948174576,0.065174798106149,271.637329,0.01472689448806864,0.9545884429581937,-0.29756347751259515,-538.271301,-0.07283843910551048,-0.29578089736532825,-0.9524747884025245,-43.322136,0.0,0.0,0.0,1.0,0.26941235406131436,0.962282256802577,0.03781324797052394,-0.0808615199984292,-0.9490465789441271,0.27196282407953115,-0.15920682558588575,0.08213117018452912,-0.16348570112884364,0.007005752038530856,0.9865208284495492,0.6347002034396744,0.0,0.0,0.0,1.0,-0.09156144161375272,0.023615750831585795,0.995519361299554,709.9963851762494,-0.022816044104122038,0.9994065519236389,-0.025806435312561514,-572.616620507991,-0.9955380105958037,-0.02507668807404806,-0.09096828663983265,190.72190232229207,0.0,0.0,0.0,1.0
2026-07-17T22:23:08.821,136,random,28,1,-24.03317072160084,-94.49494241213095,-18.612249624372197,-8.76664952620889,4.918541495954461,-10.190522874095695,240.152634,-605.114441,-4.5147,174.11270661553507,5.20715503370795,169.70654657942003,704.2900628882636,-576.4526123644938,186.5580703680252,-166.6510347483505,85.24776263114117,-167.08154908550978,0.3689967774112787,0.7792697546925447,20,20,10,-0.9798449550830075,0.1685880228343012,0.10715382660082713,240.152634,0.17795235608203472,0.9803793836981795,0.08478928578794886,-605.114441,-0.09075694443529769,0.10214862983123604,-0.990620429054625,-4.5147,0.0,0.0,0.0,1.0,-0.1335692155649489,0.9793601788204077,0.1517000487614422,0.13136529904416105,-0.9769918125220237,-0.10444252878596345,-0.18595364058206887,0.0351162722092012,-0.16627165398316177,-0.17304738750311421,0.9707771828592033,0.6470234590294447,0.0,0.0,0.0,1.0,-0.08075020002291909,0.006740203174042379,0.9967115805775667,704.2900628882636,-0.018521634656237435,0.9997943262721594,-0.008261610234126426,-576.4526123644938,-0.9965622681227303,-0.019127854432015798,-0.08060875224755823,186.5580703680252,0.0,0.0,0.0,1.0
2026-07-17T22:23:13.624,137,random,28,2,-24.03317072160084,-94.49494241213095,-18.612249624372197,2.440676215501476,4.60854943267838,-0.26355683463555835,240.152527,-605.113586,-4.515191,-174.68016401583267,4.897299458101199,179.6332695631796,709.7517561000304,-574.0548695081452,188.11726801631949,-167.7181072130572,83.81581549072891,-168.41045565459578,0.21375086775984853,0.45836500867852886,24,24,10,-0.9963289117373938,0.014287980207501808,0.08440706876660647,240.152527,0.006377243314178142,0.9956216021552773,-0.09325747203023779,-605.113586,-0.08536996195320909,-0.09237683120430604,-0.9920577053038592,-4.515191,0.0,0.0,0.0,1.0,0.06878438317884134,0.997573489293056,0.01076299634775476,0.02533757741432538,-0.9793955627902162,0.06957647802707417,-0.18958756629110315,0.05236147821991219,-0.18987638141048954,0.002499432940393037,0.9818048240956216,0.6641222455870339,0.0,0.0,0.0,1.0,-0.1055286299317597,0.010870821006640509,0.994356844153731,709.7517561000304,-0.021641848635796514,0.9996783026391467,-0.013225793743221904,-574.0548695081452,-0.9941807374176744,-0.022915420204625604,-0.10525941698724377,188.11726801631949,0.0,0.0,0.0,1.0
2026-07-17T22:23:19.529,138,random,28,3,-24.03317072160084,-94.49494241213095,-18.612249624372197,14.701507940341656,-4.541732517874538,13.336413919364656,240.151917,-605.106262,-4.507166,-162.39915745188054,-4.258279629191791,-166.76309049849445,710.0436743363744,-570.8236832919813,187.91320031015363,-166.66626075075342,85.80845597870015,-167.62355961889352,0.22027653714043244,0.49708053214352516,24,24,10,-0.9707444074898184,-0.24011492579887578,0.0003431265680747331,240.151917,-0.22834589309223005,0.9227203924525601,-0.3105563241347781,-605.106262,0.07425259884443904,-0.30154916640706186,-0.9505549178264521,-4.507166,0.0,0.0,0.0,1.0,0.30342977362090034,0.9236856724123502,-0.23395544674256374,-0.13371899102714607,-0.9528530823841797,0.2944434109697855,-0.07330812456642107,0.09139156476544591,0.0011729754204174649,0.24516903621098166,0.9694796376469397,0.6296853693433075,0.0,0.0,0.0,1.0,-0.07139240904062075,0.01610472274160508,0.9973182851210506,710.0436743363744,-0.01566586678850413,0.999728212059771,-0.017265069636052816,-570.8236832919813,-0.9973252751981883,-0.01685645031401721,-0.07112071100368407,187.91320031015363,0.0,0.0,0.0,1.0
2026-07-17T22:23:25.465,139,random,28,4,-24.03317072160084,-94.49494241213095,-18.612249624372197,-3.3763217700050383,2.6151583055758785,6.651029161046008,240.152512,-605.114319,-4.515069,179.50309355212588,2.903750105723012,-173.45202898196976,709.3636859698162,-574.1323878463348,187.42439876703654,-167.40058054706031,84.44651514197001,-168.62916998544412,0.2180184571294812,0.3957939888048709,24,24,10,-0.9922011470523406,-0.11446722622072474,0.04933698318049877,240.152512,-0.1138886282066148,0.9933892661506373,0.014392576625249641,-605.114319,-0.05065830784022358,0.00866140970233157,-0.9986784847130399,-4.515069,0.0,0.0,0.0,1.0,-0.01671447203005414,0.9904380999622457,-0.13694158085815844,-0.01576971737504765,-0.9890355069476445,-0.03647662512260234,-0.14310213770758132,0.06609044320983354,-0.14672897608029226,0.13304820916810653,0.9801881358267852,0.6588036833057407,0.0,0.0,0.0,1.0,-0.0948753709504654,0.020437530344007394,0.9952793433707191,709.3636859698162,-0.019079969589140048,0.9995682479387369,-0.0223444058582897,-574.1323878463348,-0.9953062939354339,-0.02110983339868606,-0.094444460856054,187.42439876703654,0.0,0.0,0.0,1.0
2026-07-17T22:23:30.602,140,random,28,5,-24.03317072160084,-94.49494241213095,-18.612249624372197,-3.395613649608327,6.552137229268048,-9.392791398224489,240.152344,-605.116028,-4.514285,179.4834983955324,6.840772299184951,170.50410383024214,704.0439806114512,-574.5399581910781,186.98652866251842,-164.80488199730493,85.16801428196676,-165.55959349769472,0.442894411441514,1.0019687781848212,24,24,10,-0.9792759684237029,0.16391124615755304,0.11896083830780964,240.152344,0.16380249125075355,0.9864344856562761,-0.010758688028043658,-605.116028,-0.11911054331110062,0.008950357038466345,-0.9928406566922098,-4.514285,0.0,0.0,0.0,1.0,-0.04301002901940204,0.9879332987763818,0.14878822054371443,0.11341234658984026,-0.9798340969481627,-0.01262464466587283,-0.19941354218015914,0.03327381401470514,-0.19512888013189597,-0.15436455394900483,0.9685537179850153,0.6520792612388373,0.0,0.0,0.0,1.0,-0.08157296493690867,0.01226971837706459,0.9965918449407206,704.0439806114512,-0.02100570854154621,0.9996809493254216,-0.01402710820125704,-574.5399581910781,-0.9964459903075873,-0.022078350635174097,-0.08128920489930276,186.98652866251842,0.0,0.0,0.0,1.0
2026-07-17T22:23:46.948,141,random,29,1,21.092831300058386,22.55025393457064,6.736858014739763,-10.125029968349473,-2.334878289806486,-5.709227339594566,285.278625,-488.069214,20.834175,172.75439557061844,-2.0460895821916822,174.1877067909177,710.0495242520961,-578.9232660404261,186.66427196725428,-169.46708575465047,84.74918514258148,-170.69839946477865,0.3058966353896223,0.6820457696185779,24,24,10,-0.9942247113414476,0.10494094323426985,-0.02246378844088736,285.278625,0.10120518689308004,0.9864586653927357,0.12906127078841015,-488.069214,0.035703410256611785,0.12604245278748089,-0.9913821496231228,20.834175,0.0,0.0,0.0,1.0,-0.14958252782155393,0.9861756096865127,0.07129329723016672,-0.01864627592759832,-0.9873416480069243,-0.1451346987423464,-0.06397178543654723,0.08366870103286583,-0.05274028328977289,-0.07995990295393715,0.9954018668046143,0.6055919260269919,0.0,0.0,0.0,1.0,-0.09031245839050576,0.020731812073885428,0.9956976708959381,710.0495242520961,-0.014791822739689441,0.9996451013518107,-0.0221556612035198,-578.9232660404261,-0.9958036261429768,-0.01672911568077093,-0.08997374533183887,186.66427196725428,0.0,0.0,0.0,1.0
2026-07-17T22:23:53.220,142,random,29,2,21.092831300058386,22.55025393457064,6.736858014739763,-1.4995525140166794,9.451689220111177,11.807336083612775,285.273804,-488.059082,20.862776,-178.60905020860375,9.733292432123395,-168.29466398065864,702.5351488298787,-576.5401767223781,189.13052143432594,-165.6870301668327,85.66034445747076,-167.51037899987787,0.3248395105080367,0.9031080377979537,16,16,10,-0.9651086716400558,-0.19880019481666603,0.17042222409657343,285.273804,-0.1999581358240202,0.9797479696644219,0.010519498858096388,-488.059082,-0.16906210646667622,-0.02392485066407775,-0.9853149779018645,20.862776,0.0,0.0,0.0,1.0,0.02251030783143141,0.973361411022028,-0.22816846752901915,-0.16816659023067648,-0.9697274497271392,-0.034249161382215364,-0.2417760703426075,-0.006383099766320722,-0.24315007564677557,0.22670367989475135,0.9431243196075187,0.593457726972678,0.0,0.0,0.0,1.0,-0.0738781913489133,0.031126067477131415,0.9967814107247496,702.5351488298787,-0.01636436065736315,0.9993403954287797,-0.032418848908098215,-576.5401767223781,-0.9971330004283726,-0.018706736424599146,-0.07332010276214468,189.13052143432594,0.0,0.0,0.0,1.0
2026-07-17T22:23:57.956,143,random,29,3,21.092831300058386,22.55025393457064,6.736858014739763,-10.023260540645547,9.110821807173462,-1.1236393743702173,285.278381,-488.069275,20.834242,172.8559236919156,9.399544516459697,178.77320261690872,704.5084168053521,-577.8896859364532,188.45054597117814,-168.3113904534056,83.84520043825637,-170.91307715503785,0.12111984182041236,0.2608930870888856,17,17,10,-0.9863473169098491,0.0009374297286667586,0.16467571663802008,285.278381,0.021122555108751787,0.9924439788483449,0.12086681311817422,-488.069275,-0.1633181192961131,0.12269502872231507,-0.9789142566315043,20.834242,0.0,0.0,0.0,1.0,-0.13889185803614354,0.9886143806981508,-0.05788486890439968,-0.0626830400827812,-0.9537909118460777,-0.1492680442571749,-0.26077183023376016,0.003901289841690988,-0.2664431426235147,0.018990977869765405,0.9636635276425354,0.6227784370924634,0.0,0.0,0.0,1.0,-0.10586947826144148,0.044239278737196935,0.9933954599198964,704.5084168053521,-0.01693276035970281,0.9987848043598891,-0.046283865508172484,-577.8896859364532,-0.9942358549153464,-0.02172097595851335,-0.10499173302769427,188.45054597117814,0.0,0.0,0.0,1.0
2026-07-17T22:24:00.926,144,random,29,4,21.092831300058386,22.55025393457064,6.736858014739763,-14.442902554316932,7.612861989254796,0.847318639737928,285.278595,-488.069092,20.834064,168.43624185183546,7.901603656869669,-179.25586226352692,705.9869971310857,-578.6648879836495,187.59647996160024,-169.01503125447908,83.98295386002069,-171.30331320693102,0.1352806248438271,0.34490290178522337,19,19,10,-0.9904220782559068,-0.040278803535722205,0.13206712266488285,285.278595,-0.0128639821633789,0.9792617202934842,0.20219050702430658,-488.069092,-0.1374722694442439,0.19855503306029942,-0.9704005739797729,20.834064,0.0,0.0,0.0,1.0,-0.20880861520235097,0.9727929432737974,-0.10036359765362476,-0.06705110908710064,-0.9481650324267668,-0.22651643459996892,-0.2228752479286683,0.022582205941202034,-0.23954547271953136,0.048622981940850296,0.969666835633124,0.6184386750550268,0.0,0.0,0.0,1.0,-0.10361913609531145,0.03888971273572021,0.9938564609027778,705.9869971310857,-0.015849823774450246,0.999043849053184,-0.04074519303326188,-578.6648879836495,-0.994490752959111,-0.019974431464551287,-0.10290366546672544,187.59647996160024,0.0,0.0,0.0,1.0
2026-07-17T22:24:05.428,145,random,29,5,21.092831300058386,22.55025393457064,6.736858014739763,-8.064149640705265,13.693695137335258,-8.09820301949305,285.2789,-488.069183,20.834084,174.81486639346792,13.982290145034069,171.79887385567878,698.7045325571839,-576.8337110121589,189.0271009016164,-166.254684349803,83.85656560161667,-169.94759791194934,0.212819510293523,0.45466583903151236,14,14,10,-0.9604468928706842,0.12045157809399644,0.25106410199332446,285.2789,0.13842178109796674,0.9888380823801646,0.05512401792672083,-488.069183,-0.24162197021942178,0.08769643190794447,-0.9663995857500665,20.834084,0.0,0.0,0.0,1.0,-0.1183567076637642,0.991915685913938,0.045770752548719096,-0.017726048342797694,-0.9333640798058181,-0.09540358892787891,-0.34601972450702617,-0.03836161588581653,-0.33885569831306095,-0.08367453171402929,0.9371101261128308,0.6299994364093249,0.0,0.0,0.0,1.0,-0.10537494026314181,0.06306528208849212,0.9924307996831007,698.7045325571839,-0.018679832280004194,0.9976854116006721,-0.06538259206538173,-576.8337110121589,-0.9942571024792981,-0.02542812762072948,-0.10395299175672473,189.0271009016164,0.0,0.0,0.0,1.0
2026-07-17T22:24:22.908,146,random,30,1,43.6072211789553,21.746370893140956,57.586110493175546,-8.55030279569386,12.099854158859145,10.123201327523155,307.792694,-488.872589,71.683456,174.32894088741745,12.388493446318659,-169.98007663081546,694.8871226163095,-578.3464635281405,188.2298755696421,-163.0062885239671,86.59556042144546,-166.56646787147304,0.22973759840747005,0.5191628508839388,12,12,10,-0.9618178474308952,-0.1940158199094837,0.19303960730443387,307.792694,-0.1699393080560727,0.9762389483973734,0.1344550006857828,-488.872589,-0.2145391804329048,0.09651620204318767,-0.9719349581131116,71.683456,0.0,0.0,0.0,1.0,-0.09860777019848839,0.9606123848557234,-0.25980830186559034,-0.14570170635018306,-0.9572150213735219,-0.16293851557589112,-0.23914523411268804,-0.05141880720613276,-0.2720586527081419,0.22511083093384213,0.9355796082017314,0.5621129750946835,0.0,0.0,0.0,1.0,-0.057758988506338836,0.06159520244071796,0.9964285876484129,694.8871226163095,-0.013795858719052671,0.997950301477366,-0.06248895953237445,-578.3464635281405,-0.9982352295571055,-0.01735588711422631,-0.05679084128228466,188.2298755696421,0.0,0.0,0.0,1.0
2026-07-17T22:24:29.711,147,random,30,2,43.6072211789553,21.746370893140956,57.586110493175546,-3.6319973512998107,-9.52918132584317,-0.9831728864590303,307.778656,-488.89325,71.62162,179.2724780395857,-9.194368330023348,178.92881795406626,708.8067099210533,-578.4245343431734,186.10631275356255,-168.4326053082211,85.4099894860589,-170.60679254146774,0.3105492880640358,0.6201000591185922,24,24,10,-0.9869794618777912,0.02072153229534274,-0.15950598713138897,307.778656,0.01845437627338456,0.999706713244568,0.01568194790526864,-488.89325,0.15978416012792412,0.012534177000357307,-0.9870723968276782,71.62162,0.0,0.0,0.0,1.0,-0.027186978662520914,0.9994539512564908,-0.018779443788111735,-0.07426013882981022,-0.9962952202298585,-0.025558168495881415,0.08211342259504915,0.07637508062135791,0.08158861647522041,0.020942285952669223,0.9964460438582392,0.559165856387276,0.0,0.0,0.0,1.0,-0.07895211964934946,0.03730314255352004,0.996180223834275,708.8067099210533,-0.013060822367904838,0.9991751496918342,-0.038450424670918845,-578.4245343431734,-0.9967928459423995,-0.016046675479106105,-0.07839978625047007,186.10631275356255,0.0,0.0,0.0,1.0
2026-07-17T22:24:35.650,148,random,30,3,43.6072211789553,21.746370893140956,57.586110493175546,-6.361834430003219,8.609976548469213,-10.911393557011237,307.791138,-488.864258,71.727943,176.4261383049348,8.848874779559461,168.9653683756388,702.568180802661,-576.8185164033226,189.24016784740627,-168.63412837562404,82.32193955971424,-171.62676532956473,0.2947907013683639,0.6135509045813075,12,12,10,-0.9698292503187037,0.18161840000160206,0.16262220637760197,307.791138,0.18912412942446136,0.9814382435238611,0.031796820882567293,-488.864258,-0.1538287648513791,0.0615932701653074,-0.986175937738618,71.727943,0.0,0.0,0.0,1.0,-0.10414262108941852,0.9873899086119906,0.11922869974897377,-0.0018849357938646978,-0.9552198604486738,-0.06591746264152112,-0.2884612735244026,-0.047515119392841906,-0.27696449714185833,-0.1439307350433145,0.9500392680478259,0.597577356417256,0.0,0.0,0.0,1.0,-0.1321825255603502,0.050459581728537733,0.9899402055418643,702.568180802661,-0.01945592690837488,0.9983789582964732,-0.05348759238351848,-576.8185164033226,-0.9910344327240219,-0.026330329330080064,-0.13098651424000174,189.24016784740627,0.0,0.0,0.0,1.0
2026-07-17T22:24:41.591,149,random,30,4,43.6072211789553,21.746370893140956,57.586110493175546,5.665286012486764,4.45479024087577,6.7166297501306715,307.793182,-488.873047,71.683159,-171.45555754483638,4.743517585888085,-173.38653990598627,700.6219002763942,-575.0652097659912,190.11320931442305,-162.79664061056266,85.630626469963,-166.1910823756659,0.2628321159705033,0.5972911462488086,16,16,10,-0.9899433935596289,-0.10168738178384099,0.09834507579738222,307.793182,-0.11477603883093969,0.9837355623125584,-0.13816947691828663,-488.873047,-0.08269545608994557,-0.14806761910539953,-0.9855137958012228,71.683159,0.0,0.0,0.0,1.0,0.13727184416442348,0.979208280586804,-0.14935723628245426,-0.13677167513715568,-0.9778860828660145,0.10995116924599682,-0.17790320210271618,-0.03582744769581639,-0.1577822858772809,0.17047546337133898,0.9726473495834279,0.5687790264631674,0.0,0.0,0.0,1.0,-0.07398406501000727,0.0583747763810363,0.9955494681868194,700.6219002763942,-0.0181844395171836,0.998040402469078,-0.05987220723179242,-575.0652097659912,-0.9970936186156445,-0.022533098362737425,-0.07277757342845605,190.11320931442305,0.0,0.0,0.0,1.0
2026-07-17T22:24:45.324,150,random,30,5,43.6072211789553,21.746370893140956,57.586110493175546,5.944683904578444,13.687733867625113,5.842712459723842,307.792847,-488.873352,71.683861,-171.1761833239306,13.9762740881852,-174.2604724308993,697.7264562162644,-575.1302692855757,189.95072135787916,-161.24155870758625,85.95000439757952,-164.28767225065226,0.20483825818779705,0.3479604870401798,9,9,10,-0.9655310468981413,-0.06195996708973223,0.25280577515954555,307.792847,-0.09704559978457758,0.9869159152767722,-0.1287599616956392,-488.873352,-0.24152007998969977,-0.14885542869391824,-0.958910899046475,71.683861,0.0,0.0,0.0,1.0,0.133820179132786,0.9854430548967072,-0.10485296949878489,-0.1213932622649225,-0.9417912945722313,0.09353253944209652,-0.32292541171836125,-0.09827652431117359,-0.30841743972225294,0.14196355032668312,0.9405982315812711,0.5766859732275684,0.0,0.0,0.0,1.0,-0.06798782908883583,0.05236662998179426,0.9963108908167866,697.7264562162644,-0.0191263018649415,0.9983696185613836,-0.05378000846566853,-575.1302692855757,-0.9975028018370468,-0.02271212887305072,-0.06687540302155644,189.95072135787916,0.0,0.0,0.0,1.0
2026-07-17T22:25:03.970,151,random,31,1,65.546929262055,9.827113033220252,-43.28634407104388,4.6415466968640615,-10.341018027165907,0.2683755798147551,329.721497,-500.806305,-29.232958,-172.43336731800665,-10.010432117628177,-179.81650146606242,705.2045601960988,-575.7427089463404,187.4759625858988,-163.35175519672254,86.55250114107854,-165.36783755044985,0.29268411376875647,0.6010703159441867,24,24,10,-0.9847710693161724,-0.026064092358435705,-0.17189125669275176,329.721497,-0.0031538913834216887,0.9912140035711862,-0.13223029945334858,-500.806305,0.1738274834628406,-0.12967444703530298,-0.9762010775342672,-29.232958,0.0,0.0,0.0,1.0,0.11589916697601231,0.9918007949295794,-0.053838334589034004,-0.10666624765164484,-0.986444374414351,0.12127397137716443,0.11054465185023218,0.16418487425308192,0.11616746222821854,0.04029648922009505,0.9924118669564518,0.5118585500656276,0.0,0.0,0.0,1.0,-0.0581836137696778,0.034678364602887764,0.9977034018771163,705.2045601960988,-0.01519057815586652,0.999250020988466,-0.03561799952047985,-575.7427089463404,-0.9981903192397681,-0.017228075429935784,-0.057613192872717496,187.4759625858988,0.0,0.0,0.0,1.0
2026-07-17T22:25:10.575,152,random,31,2,65.546929262055,9.827113033220252,-43.28634407104388,-5.637325398065219,8.00904157758605,11.698251307723876,329.731995,-500.789429,-29.186586,177.24277505033476,8.296944535509938,-168.40501565200086,705.4095784672837,-576.5226937536005,188.22776709057084,-167.6362319691684,84.90152626364312,-169.4541164917201,0.3685550774338114,1.1858927004426978,24,24,10,-0.9693399257555457,-0.2075594119623474,0.13152641879895324,329.731995,-0.19888848133703962,0.9770635974095355,0.07609269747211686,-500.789429,-0.14430343144803978,0.04760060002753769,-0.9883879312038059,-29.186586,0.0,0.0,0.0,1.0,-0.04517026778126232,0.9691031144211358,-0.24248463977708765,-0.13612258075391645,-0.971748648164441,-0.09891264053956995,-0.21429151717245326,0.06924094389217797,-0.231655372696493,0.2259545156900937,0.9461925518308123,0.560470444049685,0.0,0.0,0.0,1.0,-0.08736666788583818,0.030889886287153206,0.9956971830168514,705.4095784672837,-0.016264833699768274,0.9993416553466946,-0.03243009518406404,-576.5226937536005,-0.996043433052618,-0.01902815845254927,-0.08680673164369339,188.22776709057084,0.0,0.0,0.0,1.0
2026-07-17T22:25:13.443,153,random,31,3,65.546929262055,9.827113033220252,-43.28634407104388,-7.2596226640509895,11.984135693295283,8.98456802049499,329.732513,-500.791931,-29.189329,175.61952832094966,12.272870563261261,-171.11860106551995,704.3884145404276,-576.6769416540449,188.24842613377245,-167.06524545332474,85.03404768957482,-168.88335159825255,0.2475717764983504,0.7775038394020584,20,20,10,-0.9654303892989404,-0.16997972700486508,0.1976133999136897,329.732513,-0.1508612679972816,0.9826172757878191,0.10818579916780893,-500.791931,-0.21256773329070594,0.07463365012296162,-0.9742919362454842,-29.189329,0.0,0.0,0.0,1.0,-0.07631548655452303,0.9752645434200873,-0.20744882949671248,-0.11652165696643452,-0.9520439304343344,-0.1330989007415366,-0.2754941689846434,0.044020505483488,-0.29629090609583547,0.17647592744905513,0.9386521965008682,0.5764763346886698,0.0,0.0,0.0,1.0,-0.08493952128673603,0.030902148791271733,0.9959067902789204,704.3884145404276,-0.016690103831408107,0.9993345819589381,-0.03243198629520183,-576.6769416540449,-0.9962463139995437,-0.019376545126451677,-0.08436724092493306,188.24842613377245,0.0,0.0,0.0,1.0
2026-07-17T22:25:20.420,154,random,31,4,65.546929262055,9.827113033220252,-43.28634407104388,-8.557356506493424,-6.766330309940997,-9.385272939328773,329.721344,-500.806763,-29.238531,174.34733283264114,-6.43998832149094,170.51997476116728,706.8372198362072,-578.2617074502642,186.29897629610738,-166.1146982414237,86.0773713800337,-166.69360484132412,0.45740512246918125,0.9930926645618384,24,24,10,-0.9801191380346473,0.1747997104191888,-0.09386978478502958,329.721344,0.16366445121418113,0.9797271658981387,0.11553626188328064,-500.806763,0.11216248333101826,0.09787615459635113,-0.9888578440273658,-29.238531,0.0,0.0,0.0,1.0,-0.12470954039387787,0.9796140582976285,0.15749230876584927,0.0166310150650186,-0.990971338538883,-0.1308522243253108,0.0292147494182763,0.1554845956217848,0.04922739815592608,-0.15242700605459716,0.9870879753578345,0.5381198860717329,0.0,0.0,0.0,1.0,-0.06657274277586293,0.009556557789498883,0.997735807778048,706.8372198362072,-0.015744975586191434,0.9998195641637149,-0.010627081408781297,-578.2617074502642,-0.9976573388007973,-0.01641679989201861,-0.06641026289826278,186.29897629610738,0.0,0.0,0.0,1.0
2026-07-17T22:25:27.490,155,random,31,5,65.546929262055,9.827113033220252,-43.28634407104388,9.712140876700602,-1.1180541637080097,7.988052733849113,329.733154,-500.77298,-29.164057,-167.439982837662,-0.8458575929516342,-172.1269494891707,708.3797966483484,-573.6347113913333,189.77919855351638,-165.67914334757032,85.24797198848182,-167.46106231625345,0.3689834742569195,0.8794895813985077,22,24,10,-0.9904660577718891,-0.13688058490611524,0.015514312023823015,329.733154,-0.13696371076260863,0.9664285898878455,-0.2173861140494648,-500.77298,0.014762463749294897,-0.21743846514163548,-0.9759623883843581,-29.164057,0.0,0.0,0.0,1.0,0.21037846307291058,0.9660957463416588,-0.1496659987292799,-0.164351719684425,-0.9752627959458853,0.19677240427914114,-0.10071295724990197,0.08996681179975952,-0.0678482211918203,0.16715151753651292,0.9835939147160002,0.5418250924552639,0.0,0.0,0.0,1.0,-0.08086755592623647,0.030265365312757947,0.9962652488474155,708.3797966483484,-0.017985572120440857,0.9993318302534302,-0.03181842607405639,-573.6347113913333,-0.9965625708373846,-0.020491478834262413,-0.08026918276130363,189.77919855351638,0.0,0.0,0.0,1.0
2026-07-17T22:25:47.903,156,random,32,1,-55.33158184426986,70.00939203829408,51.338608562885334,-6.66179171630637,6.943232450771507,6.987266779787106,208.854675,-440.609436,65.435524,176.21752437172768,7.231815994361738,-173.116046530905,696.6462286264687,-577.6529749721609,189.46337316130683,-162.5598636946165,85.85817963172765,-166.65669754990083,0.2987595730664704,0.7132460151744674,16,16,10,-0.9848932490269172,-0.1278422552728744,0.11679745625632444,208.854675,-0.1189053152033108,0.9896329875894312,0.08054859335344054,-440.609436,-0.12588412941115376,0.06544392746131485,-0.9898839721506931,65.435524,0.0,0.0,0.0,1.0,-0.07278456575306952,0.9764728153964695,-0.2029858314755717,-0.1843663096578198,-0.9777480687165784,-0.11001120231925525,-0.17862320533814385,-0.025160968369405304,-0.19675141958608025,0.1854679922681108,0.9627515269969187,0.6597405407154074,0.0,0.0,0.0,1.0,-0.07027571456623363,0.07068071515308988,0.9950203819257443,696.6462286264687,-0.016668565230027865,0.997264087281373,-0.07201735313118708,-577.6529749721609,-0.997388331030285,-0.021646633093799945,-0.06890530023390723,189.46337316130683,0.0,0.0,0.0,1.0
2026-07-17T22:25:53.905,157,random,32,2,-55.33158184426986,70.00939203829408,51.338608562885334,1.7661699814350875,14.412124850499321,-9.0285903651133,208.85437,-440.609985,65.435684,-175.35476452381965,14.700779220128123,170.86844769216586,698.1229067999749,-576.6795608997385,189.5826387806536,-152.4420844179337,85.84023511232984,-154.53425017809033,0.2160990456086302,0.4219067266609517,12,12,10,-0.9550057361807136,0.17847191693843267,0.23687933368332212,208.85437,0.1535065894059005,0.980821820773747,-0.12010113614383645,-440.609985,-0.2537710993610221,-0.07833473532471562,-0.964087080284092,65.435684,0.0,0.0,0.0,1.0,0.035849162011378104,0.9886019768133281,0.14622232737807742,-0.050364334369651195,-0.9497799239681449,0.07921696795320103,-0.30272556551333085,-0.1145512404889192,-0.310858381920363,-0.12802657313652208,0.9417941722907257,0.6996467448920063,0.0,0.0,0.0,1.0,-0.06549023367362407,0.035406715576893164,0.9972248461532793,698.1229067999749,-0.0311891976011362,0.9988093613671357,-0.03751124629189821,-576.6795608997385,-0.997365661754189,-0.03355926306448212,-0.06430795142280187,189.5826387806536,0.0,0.0,0.0,1.0
2026-07-17T22:25:59.143,158,random,32,3,-55.33158184426986,70.00939203829408,51.338608562885334,-9.65450767102304,2.282504209384225,-14.048115079283761,208.849319,-440.624023,65.385025,173.33033274628394,2.624948842612354,165.86847419717716,702.5337935955357,-578.5553501803569,188.5491490513852,-163.7044529328271,85.71882634323708,-165.45852353365927,0.3195146917641897,0.713810243226614,20,20,10,-0.9687203000957113,0.23733806431134385,0.07246808546815182,208.849319,0.24389244692608067,0.9644735830414696,0.10152429240117075,-440.624023,-0.0457979750085511,0.11602306169074278,-0.9921901000519114,65.385025,0.0,0.0,0.0,1.0,-0.15092686313745302,0.9684867148671836,0.19812764852301187,0.003928875004663173,-0.9822821705215101,-0.12440296646053212,-0.1401629031212257,-0.001570763741998571,-0.11109824237601093,-0.2157716039278324,0.9701029818938663,0.6975232487518155,0.0,0.0,0.0,1.0,-0.07225970395702719,0.02985167411468046,0.9969390215738337,702.5337935955357,-0.018743447984634426,0.9993348396176511,-0.03128196739353557,-578.5553501803569,-0.9972097163293632,-0.020946500397771732,-0.0716521163636923,188.5491490513852,0.0,0.0,0.0,1.0
2026-07-17T22:26:06.214,159,random,32,4,-55.33158184426986,70.00939203829408,51.338608562885334,-3.45260669949754,5.3035082703040075,11.6108477739886,208.854431,-440.609741,65.435593,179.4265463906964,5.5922399678153765,-168.4923344199788,692.6628462824239,-577.1196003977122,189.7890452132633,-154.79522672840193,87.22514648827833,-158.73173228332462,0.38706873033891037,0.7759181750789519,19,19,10,-0.9752343029950226,-0.2004447466804493,0.09348774138903428,208.854431,-0.19854954211910533,0.9796543701490803,0.02924712587763548,-440.609741,-0.09744810714480835,0.00996085217334143,-0.9951907595219495,65.435593,0.0,0.0,0.0,1.0,-0.018109504450205628,0.9632928686372206,-0.26784117510428196,-0.22397066921581932,-0.9892926590227933,-0.056064419897110467,-0.13474722863648012,-0.0194822284111249,-0.14481740452093236,0.2625331027780596,0.9539938622934347,0.636840601118027,0.0,0.0,0.0,1.0,-0.04511420926269641,0.06818562845627804,0.9966521099132952,692.6628462824239,-0.01756051760612631,0.9974596189875764,-0.06903576399638307,-577.1196003977122,-0.9988274807713324,-0.020616220826858232,-0.043802227053103646,189.7890452132633,0.0,0.0,0.0,1.0
2026-07-17T22:26:12.587,160,random,32,5,-55.33158184426986,70.00939203829408,51.338608562885334,9.719193602171746,2.8977261954332363,-5.828775631395386,208.854187,-440.609772,65.436073,-167.40176655272677,3.1865047776200734,174.06830238641246,706.5203889304286,-575.8607006759476,190.47284850855272,-160.7245862268988,83.90037308354621,-164.35595264249153,0.16392421350394146,0.3170564412424687,20,20,10,-0.9931079598994307,0.11291387921891738,0.03141712692348547,208.854187,0.10318303826574421,0.9694452552915134,-0.22255147181499932,-440.609772,-0.05558633463937538,-0.21777592353726394,-0.9744145968369169,65.436073,0.0,0.0,0.0,1.0,0.17721156979201694,0.9815974994992999,0.0711506044146558,-0.09665494892505522,-0.9720603047254325,0.18587997539766263,-0.14334363858666416,-0.025897876275800445,-0.15393122980392607,-0.04376052699506672,0.9871120467141328,0.6951422043047205,0.0,0.0,0.0,1.0,-0.10232134183685603,0.06153723903225796,0.992846166944805,706.5203889304286,-0.02865344401679844,0.9974882447327569,-0.06477794197054912,-575.8607006759476,-0.9943386360544793,-0.03507662800570277,-0.10030108183398667,190.47284850855272,0.0,0.0,0.0,1.0
2026-07-17T22:26:34.006,161,random,33,1,58.187804864484235,-15.635952014643042,-47.86750538607551,10.482407989903422,-13.840545875453977,-8.025685901506137,322.356445,-526.274414,-33.814117,-166.58421307485466,-13.487999455174707,171.89988631496033,700.5947776912299,-575.380688357292,187.62391261100333,-156.1472976237755,87.57672420753909,-157.67368619005052,0.3497329732190325,0.6105722921480574,20,20,10,-0.9627173393758267,0.0834823322305088,-0.25730531411240665,322.356445,0.13701691623291049,0.9706326948105403,-0.19773349850455862,-526.274414,0.23324169681073936,-0.22561664825580502,-0.9458834171813477,-33.814117,0.0,0.0,0.0,1.0,0.20655947748146308,0.9762083727804698,0.06595752554403508,-0.06054804329668548,-0.9582772368920636,0.18823123017261403,0.2151133218613306,0.19506733771763812,0.19758015972535573,-0.10763929069355398,0.9743592066491144,0.499216409813676,0.0,0.0,0.0,1.0,-0.039111912836568466,0.026302835959193197,0.998888591933439,700.5947776912299,-0.01606195251583395,0.9995077869146962,-0.026948053329786913,-575.380688357292,-0.999105736123882,-0.017098091045193137,-0.03867018653907074,187.62391261100333,0.0,0.0,0.0,1.0
2026-07-17T22:26:40.974,162,random,33,2,58.187804864484235,-15.635952014643042,-47.86750538607551,3.558248294173751,0.23531040288532168,12.9838501090033,322.373688,-526.254883,-33.770721,-173.56260983642997,0.5240844952061642,-167.1193556555068,708.1878200378776,-574.6882142055359,188.47685495759606,-167.25305334342883,85.4473321031207,-168.66364408398266,0.3276320240880433,0.884218709729924,24,24,10,-0.9747957760669584,-0.22051556796832628,0.03385379218969133,322.373688,-0.22291148397158284,0.9689187888849977,-0.10726999048762889,-526.254883,-0.009146872449263677,-0.11211273268115313,-0.9936533952516649,-33.770721,0.0,0.0,0.0,1.0,0.11380327547306497,0.9651781939024838,-0.23554164919763446,-0.1514227701422416,-0.989557178416495,0.08900985368935968,-0.11337476170022806,0.10058034400915881,-0.08846131999911867,0.2459843490170432,0.9652286231264979,0.5473265107541918,0.0,0.0,0.0,1.0,-0.07782685193011755,0.023934365691710046,0.9966795509378042,708.1878200378776,-0.015602701388282935,0.9995601091259398,-0.025221894328692093,-574.6882142055359,-0.9968447907412847,-0.017513834048406982,-0.0774191758473907,188.47685495759606,0.0,0.0,0.0,1.0
2026-07-17T22:26:44.411,163,random,33,3,58.187804864484235,-15.635952014643042,-47.86750538607551,1.7687259508453543,2.396966690705259,6.145161666283162,322.37323,-526.255554,-33.770042,-175.3520716221826,2.6855677773371935,-173.9577215319522,708.4371294787177,-575.0084661052161,188.61751780544427,-166.80782049434282,85.03973132407758,-168.37222219978653,0.25266208114273236,0.6171408426637097,24,24,10,-0.9933523036975355,-0.10114044828860426,0.054970996523434575,322.37323,-0.10514668229208846,0.9915738626948691,-0.07566670353162919,-526.255554,-0.046854839043218355,-0.08094371217307136,-0.9956167633772933,-33.770042,0.0,0.0,0.0,1.0,0.07192579732713222,0.9899541867915638,-0.12172669276994821,-0.09988966386688025,-0.9885512187631659,0.05452439015089998,-0.1406896540635875,0.0945014930862334,-0.13263923839013786,0.13045228603794376,0.9825421281078784,0.5687911902815947,0.0,0.0,0.0,1.0,-0.08469045479084467,0.02646340855969437,0.9960558291956947,708.4371294787177,-0.017427247171382734,0.9994550028269682,-0.028035484304214618,-575.0084661052161,-0.996254896059913,-0.019732849047895636,-0.08418311437043344,188.61751780544427,0.0,0.0,0.0,1.0
2026-07-17T22:26:49.213,164,random,33,4,58.187804864484235,-15.635952014643042,-47.86750538607551,-9.588298513272564,7.790847225298606,12.8531997260055,322.373413,-526.254456,-33.770515,173.2910851373175,8.079507052257787,-167.24999003279663,705.7033101727468,-576.5632886400001,187.51055141280466,-167.66246959901798,85.02397164543649,-169.45535215909743,0.29908944799156745,0.9224906008631572,24,24,10,-0.9656610253096582,-0.23520096308211463,0.11035982585680944,322.373413,-0.21850695816084692,0.9650398761229209,0.14475063636458155,-526.254456,-0.14054712175350104,0.11566565807491512,-0.98329444324114,-33.770515,0.0,0.0,0.0,1.0,-0.11049159788508334,0.9551091034777455,-0.2748785318113063,-0.10761497044583637,-0.9678799599254828,-0.16624777860951498,-0.18860026320779266,0.08056245783989051,-0.22583177360913628,0.24521067791052586,0.9427999435019138,0.570274328529756,0.0,0.0,0.0,1.0,-0.08527414798817182,0.03049488955792147,0.9958907477207232,705.7033101727468,-0.01587337171930654,0.9993630819907511,-0.031960388361356395,-576.5632886400001,-0.9962310754815639,-0.018533538917274453,-0.08473577863010243,187.51055141280466,0.0,0.0,0.0,1.0
2026-07-17T22:26:56.885,165,random,33,5,58.187804864484235,-15.635952014643042,-47.86750538607551,-0.6362966187304018,10.413340206336727,-13.815878906811385,322.373718,-526.255615,-33.770214,-177.75717655880322,10.702049472130595,166.0809842433912,702.6248676887526,-574.596098967613,189.21489615084394,-165.84944946667017,83.3176741055848,-168.33304068108646,0.41321015777761083,0.7549269213281028,20,20,10,-0.9537535947419998,0.24741990427762958,0.17069701662290934,322.373718,0.23636610501671768,0.968144970700315,-0.08262191057408401,-526.255615,-0.18570176336249253,-0.03845395525735367,-0.981853425114526,-33.770214,0.0,0.0,0.0,1.0,-0.012785212829431986,0.9783234316885489,0.20668769034958875,0.044206447174189284,-0.9576748402270828,0.0474658877268265,-0.2839117642830872,0.048036974188364834,-0.28756814623483073,-0.20156947316358623,0.9363088746560173,0.5955006809890654,0.0,0.0,0.0,1.0,-0.11396023121760573,0.0417067947745941,0.9926094947009422,702.6248676887526,-0.023531501856035128,0.998724823700576,-0.04466536627693786,-574.596098967613,-0.9932065918635602,-0.028447667635212445,-0.11283348831303308,189.21489615084394,0.0,0.0,0.0,1.0
2026-07-17T22:27:14.664,166,random,34,1,2.5211978975496487,-63.270864675802216,-47.99047832452404,-5.90032759470461,3.00171680099913,2.0487058157331965,266.706879,-573.890137,-33.893459,176.978813394118,3.2904393216568057,-178.0544843586966,709.9158716281643,-575.8528916242132,187.4985416405276,-167.697455979253,84.38073353256738,-168.7081136394582,0.2301315458073228,0.4710129273328879,24,24,10,-0.9977759206485265,-0.03692534435097789,0.05549532519543358,266.706879,-0.0338931606410292,0.9979317762388111,0.05462072532118835,-573.890137,-0.05739743753641454,0.05261833252216401,-0.9969638134089123,-33.893459,0.0,0.0,0.0,1.0,-0.06795314291334519,0.9958644152686982,-0.06030287530235526,-0.0011750619732567693,-0.9857969145226937,-0.07632471840926433,-0.14959605836145135,0.0942309931225703,-0.15357999116335005,0.049280866076799774,0.9869065723527157,0.634864070229322,0.0,0.0,0.0,1.0,-0.09602210352630565,0.016634290128025787,0.9952402001659297,709.9158716281643,-0.01917296942965266,0.9996439406120362,-0.01855772725545517,-575.8528916242132,-0.9951945301686662,-0.020863661940679384,-0.09566898521878463,187.4985416405276,0.0,0.0,0.0,1.0
2026-07-17T22:27:20.436,167,random,34,2,2.5211978975496487,-63.270864675802216,-47.99047832452404,-10.158226869125624,-14.000289549249727,-5.472401883312383,266.693573,-573.903809,-33.931816,172.72821139938097,-13.696670684161358,174.42972416358097,703.978656827859,-579.1163317348445,185.03715447303796,-165.11846131307152,86.74530035374555,-165.55001949604824,0.3863597743185833,0.8979259909861654,24,24,10,-0.9669750541776075,0.12611526189011774,-0.2214817945488974,266.693573,0.09430628419326251,0.9843635823094218,0.14877722468382618,-573.903809,0.23678169135275767,0.1229767398386748,-0.9637484900630341,-33.931816,0.0,0.0,0.0,1.0,-0.14365775693361096,0.9833401033159445,0.11137634436176266,0.082445395430057,-0.9722629880742663,-0.16123063317473613,0.16943838097365083,0.2066572044257982,0.18457283357445065,-0.08394595962081852,0.9792272182540873,0.5514874980935216,0.0,0.0,0.0,1.0,-0.054978661265022044,0.007130895832618252,0.9984620659444856,703.978656827859,-0.014167253310639989,0.9998682643912304,-0.007921035090156124,-579.1163317348445,-0.9983870170125096,-0.01458095291439064,-0.054870393410018474,185.03715447303796,0.0,0.0,0.0,1.0
2026-07-17T22:27:25.139,168,random,34,3,2.5211978975496487,-63.270864675802216,-47.99047832452404,3.52640227168596,-11.840407402865885,-12.799741453168412,266.707031,-573.890564,-33.893162,-173.59446628983926,-11.551688586530094,167.0970675972762,703.9041038883139,-576.5340158556047,186.79656852410733,-164.23513448700365,86.61707663885704,-164.18755123706953,0.4972752533483858,0.9551991430397353,22,22,10,-0.9550056732357658,0.2001290098519909,-0.21888934077100128,266.707031,0.21877693943250293,0.9736533130363672,-0.06431078281169582,-573.890564,0.2002518785431206,-0.10930510248368051,-0.9736280499816053,-33.893162,0.0,0.0,0.0,1.0,0.0820964866834317,0.9750223982178191,0.20637705746474633,0.06629949803823185,-0.9853931712495155,0.04841164691234564,0.1632685226798365,0.20839748859452795,0.1491994132999825,-0.21676631522633863,0.9647548391452285,0.5539104781242892,0.0,0.0,0.0,1.0,-0.05677588691783931,-0.001286000190438157,0.998386120129984,703.9041038883139,-0.016079280979281827,0.9998706502368597,0.00037352122640687093,-576.5340158556047,-0.9982574594701913,-0.016032123952473155,-0.05678922092871584,186.79656852410733,0.0,0.0,0.0,1.0
2026-07-17T22:27:32.344,169,random,34,4,2.5211978975496487,-63.270864675802216,-47.99047832452404,13.855147461181264,-10.503830595426678,10.909464436235293,266.70932,-573.870911,-33.872337,-163.25630231339625,-10.22145247357486,-169.19541093038382,708.0780183523982,-572.9115597660692,187.8404996980512,-166.29622430478406,86.16229976332055,-167.62422300355627,0.26236519717654283,0.6353619693925071,24,24,10,-0.9666828280734406,-0.22972863491460851,-0.11291175407461146,266.70932,-0.1844848563317792,0.9310434432358387,-0.3148387596719891,-573.870911,0.17745322677307906,-0.28351871385822885,-0.9424051629739716,-33.872337,0.0,0.0,0.0,1.0,0.2845459819270301,0.9299778679448297,-0.23275469770118884,-0.15786156919691358,-0.9521898452257741,0.3023338485831205,0.04391745267927045,0.15708107687902628,0.11121188254003699,0.20913012488330993,0.9715433639566441,0.5674968690318711,0.0,0.0,0.0,1.0,-0.065375168505834,0.022656999613434255,0.9976035022549543,708.0780183523982,-0.014344690898095628,0.9996175512429913,-0.02364278092790194,-572.9115597660692,-0.9977576445138728,-0.015855964665812423,-0.0650251581977667,187.8404996980512,0.0,0.0,0.0,1.0
2026-07-17T22:27:38.314,170,random,34,5,2.5211978975496487,-63.270864675802216,-47.99047832452404,-4.25254783296246,-1.9625696157931003,9.801465027238844,266.706787,-573.890137,-33.893433,178.62686919603232,-1.6739534942542131,-170.3016778412224,709.982079511515,-575.0849332432284,187.26311314789112,-167.0440708882367,85.42743463626809,-168.2172834711118,0.24606242265493833,0.5667826904530825,24,24,10,-0.9852877447523654,-0.16772212914942233,-0.03282297113885715,266.706787,-0.16838862259781778,0.9855432688689756,0.018701255750981933,-573.890137,0.02921184383785875,0.023953133002562275,-0.9992862030464317,-33.893433,0.0,0.0,0.0,1.0,-0.02683142782719003,0.9814479780051614,-0.18984188407813035,-0.06472720709028057,-0.9983627629646749,-0.03590644202883258,-0.04452550894005071,0.13357064160177817,-0.05051601732415929,0.18833638493506794,0.9808045361351541,0.6100921326796411,0.0,0.0,0.0,1.0,-0.07804182073479624,0.019776431336653577,0.9967539149559352,709.982079511515,-0.016279218303114348,0.9996446484678105,-0.021108383194984457,-575.0849332432284,-0.9968171654159238,-0.017873711233355686,-0.07769214361123769,187.26311314789112,0.0,0.0,0.0,1.0
