timestamp,sample_id,sample_type,position_index,orientation_index,offset_x_mm,offset_y_mm,offset_z_mm,offset_roll_deg,offset_pitch_deg,offset_yaw_deg,tcp_x_mm,tcp_y_mm,tcp_z_mm,tcp_roll_deg,tcp_pitch_deg,tcp_yaw_deg,marker_base_x_mm,marker_base_y_mm,marker_base_z_mm,marker_base_roll_deg,marker_base_pitch_deg,marker_base_yaw_deg,mean_reprojection_error_px,max_reprojection_error_px,used_corner_count,detected_corner_count,averaged_frames,T_base_tcp_00,T_base_tcp_01,T_base_tcp_02,T_base_tcp_03,T_base_tcp_10,T_base_tcp_11,T_base_tcp_12,T_base_tcp_13,T_base_tcp_20,T_base_tcp_21,T_base_tcp_22,T_base_tcp_23,T_base_tcp_30,T_base_tcp_31,T_base_tcp_32,T_base_tcp_33,T_cam_board_m_00,T_cam_board_m_01,T_cam_board_m_02,T_cam_board_m_03,T_cam_board_m_10,T_cam_board_m_11,T_cam_board_m_12,T_cam_board_m_13,T_cam_board_m_20,T_cam_board_m_21,T_cam_board_m_22,T_cam_board_m_23,T_cam_board_m_30,T_cam_board_m_31,T_cam_board_m_32,T_cam_board_m_33,T_base_board_mm_00,T_base_board_mm_01,T_base_board_mm_02,T_base_board_mm_03,T_base_board_mm_10,T_base_board_mm_11,T_base_board_mm_12,T_base_board_mm_13,T_base_board_mm_20,T_base_board_mm_21,T_base_board_mm_22,T_base_board_mm_23,T_base_board_mm_30,T_base_board_mm_31,T_base_board_mm_32,T_base_board_mm_33
2026-07-18T16:36:00.047,0,reference,0,0,0.0,0.0,0.0,0.0,0.0,0.0,264.206299,-526.868896,27.166712,179.76894596906658,0.2897447569976573,179.8939080641846,795.6150968450279,-389.62919618333154,-99.40821389838224,161.11205020996877,-85.9198708983135,17.88208702512899,0.2297853245381561,0.4050611111534447,24,24,10,-0.9999854991146514,0.0018312445235998,0.005064395710891,264.206299,0.0018516288553552,0.9999901923281784,0.0040232720557643,-526.868896,-0.0050569784460408,0.0040325910959907,-0.9999790823702508,27.166712,0.0,0.0,0.0,1.0,0.0259938774582873,-0.9995220054781336,-0.0167355579426899,0.1432010683464246,0.9970138236325816,0.0271391633782424,-0.0722973118218713,-0.2318156953366968,0.0727169431441075,-0.0148062951510045,0.9972427085738348,0.7105068882866188,0.0,0.0,0.0,1.0,0.0677142172976908,-0.0167738931079755,0.9975637429687206,795.6150968450279,0.0218477198728372,-0.9995939749686196,-0.0182910454264578,-389.62919618333154,0.997465519159494,0.0230330570362889,-0.0673202523126875,-99.40821389838224,0.0,0.0,0.0,1.0
2026-07-18T16:36:12.158,1,random,1,1,-69.30092958392332,-30.00122808975842,24.485335380394343,2.708467175088135,1.7626259637020674,11.44024661495951,194.905823,-556.862305,51.690536,-177.48874583178443,2.035260679863711,-168.6605548286292,796.538430529409,-388.4145652321521,-99.14943734689469,156.99731210384687,-86.3213633080004,21.01954995036427,0.2435432911373445,0.6826940532402678,24,24,10,-0.9798610018060012,-0.194906656260935,0.0434029087149887,194.905823,-0.1964971635674158,0.9798438692189256,-0.0359841168301371,-556.862305,-0.0355145301207854,-0.0437879812193531,-0.998409400422008,51.690536,0.0,0.0,0.0,1.0,-0.0328213491851243,-0.9734735494284148,-0.2264332298955053,0.0598952631842479,0.994580966817587,-0.0094505322983605,-0.1035344767865774,-0.2726512093459258,0.0986481600530938,-0.2286043219244123,0.9685084431824114,0.7972588218298007,0.0,0.0,0.0,1.0,0.059890877447139,-0.0338538048298259,0.9976306945444068,796.538430529409,0.0230134035700341,-0.99911225914995,-0.0352856468327484,-388.4145652321521,0.9979396104247658,0.0250721661375068,-0.059058618595754,-99.14943734689469,0.0,0.0,0.0,1.0
2026-07-18T16:36:17.291,2,random,1,2,-69.30092958392332,-30.00122808975842,24.485335380394343,8.987416218227473,-11.043108189896984,2.3833046487309737,194.894958,-556.886963,51.614067,-171.2424745408272,-10.73894795413702,-177.71666844268748,800.0814513208741,-388.92726486379433,-100.2691903176952,152.80434501276963,-87.23051498414685,25.935487578502997,0.1920728210551369,0.4828944836871465,24,24,10,-0.9817062922072324,-0.0677241217833813,-0.1779499906417469,194.894958,-0.0391433431677743,0.986426512617471,-0.1594695390693286,-556.886963,0.1863345231737209,-0.1495866923693549,-0.9710320627763112,51.614067,0.0,0.0,0.0,1.0,-0.1315093117642931,-0.9878040213883548,-0.0833577605761858,0.1529138896058976,0.9810000641297506,-0.1417788224667837,0.1324297537464923,-0.1150061261874207,-0.1426330084402143,-0.0643582226986345,0.9876810436949608,0.808990986884798,0.0,0.0,0.0,1.0,0.0434515830148107,-0.0215122524670668,0.998823899857878,800.0814513208741,0.0211322234769506,-0.9995246754329596,-0.0224466552420937,-388.92726486379433,0.998832012434737,0.0220827125695724,-0.0429763276833006,-100.2691903176952,0.0,0.0,0.0,1.0
2026-07-18T16:36:22.429,3,random,1,3,-69.30092958392332,-30.00122808975842,24.485335380394343,-1.018714330078854,-0.2599876230628108,10.56153091624843,194.908859,-556.86853,51.696674,178.7819115753947,0.0134645081855743,-169.53941479058037,797.4673796780494,-388.4337434291601,-100.0430839522908,158.13467311897236,-86.29179278248019,20.373057497526585,0.1762244709321889,0.4254207492308157,17,17,10,-0.9833800108216098,-0.1815229680744638,-0.0036285503893309,194.908859,-0.181559078791152,0.9831569087916184,0.0209474008845338,-556.86853,-0.000234999997837,0.0212580515745517,-0.9997739944698776,51.696674,0.0,0.0,0.0,1.0,0.0323441374274541,-0.977450007176782,-0.2086752027534254,0.0584939213854655,0.9974291885006707,0.0449240839497032,-0.0558286719184055,-0.2550473209702533,0.0639442780940319,-0.2063330079056409,0.976390198203384,0.8030892104284286,0.0,0.0,0.0,1.0,0.0606295431287134,-0.0253111197976629,0.9978393686934746,797.4673796780494,0.0225154773299659,-0.9993894011896912,-0.0267184967824793,-388.4337434291601,0.9979063642349452,0.0240867599377734,-0.0600226308578092,-100.0430839522908,0.0,0.0,0.0,1.0
2026-07-18T16:36:26.298,4,random,1,4,-69.30092958392332,-30.00122808975842,24.485335380394343,8.92815556329619,0.856182206366924,9.974293213010291,194.905319,-556.870056,51.651932,-171.3032080671111,1.145915590261647,-170.13179585496613,797.044209435012,-387.5656875964461,-99.07070760028635,155.59879335403062,-86.4396502810431,22.599337477472417,0.237089974022323,0.5971817093662439,24,24,10,-0.9850075508534034,-0.1664327330449728,0.0453901986442067,194.905319,-0.1713481196052898,0.9743952967606228,-0.1455803130870008,-556.870056,-0.019998666693333,-0.1511752328324937,-0.9883046606732816,51.651932,0.0,0.0,0.0,1.0,-0.137172306692769,-0.9723826252248324,-0.1888274038307118,0.0930392892203853,0.9872690190276672,-0.1187150457638273,-0.1058613337221821,-0.2536437080750032,0.0805210677073499,-0.2009446890817328,0.9762876571918307,0.7991070870753818,0.0,0.0,0.0,1.0,0.0573314847065418,-0.0307072386585055,0.9978828419986552,797.044209435012,0.023864015944169,-0.999199124820084,-0.0321188060455729,-387.5656875964461,0.9980699422407022,0.0256549108894624,-0.0565527713104649,-99.07070760028635,0.0,0.0,0.0,1.0
2026-07-18T16:36:32.007,5,random,1,5,-69.30092958392332,-30.00122808975842,24.485335380394343,-6.681880845021366,11.508290721334532,4.658871470525334,194.905426,-556.869324,51.652065,173.08734134536897,11.797888551097811,-175.44712532039478,789.5516072933722,-389.38021774460026,-99.70143543301008,160.60575538029525,-85.33236831473204,16.620790987058697,0.1449911788038116,0.3987105502036887,16,16,10,-0.9757860884838184,-0.1033324001000241,0.1927794714460491,194.905426,-0.0777021660874197,0.9876448561405572,0.1360882490313581,-556.869324,-0.2044599787410059,0.1178136377023748,-0.9717592622993416,51.652065,0.0,0.0,0.0,1.0,0.1323542522970775,-0.9781024075345286,-0.160617658661932,0.0916420306643656,0.9503367304596786,0.1712694906420702,-0.2598593086930205,-0.3865080416564773,0.2816779200400527,-0.1182473760823689,0.952194889406336,0.7423160041472795,0.0,0.0,0.0,1.0,0.0779755006610562,-0.0473317171475473,0.9958310749562508,789.5516072933722,0.0232763193572057,-0.998513653929898,-0.0492818006240211,-389.38021774460026,0.9966835175991622,0.0270220552036477,-0.076757893918033,-99.70143543301008,0.0,0.0,0.0,1.0
2026-07-18T16:36:52.482,6,random,2,1,-63.63179075141072,27.968590017589456,-85.46715304834245,7.779134076285665,-3.959753794606304,-7.733422723294717,200.574203,-498.900909,-58.30048,-172.45193115056887,-3.670023860930975,172.16046752018585,796.2030438882424,-390.112758477799,-99.30953259236298,155.163607806101,-86.08046436712587,23.584893127715603,0.2532753842397378,0.4653062209228328,24,24,10,-0.9886223750128116,0.1268875661964318,-0.0807796086198359,200.574203,0.1361194069294909,0.983216832043848,-0.121474969614415,-498.900909,0.0640102076327783,-0.1310885453821406,-0.9893020199051464,-58.30048,0.0,0.0,0.0,1.0,-0.0959424711391946,-0.9890166360110813,0.112432806266809,0.193416051748891,0.9953708428233172,-0.0946857284897316,0.0164771987172699,-0.0812406366352897,-0.0056504414787227,0.1134932002971708,0.9935227053255512,0.7566688187462848,0.0,0.0,0.0,1.0,0.0626456075825739,-0.020940672734919,0.9978161233794628,796.2030438882424,0.0273495250980734,-0.9993683768036686,-0.0226903266109345,-390.112758477799,0.9976610302740708,0.0287112464064184,-0.0620333217091423,-99.30953259236298,0.0,0.0,0.0,1.0
2026-07-18T16:36:56.420,7,random,2,2,-63.63179075141072,27.968590017589456,-85.46715304834245,-1.7578568480955852,-0.4222606213533506,-8.898802140825442,200.57457,-498.900238,-58.3004,178.01134063672325,-0.1326397295727855,170.99512866066925,792.6596583013817,-390.384457626525,-99.54521500777716,160.8945649944352,-85.38529194451628,18.07442538876994,0.2546706640745448,0.4973028628377287,24,24,10,-0.9876723902395608,0.1565035141639982,0.0031463650125474,200.57457,0.1565180192279685,0.9870676013100882,0.0346361097830294,-498.900238,0.0023149979322329,0.0347015921575366,-0.9993950371531296,-58.3004,0.0,0.0,0.0,1.0,0.0711976862918292,-0.9883272395778062,0.1346854000075848,0.2038445472917927,0.9950500463595444,0.0609900719669068,-0.078457736147173,-0.1488413437155606,0.0693274455505051,0.1396047228068745,0.9877774175711128,0.747896901050252,0.0,0.0,0.0,1.0,0.0764847013094882,-0.0169848529030827,0.9969260781208696,792.6596583013817,0.0249612723258863,-0.9995089111964084,-0.0189438993568505,-390.384457626525,0.9967582582298836,0.026333461808698,-0.0760231769903001,-99.54521500777716,0.0,0.0,0.0,1.0
2026-07-18T16:37:01.355,8,random,2,3,-63.63179075141072,27.968590017589456,-85.46715304834245,-6.349827800018879,2.361770826107511,5.666948831318045,200.574448,-498.89978,-58.300785,173.4191412045292,2.6515913800859368,-174.43917796720064,794.0815236880628,-388.9092092524948,-99.4479552519042,162.51810971036986,-85.46075142769368,16.61542401571497,0.1684761734911109,0.434042017964947,24,24,10,-0.9942282499253478,-0.1015408500933596,0.0346358602130522,200.574448,-0.0967986043178916,0.9882222400472276,0.1185193422110833,-498.89978,-0.0462624821263243,0.1144825752608557,-0.9923474808297514,-58.300785,0.0,0.0,0.0,1.0,0.1287867089500794,-0.9836773721253932,-0.1256694520012287,0.049219281191248,0.983926007100767,0.1425590100326077,-0.1075478554377762,-0.1764249289461553,0.1237077044833889,-0.1097987077656404,0.9862254547639936,0.7788248646878131,0.0,0.0,0.0,1.0,0.0758374589813559,-0.014219194426283,0.9970188033959634,794.0815236880628,0.0226303599983593,-0.9996162179284764,-0.0159775987155314,-388.9092092524948,0.996863354036849,0.0237745949331939,-0.0754865684354952,-99.4479552519042,0.0,0.0,0.0,1.0
2026-07-18T16:37:13.430,10,random,2,5,-63.63179075141072,27.968590017589456,-85.46715304834245,-4.986871761030595,-10.733941002887343,6.786169708154468,200.574158,-498.899017,-58.301208,174.78220779914545,-10.444218464321729,-173.3200195059716,796.9758212344169,-389.41819040361,-100.78194642424964,159.24728493308703,-86.69942376157339,19.70727492550594,0.2204536089598164,1.1493152833135856,24,24,10,-0.9767556904844868,-0.0994678358830353,-0.1898801483328865,200.574158,-0.1143964424974165,0.9910133771530506,0.0693248890921628,-498.899017,0.1812781703628671,0.0894350933831399,-0.9793567220484272,-58.301208,0.0,0.0,0.0,1.0,0.1031357573587913,-0.9870676821989584,-0.1227208470978126,0.0508749121318682,0.9866781216000382,0.0859196376873,0.1381452142330796,-0.0379487066139513,-0.1258145457006018,-0.1353336861910564,0.9827794734690444,0.7827637660001445,0.0,0.0,0.0,1.0,0.0542018240408089,-0.0176920283341698,0.9983732540508444,796.9758212344169,0.0194148274132095,-0.9996353388184532,-0.0187684272604649,-389.41819040361,0.9983412376272776,0.0204005274132563,-0.0538385710629148,-100.78194642424964,0.0,0.0,0.0,1.0
2026-07-18T16:37:38.814,11,random,3,1,150.1001184526513,46.99843674962253,-18.627434765022315,8.590163499219742,-4.9447066890617695,1.678476308954405,414.304382,-479.872253,8.526765,-171.6382737857036,-4.647260676306107,-178.4250734605872,799.8143463235671,-389.1581262621457,-99.31343691255424,157.36219785199208,-86.6700020753559,19.96636136652252,0.3446097799762129,0.7310662110810328,24,24,10,-0.9963358671018636,-0.03896983847747,-0.0761327236831671,414.304382,-0.0273938348515125,0.9886721242134652,-0.1475703514103098,-479.872253,0.0810210944045169,-0.1449440667715452,-0.9861170314771064,8.526765,0.0,0.0,0.0,1.0,-0.1272168147305684,-0.98882637255296,-0.077706415395143,0.0957940647636097,0.9915355283057548,-0.1288317237010419,0.0161146850929758,-0.1656064206323613,-0.025945677043306,-0.074998612733655,0.996846041237458,0.5753197435670449,0.0,0.0,0.0,1.0,0.0545953104857263,-0.0459977138509295,0.9974485261874196,799.8143463235671,0.0198347763005104,-0.9986913125809074,-0.0471406812056505,-389.1581262621457,0.9983115414148408,0.0223578285151321,-0.0536115079251844,-99.31343691255424,0.0,0.0,0.0,1.0
2026-07-18T16:37:43.753,12,random,3,2,150.1001184526513,46.99843674962253,-18.627434765022315,8.493847991444028,8.097766177059484,-6.123825364974362,414.307587,-479.865326,8.597542,-172.1494094347398,8.17055004590408,173.70183858064678,792.3157330593783,-390.43588332467175,-95.87596837057136,161.80972622775818,-84.91937843249013,15.832558373645188,0.1767586859431794,0.3998809879168549,20,20,10,-0.983875151597846,0.1279693198557094,0.1249541485665143,414.307587,0.108588871431132,0.9825190950735078,-0.1512107298350497,-479.865326,-0.142120171227129,-0.1352038497662047,-0.9805721676341672,8.597542,0.0,0.0,0.0,1.0,-0.100031438210696,-0.9902097682182772,0.0973566961980834,0.1558648012421186,0.9697271310890324,-0.1189309662523462,-0.2132714619824172,-0.2381548112708,0.2227622108871567,0.0730755786250748,0.9721301133126554,0.5273539865739978,0.0,0.0,0.0,1.0,0.0851978208877827,-0.0399583069292721,0.9955624867497364,792.3157330593783,0.0241608520054067,-0.9988188382218486,-0.0421566322603016,-390.43588332467175,0.9960710740435876,0.0276452911090404,-0.0841317617380633,-95.87596837057136,0.0,0.0,0.0,1.0
2026-07-18T16:37:49.756,13,random,3,3,150.1001184526513,46.99843674962253,-18.627434765022315,-3.2502849899906163,-8.625810611971334,-11.697362355456384,414.286621,-479.881378,8.462243,176.56628378162384,-8.2319711215421,168.21559580493062,797.3470083238736,-389.4332672268796,-101.8027852859608,155.91426587158145,-87.25252810519314,22.420207597046524,0.434110887367667,0.7888778662107022,24,24,10,-0.9688366725518812,0.2122578719141224,-0.1276796684248771,414.286621,0.2021253166078818,0.97541420543964,0.0878207504677546,-479.881378,0.1431812079316349,0.0592766702594208,-0.9879197427211353,8.462243,0.0,0.0,0.0,1.0,0.0864462502683265,-0.9797452209727652,0.1806276495876912,0.1684958110083918,0.9908361909413996,0.1034380424469814,0.0868574354645297,-0.1699671961016739,-0.1037819277874735,0.1714639126923342,0.9797088537463318,0.5486289779572944,0.0,0.0,0.0,1.0,0.0443107958510415,-0.0286311740239944,0.9986074350038938,797.3470083238736,0.0182818776518503,-0.999398610402808,-0.029465072110214,-389.4332672268796,0.99885050248802,0.0195620397439811,-0.0437607161788376,-101.8027852859608,0.0,0.0,0.0,1.0
2026-07-18T16:37:54.260,14,random,3,4,150.1001184526513,46.99843674962253,-18.627434765022315,-4.2225729687388105,4.311429355103257,-9.350198147623448,414.309418,-479.85788,8.607504,175.45881365941543,4.514735538292348,170.52564704333903,792.0871096305276,-389.72565687879774,-98.22356488356962,163.14769899394636,-85.32814953027624,15.18002414961564,0.3129610970745305,0.5054697077119382,20,20,10,-0.9832988297507844,0.1579420110167372,0.0904308164661067,414.309418,0.1640953503079031,0.9842887647606142,0.0651793186014605,-479.85788,-0.0787154839791027,0.0789300242114051,-0.9937675401520834,8.607504,0.0,0.0,0.0,1.0,0.1120756357808377,-0.98621990075694,0.1216937106644927,0.1454509240409723,0.981967163625572,0.0911553696198056,-0.1656236340339942,-0.2482027505201474,0.1522482887439819,0.1380616019769755,0.9786518546623618,0.5282688240679715,0.0,0.0,0.0,1.0,0.0786069231051541,-0.0282529972727883,0.996505253265152,792.0871096305276,0.0213276022131351,-0.9993218797175492,-0.0300152311605771,-389.72565687879774,0.996677523085466,0.0236124726127613,-0.0779510494690925,-98.22356488356962,0.0,0.0,0.0,1.0
2026-07-18T16:37:57.495,15,random,3,5,150.1001184526513,46.99843674962253,-18.627434765022315,-4.104106693687846,-1.433003306962382,-6.223955857891231,414.2995,-479.874664,8.476619,175.72999458385087,-1.0706862317609696,173.68545198770602,794.7138624675795,-389.6748023511883,-99.72453151611263,163.31195306398917,-85.81816710390872,15.203281539387817,0.3080703801960991,0.4681027394015322,24,24,10,-0.9937595230627612,0.1110642394221517,-0.010331749302619,414.2995,0.1099674815524329,0.9910211260783856,0.076054458563214,-479.874664,0.018685912423228,0.0744436860177359,-0.9970501362965676,8.476619,0.0,0.0,0.0,1.0,0.1010127351444174,-0.9917266864399604,0.0792124153239983,0.1290855078202654,0.9936682638000556,0.0966321419975454,-0.0573202464191357,-0.2128117276855818,0.0491915526816142,0.0845009380763552,0.9952084116450124,0.5501431810127451,0.0,0.0,0.0,1.0,0.070369807923915,-0.0251733791572969,0.9972032847491802,794.7138624675795,0.0191233815742651,-0.9994637581462176,-0.0265799253085043,-389.6748023511883,0.997337649148932,0.0209403231599604,-0.0698506725525247,-99.72453151611263,0.0,0.0,0.0,1.0
2026-07-18T16:38:23.179,16,random,4,1,87.41281284447051,79.59774718810355,-29.45082454772055,7.308168543184259,-6.032831731851308,-0.1207628068997586,351.614838,-447.276093,-2.305647,-172.90113006195145,-5.721441950617376,179.78017594185113,801.9795401661103,-389.24711188460367,-98.99207205076128,152.94591943500444,-86.9395729659241,23.95496449075269,0.2979646345935932,0.60725046056893,24,24,10,-0.9950110083099664,-0.0085128181132773,-0.0994013343459448,351.614838,0.0038175312881745,0.9923743399976586,-0.1232014438595388,-447.276093,0.099692125049313,-0.1229662605838754,-0.9873908947125096,-2.305647,0.0,0.0,0.0,1.0,-0.1016945565464862,-0.9931924363634524,-0.0568067031189469,0.0711417671786627,0.9935031317442974,-0.1043270009317655,0.0454687155180046,-0.1455511891406849,-0.0510856573128645,-0.0518137165914007,0.9973492840474186,0.6375351841352217,0.0,0.0,0.0,1.0,0.048790452842198,-0.0534705949285796,0.9973767528819972,801.9795401661103,0.021676972970866,-0.9982741251909324,-0.0545791152099405,-389.24711188460367,0.9985737832299996,0.024283048660813,-0.0475471659877119,-98.99207205076128,0.0,0.0,0.0,1.0
2026-07-18T16:38:27.813,17,random,4,2,87.41281284447051,79.59774718810355,-29.45082454772055,3.4160414891782658,3.987854143013372,-9.297050844587362,351.621643,-447.274017,-2.245594,-177.1469192112094,4.118076856723277,170.5592223701337,795.2937788726581,-391.03063147751,-96.55609807286606,160.05148483497743,-85.38500463497387,17.52844559034556,0.2679926283182509,0.5192110716137964,24,24,10,-0.9839088169022984,0.1673507884407477,0.0625871682549985,351.621643,0.1636045764394112,0.9846466026058512,-0.0608655119491813,-447.274017,-0.0718121340025503,-0.0496465666991704,-0.9961818286964406,-2.245594,0.0,0.0,0.0,1.0,-0.0127850429071076,-0.9916931823081973,0.1279889637480657,0.1398109329521366,0.989625077067162,-0.0308680738113344,-0.1403188114936553,-0.2202953105769258,0.1431039814878587,0.1248671060873048,0.9817990916168666,0.6005586124767286,0.0,0.0,0.0,1.0,0.0767238509012061,-0.0411708440008793,0.9962019937277504,795.2937788726581,0.0242328216126729,-0.998774953905192,-0.0431435025046616,-391.03063147751,0.9967578547769654,0.0274509208577169,-0.0756321749289644,-96.55609807286606,0.0,0.0,0.0,1.0
2026-07-18T16:38:31.985,18,random,4,3,87.41281284447051,79.59774718810355,-29.45082454772055,5.65468734648406,9.06973040352733,0.8275612612020193,351.619446,-447.271057,-2.28416,-174.57634406335495,9.359494766580047,-179.27849409643463,790.0724950602867,-389.6534330929084,-95.92082179723413,164.02840702450243,-84.49921488579567,13.67016524643255,0.1597290103603674,0.3192907697981243,20,20,10,-0.986609147397432,0.0028343722384674,0.1630777624500842,351.619446,-0.0124246839764139,0.9956376567402692,-0.0924731512863722,-447.271057,-0.1626284646050578,-0.0932610466098244,-0.9822700034539597,-2.28416,0.0,0.0,0.0,1.0,-0.0700117292247884,-0.9971066605846168,-0.0296085323639842,0.0728416682841871,0.9646517834286232,-0.0601139146289186,-0.256579917366819,-0.2601503430348333,0.2540576597918896,-0.0465255272488259,0.9660693975151514,0.5980696831368641,0.0,0.0,0.0,1.0,0.0931439174303579,-0.0389254395189329,0.9948914618208284,790.0724950602867,0.0226546624126626,-0.9988939271593812,-0.0412030163346923,-389.6534330929084,0.9953948849158788,0.0263767405561518,-0.0921590507814533,-95.92082179723413,0.0,0.0,0.0,1.0
2026-07-18T16:38:34.956,19,random,4,4,87.41281284447051,79.59774718810355,-29.45082454772055,8.203044213272769,11.562357968934688,-2.986963577541317,351.618683,-447.271912,-2.284159,-172.02799967795156,11.85203306273767,176.9069644866086,790.5685518049138,-390.9942786484775,-95.39050002193429,161.79929331339028,-84.74192311663305,15.685438358992547,0.1056938524764645,0.1938281225503847,20,20,10,-0.9772555651500452,0.0818791564212643,0.1956204593773559,351.618683,0.0528071333295602,0.9873563178161152,-0.1494620632070782,-447.271912,-0.2053849241127003,-0.1357324773675952,-0.969223259901905,-2.284159,0.0,0.0,0.0,1.0,-0.1034744947880918,-0.9934291353136792,0.0489038039242977,0.1096444761358751,0.9515883956011264,-0.1131844571566561,-0.2857775428815703,-0.2696970351489348,0.2894348878169733,0.0169656054436615,0.9570473415387066,0.5868717028384172,0.0,0.0,0.0,1.0,0.088229291437697,-0.0426202117244705,0.995187977060094,790.5685518049138,0.0247759420574272,-0.9986812205328488,-0.0449663479747689,-390.9942786484775,0.995792018861152,0.0286240686762443,-0.0870569805635872,-95.39050002193429,0.0,0.0,0.0,1.0
2026-07-18T16:38:38.990,20,random,4,5,87.41281284447051,79.59774718810355,-29.45082454772055,5.924639883864959,5.980259340184588,5.672819807455788,351.618561,-447.270691,-2.283795,-174.30630905450977,6.27010633523465,-174.43356298080838,794.0290538443502,-389.1788276496832,-96.76174821613976,161.8864703305468,-85.37264303905843,15.47650222123598,0.3494485191021116,0.7090192551056997,22,22,10,-0.9893306734626054,-0.0857371307334436,0.1177877878204019,351.618561,-0.0964196479823715,0.9914251805200718,-0.0882006967869228,-447.270691,-0.1092157041317007,-0.0986167117903429,-0.9891140854960448,-2.283795,0.0,0.0,0.0,1.0,-0.0836183574115479,-0.988719793717724,-0.1242623829426107,0.0344798349288497,0.9786308336491628,-0.057970394206757,-0.197284375525933,-0.2424362847304414,0.1878554277494762,-0.1381035948348002,0.9724390651134736,0.6129729916620792,0.0,0.0,0.0,1.0,0.0777495739017342,-0.0450319197801093,0.9959553855263884,794.0290538443502,0.0215275305486699,-0.9986706291314827,-0.0468352424847452,-389.1788276496832,0.9967404723329812,0.0250818801338046,-0.0766767898544178,-96.76174821613976,0.0,0.0,0.0,1.0
2026-07-18T16:38:59.638,21,random,5,1,-30.4948074373904,-48.86228759654413,-31.48860121681035,11.01915975255328,-11.916062130544162,-2.960377868261922,233.703293,-575.740234,-4.346839,-169.20921921324648,-11.61637552160036,176.93819068644322,798.3475455658881,-388.81309410637175,-100.22119062562535,140.7602188638783,-88.0497438556255,38.70231740782602,0.1810251439834497,0.3787983659848854,24,24,10,-0.9781194735999428,0.0148236748193215,-0.20751518987636,233.703293,0.0523191996695696,0.982928744255088,-0.1763910005160451,-575.740234,0.201357882166322,-0.1833885012261312,-0.9621973087197484,-4.346839,0.0,0.0,0.0,1.0,-0.1619726214750222,-0.9867429928559942,0.0101555867435178,0.2151884153221251,0.970904732550851,-0.1575164396652371,0.1803678783640498,-0.0441055185961823,-0.1763770682454781,0.039074765319625,0.9835467922332652,0.7418147171326286,0.0,0.0,0.0,1.0,0.0265586053093989,-0.0090944222566482,0.9996058883219112,798.3475455658881,0.0212792188009276,-0.9997268937095254,-0.0096608923566459,-388.81309410637175,0.999420749900282,0.0215274122393341,-0.0263578297861557,-100.22119062562535,0.0,0.0,0.0,1.0
2026-07-18T16:39:05.041,22,random,5,2,-30.4948074373904,-48.86228759654413,-31.48860121681035,-3.771752640278862,-3.7676071528121167,-7.308104174647271,233.711563,-575.731079,-4.321851,175.99745128261793,-3.4779684080031226,172.5858886830705,789.975116966325,-389.8763689186329,-100.71432851336566,160.58734229896814,-86.47944489310966,21.310506359015204,0.2578860656795312,0.5224504355572499,24,24,10,-0.9898130091615868,0.1329241422769651,-0.0510037184371689,233.711563,0.1288021646538755,0.9886743369108248,0.0770263455865393,-575.731079,0.0606647284256742,0.0696722895696286,-0.9957236377585726,-4.321851,0.0,0.0,0.0,1.0,0.0992088915899621,-0.982004840478482,0.160698752659512,0.2564747534367143,0.995043397236179,0.0990078711754941,-0.0092778802525348,-0.1839244678064258,-0.0067995180840066,0.1608226809940957,0.9869598937300832,0.7125060367393545,0.0,0.0,0.0,1.0,0.057207918630663,0.0337020002682677,0.997793279804923,789.975116966325,0.0223165211670689,-0.9992235084417136,0.032470803199688,-389.8763689186329,0.998112832764386,0.0204096877818057,-0.0579156085671386,-100.71432851336566,0.0,0.0,0.0,1.0
2026-07-18T16:39:15.648,24,random,5,4,-30.4948074373904,-48.86228759654413,-31.48860121681035,-11.001236253748992,-4.397543549297747,8.443640731496906,233.712051,-575.736084,-4.322682,168.78929844519513,-4.111717025197327,-171.65752516761998,798.5077674948484,-388.4225871452636,-101.49538000947612,159.89149249514085,-86.61115385663884,19.198102828446657,0.1709073944973242,0.3582824477324998,24,24,10,-0.986871878301571,-0.1285287353053152,-0.0977970348136659,233.712051,-0.1447162816238223,0.9725618219282254,0.1821557036181557,-575.736084,0.0717014201428656,0.1939171646050628,-0.9783941126259036,-4.322682,0.0,0.0,0.0,1.0,0.2053077833328588,-0.9663366620177944,-0.1550553763764877,0.0962380225508252,0.9786019677883993,0.2004819163056412,0.0463161945229745,-0.1759580711085419,-0.0136712378232473,-0.1612465716681273,0.9868194568317222,0.7714557428031188,0.0,0.0,0.0,1.0,0.0558246608230783,-0.0153211410550532,0.9983230288242174,798.5077674948484,0.0194381311066677,-0.9996760734118366,-0.0164288559240043,-388.4225871452636,0.9982513542705902,0.02032266923076,-0.0555087633826305,-101.49538000947612,0.0,0.0,0.0,1.0
2026-07-18T16:39:19.850,25,random,5,5,-30.4948074373904,-48.86228759654413,-31.48860121681035,0.3696745448415601,-4.611632861900831,10.302139727964612,233.711426,-575.731201,-4.321978,-179.86170783609825,-4.321877944451311,-169.8040067003718,797.8476190486107,-387.1128529483369,-100.48696812850046,158.570386966443,-86.47292384697347,20.42342929071441,0.1645726568309763,0.3274544218874196,20,20,10,-0.9814093255846618,-0.1771944184441464,-0.0737419400863595,233.711426,-0.1765125579704402,0.9841729245637824,-0.0157153248233483,-575.731201,0.0753594886805337,-0.0024067878618799,-0.9971535262124868,-4.321978,0.0,0.0,0.0,1.0,0.0085100110469474,-0.9808409248840804,-0.1946244069599756,0.0914027353088303,0.9998535743536264,0.0054567077928712,0.0162189454755621,-0.1533265630492106,-0.0148461969627532,-0.1947339323605535,0.9807437412612628,0.7741889723375459,0.0,0.0,0.0,1.0,0.0576530197679876,-0.0169117717362356,0.9981934287944264,797.8476190486107,0.0214678059548688,-0.9996043121641832,-0.0181755993093251,-387.1128529483369,0.9981058373835489,0.0224769010210596,-0.0572671485353804,-100.48696812850046,0.0,0.0,0.0,1.0
2026-07-18T16:39:41.135,26,random,6,1,-139.97329463768875,-10.597611643217904,24.55609725653313,1.7962690265615766,9.83904960878976,8.360259158002926,124.227844,-537.461792,51.771713,-178.40358754326982,10.1081787174775,-171.74026027323688,792.7687342715572,-388.4957207670312,-99.230176240943,156.57354810840377,-86.14078900043083,20.83267944341216,0.2035477471878146,0.416078006266469,14,14,10,-0.974266125883251,-0.138766344018449,0.177621557599844,124.227844,-0.1414309670229407,0.9899452924515124,-0.0023663305021707,-537.461792,-0.1755072577513451,-0.0274266243063761,-0.9840960231378644,51.771713,0.0,0.0,0.0,1.0,-0.0123978141342402,-0.9831847263133568,-0.1821924481113942,0.0643387578680154,0.97074792205089,0.0318583447672796,-0.2379779773478388,-0.3689951299793896,0.2397806623532686,-0.1798133471487013,0.9540295562238148,0.8259032311715462,0.0,0.0,0.0,1.0,0.0629048183623763,-0.0444118319634985,0.997030878663466,792.7687342715572,0.0239363636290119,-0.9986548796220373,-0.045994368169533,-388.4957207670312,0.9977324462615296,0.0267585610364394,-0.0617571460500161,-99.230176240943,0.0,0.0,0.0,1.0
2026-07-18T16:39:47.135,27,random,6,2,-139.97329463768875,-10.597611643217904,24.55609725653313,9.393680690318536,-8.617643822846492,1.7314808684115324,124.22525,-537.477661,51.689907,-170.83435670335555,-8.31802938237075,-178.37041328693172,800.0412798625055,-388.42182780128144,-100.49351692067324,148.41080423055192,-87.3900650065718,30.63876804408602,0.1645712670115817,0.3773000384843639,22,22,10,-0.989080133192504,-0.0511093906632976,-0.13823284815819,124.22525,-0.0281386623107583,0.9861773649426016,-0.1632863146691356,-537.477661,0.1446675699915496,-0.157613562426884,-0.976846589353644,51.689907,0.0,0.0,0.0,1.0,-0.1365669369735347,-0.9887042858147458,-0.0617519792170243,0.1419411149129328,0.98503842888409,-0.1421461838259355,0.0974359073713907,-0.1329011062912585,-0.105113107399741,-0.0475215491674728,0.9933241852575092,0.8746464467174612,0.0,0.0,0.0,1.0,0.0391792342361733,-0.0161198184309722,0.9991021664766924,800.0412798625055,0.0232063305835596,-0.999585506617969,-0.0170376400990477,-388.42182780128144,0.998962688905603,0.023853016854281,-0.0387889128674132,-100.49351692067324,0.0,0.0,0.0,1.0
2026-07-18T16:39:51.637,28,random,6,3,-139.97329463768875,-10.597611643217904,24.55609725653313,8.480921552485697,-2.7877953644619677,-9.34544368820541,124.232903,-537.466675,51.723095,-171.75011514731315,-2.498210578329416,170.54873724248284,793.1410632315842,-390.02436150612846,-100.390173830304,154.5551615172168,-86.68912954712829,25.86139020556661,0.2653734031059446,0.540696859883219,24,24,10,-0.9854881230612634,0.1563397073490721,-0.0661139562512664,124.232903,0.1640525201467889,0.977244827485238,-0.1344593536606312,-537.466675,0.0435881857694869,-0.1433542572069409,-0.9887110937993824,51.723095,0.0,0.0,0.0,1.0,-0.1103715326093818,-0.9792329064224636,0.1700618704144757,0.2759702288928428,0.9938839973461384,-0.1093572361290512,0.0153490952656909,-0.1883469133903293,0.0035671569514862,0.1707158747323418,0.9853138411215252,0.8216431056418232,0.0,0.0,0.0,1.0,0.051969540820342,0.0079154414248722,0.9986173003778636,793.1410632315842,0.0251917894650192,-0.9996607654716184,0.0066126938722125,-390.02436150612846,0.9983308772999424,0.0248132981231208,-0.0521513150915696,-100.390173830304,0.0,0.0,0.0,1.0
2026-07-18T16:39:55.174,29,random,6,4,-139.97329463768875,-10.597611643217904,24.55609725653313,8.34687568790487,-8.09115127550151,-3.2469982887151456,124.232925,-537.466492,51.72282,-171.88418727137375,-7.801221451162752,176.64666976028067,799.3514665293424,-389.34560485806185,-100.5500243534083,149.85654304782506,-87.1840977890778,29.129972330511876,0.1627026317634211,0.3920844146568252,24,24,10,-0.9890485977129044,0.0387776772756603,-0.1424049265553765,124.232925,0.0579518886480396,0.9894105658378096,-0.1330725772299868,-537.466492,0.1357366935071819,-0.13986788035003,-0.9808223723397256,51.72282,0.0,0.0,0.0,1.0,-0.1143735188512213,-0.9930796255558204,0.0266749974976667,0.1995299796603238,0.9889315160423278,-0.1112590465709279,0.098162524083029,-0.1355015779253988,-0.0945153678711163,0.0376069390144864,0.9948128283120138,0.859810174034944,0.0,0.0,0.0,1.0,0.0429132884521637,-0.017158067287839,0.9989314543056336,799.3514665293424,0.0239146416146577,-0.99954839545269,-0.0181960178169611,-389.34560485806185,0.9987925408164916,0.0246699386885879,-0.04248357958597,-100.5500243534083,0.0,0.0,0.0,1.0
2026-07-18T16:40:01.110,30,random,6,5,-139.97329463768875,-10.597611643217904,24.55609725653313,-5.196445104188326,0.0041048777907626,11.476920753993252,124.239426,-537.473755,51.787262,174.62172232072933,0.2628730364060216,-168.6180413602305,796.6727190925599,-388.3330780188834,-100.23479714431517,158.02033275471254,-86.39425288715762,20.338984773974587,0.2025975009106736,0.5795177950631419,20,20,10,-0.9803230467267914,-0.196901426737662,-0.0140197077349875,124.239426,-0.1973465846170087,0.9759326505338224,0.0927889387913748,-537.473755,-0.0045879839039793,0.0937298766173348,-0.9955870934443636,51.787262,0.0,0.0,0.0,1.0,0.1032661782031873,-0.9675741939002632,-0.2305130706436496,0.0043991725460507,0.9924147048873988,0.1157700152676375,-0.0413564636808704,-0.2577624869101881,0.0667019487163889,-0.2244938370271833,0.972189985123406,0.8679367830743154,0.0,0.0,0.0,1.0,0.0589695638807364,-0.0279366812538437,0.9978687951711072,796.6727190925599,0.0218591294633558,-0.999332516506638,-0.0292694364758709,-388.3330780188834,0.9980204251390948,0.0235385490851047,-0.0583195311379311,-100.23479714431517,0.0,0.0,0.0,1.0
2026-07-18T16:40:25.430,31,random,7,1,63.754636001535005,46.14378648971783,81.73868511459213,10.63701559804931,3.162481388567516,-1.709521301660466,327.960968,-480.725159,108.90535,-169.5943614431334,3.452128011442723,178.18443118663228,793.2681506416337,-389.7747973707554,-97.3974002180014,161.31413925678166,-85.15429420327567,15.859515221710325,0.1565934716212817,0.3346717861275028,16,16,10,-0.9976843567606808,0.0420315417551166,0.053472177557255,327.960968,0.0316248619168021,0.9827153774619328,-0.1824016310469675,-480.725159,-0.0602145529234413,-0.1802882037115538,-0.981769000946094,108.90535,0.0,0.0,0.0,1.0,-0.1535427837119408,-0.9881178805494708,0.0069041805025136,0.1516298494924965,0.97812563348258,-0.1529749928041262,-0.1409570739653727,-0.3128331389573524,0.1403383721378094,-0.0148897855928343,0.9899916341013744,0.6289309767108813,0.0,0.0,0.0,1.0,0.0812572510634828,-0.0482075181397418,0.9955266417049892,793.2681506416337,0.023084674623548,-0.9984706367445848,-0.050234304577544,-389.7747973707554,0.9964257909885372,0.0270633101018904,-0.0800201243388059,-97.3974002180014,0.0,0.0,0.0,1.0
2026-07-18T16:40:34.670,33,random,7,3,63.754636001535005,46.14378648971783,81.73868511459213,-0.3868198421676574,4.376228967743884,-9.761200462876754,327.959137,-480.734955,108.85894,179.43897957485072,4.720484682523827,170.14967213817422,788.2493154658016,-389.7316797022904,-98.1181074885146,163.60534083824928,-85.70492838386046,15.860026014087332,0.1988301889118191,0.3237563208894023,14,14,10,-0.9819160410218905,0.1702728911929358,0.0827528302156252,327.959137,0.1704947211627286,0.9853486278498816,-0.0044307617854091,-480.734955,-0.0822948263230493,0.0097582846419996,-0.9965602527902188,108.85894,0.0,0.0,0.0,1.0,0.0421651519129337,-0.9863449746413386,0.159203300731913,0.1715251509757739,0.9878905035995044,0.0173454320544079,-0.1541800534594644,-0.3459521999208914,0.1493132708839928,0.1637764543108153,0.975132206498842,0.5994175915376965,0.0,0.0,0.0,1.0,0.0720419430262458,-0.0085684665101405,0.997364797767932,788.2493154658016,0.020467357586747,-0.999739834782714,-0.0100672748073943,-389.7316797022904,0.9971915792456428,0.0211386879984536,-0.0718478263504514,-98.1181074885146,0.0,0.0,0.0,1.0
2026-07-18T16:40:39.769,34,random,7,4,63.754636001535005,46.14378648971783,81.73868511459213,-8.579104289474593,-9.853252412155763,-9.466641612394456,327.945923,-480.732056,108.848549,171.20374259387637,-9.513219343013647,170.43809909224305,795.1130757970755,-389.86266801543394,-102.4638592729186,164.30405355666045,-86.68107749355124,14.320261783264822,0.3269843702833995,0.5447144504955138,24,24,10,-0.9725452755476344,0.1890822565546114,-0.1356598218567025,327.945923,0.1638285965586774,0.9703101363289444,0.1779281604662942,-480.732056,0.1652751583257152,0.150818233624192,-0.9746476196281856,108.848549,0.0,0.0,0.0,1.0,0.1750662092262811,-0.9720157700384524,0.1566434332606859,0.1501347435239003,0.9780748661967305,0.1899246952392385,0.0854293055838023,-0.2607475460421369,-0.1127890885741535,0.1382532203416518,0.9839535906554612,0.6543788947736731,0.0,0.0,0.0,1.0,0.056094880771617,-0.0235682686106754,0.9981472341623322,795.1130757970755,0.0143195336884792,-0.9995995370492242,-0.0244073039461843,-389.86266801543394,0.9983227510710968,0.0156621277504679,-0.0557349302337899,-102.4638592729186,0.0,0.0,0.0,1.0
2026-07-18T16:40:43.707,35,random,7,5,63.754636001535005,46.14378648971783,81.73868511459213,-0.562032922006459,-3.65655768045756,-10.624923746760196,327.970306,-480.716675,108.959839,179.15095369123847,-3.454820913079837,169.24674794882753,794.45682555906,-389.5289443795002,-100.2237402971345,160.97152631603026,-86.99987292246071,18.0997294667819,0.2617117766061744,0.5095059060651551,20,20,10,-0.9806543489927836,0.18743659378685,-0.0564320043160199,327.970306,0.1862407133991852,0.9821653344870712,0.0258002403954298,-480.716675,0.0602614675734208,0.0147911812064761,-0.9980730316386748,108.959839,0.0,0.0,0.0,1.0,0.0400655761065242,-0.9846060863788424,0.1701340773536861,0.1794039999928302,0.999092977514236,0.0419338862863971,0.0074007744632849,-0.2868083852441203,-0.014421230633658,0.1696832456274258,0.9853931318313282,0.6330848756287912,0.0,0.0,0.0,1.0,0.0497483317939788,-0.0157841850250038,0.9986370526807083,794.45682555906,0.0162600012421353,-0.9997297992307266,-0.0166114686194569,-389.5289443795002,0.9986294186750764,0.0170642325694972,-0.0494782388883456,-100.2237402971345,0.0,0.0,0.0,1.0
2026-07-18T16:41:07.298,36,random,8,1,134.67452568653508,17.779561329649738,1.9986233752901503,-6.086785732792383,4.192165264840938,-0.2221567898843339,398.88092,-509.087494,29.18265,173.68545198770602,4.477149506931767,179.67125666499675,791.6576324340206,-389.46533553909,-99.36292399854185,164.48914698582655,-85.17547210707933,14.23459734856997,0.144593796935774,0.3980300957839608,20,20,10,-0.9969321351582238,-0.0028827722586404,0.0782176930941434,398.88092,0.0057201140142015,0.9939659619225631,0.109539704377081,-509.087494,-0.078061502576682,0.1096510654916703,-0.9909001189080624,29.18265,0.0,0.0,0.0,1.0,0.1295834350587562,-0.9909600564964056,-0.0347318267157736,0.1091729088382284,0.9787474759415752,0.1334439330965048,-0.1557115765051901,-0.2732012887827076,0.1589387042113067,-0.0138160467709465,0.9871917772931728,0.5608530135263463,0.0,0.0,0.0,1.0,0.081522172527027,-0.0213546254507348,0.9964427305963608,791.6576324340206,0.0206806669935939,-0.999518945401838,-0.0231125030124033,-389.46533553909,0.9964569460840615,0.0224912817477595,-0.0810413280133609,-99.36292399854185,0.0,0.0,0.0,1.0
2026-07-18T16:41:12.661,37,random,8,2,134.67452568653508,17.779561329649738,1.9986233752901503,11.531111070166949,4.347457300981983,-1.1465300363947435,398.880829,-509.089539,29.165232,-168.70026080383175,4.637176619111805,178.74736222034832,792.9051348639197,-389.5153848972308,-97.17904652924008,161.33014113750818,-85.27347942219843,17.085359104931634,0.1853197028591241,0.3676463669580881,20,20,10,-0.9964884351784948,0.0372744013816547,0.0749761132438457,398.880829,0.021789353168381,0.9800349051202668,-0.1976279555994373,-509.089539,-0.080845671770468,-0.1953002912121456,-0.977405634119444,29.165232,0.0,0.0,0.0,1.0,-0.1679748741857279,-0.985490139030096,0.0243644724287206,0.1620489392915921,0.9729607766436118,-0.169712610954368,-0.1566683018230261,-0.2314008250326539,0.1585300247755869,-0.0026106622708546,0.9873507055181356,0.5598208324270226,0.0,0.0,0.0,1.0,0.0787633560635494,-0.0266106578231104,0.9965381109781146,792.9051348639197,0.0242087425836916,-0.9992978066014502,-0.0285977359951185,-389.5153848972308,0.996599353062264,0.0263773882663019,-0.0780638383896518,-97.17904652924008,0.0,0.0,0.0,1.0
2026-07-18T16:41:18.397,38,random,8,3,134.67452568653508,17.779561329649738,1.9986233752901503,-2.666264543147779,-7.190795077498819,-8.253458233331902,398.86792,-509.102692,29.111256,177.13494439329114,-6.848449933639706,171.65431660396726,795.0375380334925,-389.56733170095,-101.2520918614101,160.59526958970244,-86.82888323120676,18.63812917488092,0.3816228507317283,0.6963896610395853,24,24,10,-0.982350961722041,0.1508608348678934,-0.1105784631234465,398.86792,0.1441095231213494,0.9873085389649768,0.0667404991933679,-509.102692,0.119243588295214,0.0496271839802024,-0.991623975739129,29.111256,0.0,0.0,0.0,1.0,0.0749136358702158,-0.9880932469535912,0.1343863180737289,0.1768151954087411,0.9947218631118584,0.083522428846027,0.0596021721662322,-0.1954414434162656,-0.070116775510412,0.1292119932683074,0.9891349243594896,0.5674964148925918,0.0,0.0,0.0,1.0,0.0524170666530691,-0.0128972644914718,0.998541992953789,795.0375380334925,0.017679133758547,-0.9997479073373914,-0.0138408816212457,-389.56733170095,0.9984687773551236,0.0183788558714344,-0.0521758402311065,-101.2520918614101,0.0,0.0,0.0,1.0
2026-07-18T16:41:23.032,39,random,8,4,134.67452568653508,17.779561329649738,1.9986233752901503,10.658417617927178,-3.083560300962599,-10.257467138320235,398.880829,-509.089447,29.165308,-169.57293282159551,-2.793914096396432,169.63647384107554,794.7236028459135,-389.5128111146797,-98.67677043299156,160.80727276731076,-86.34461715361739,18.117986323562874,0.4021034707729166,0.6856395365124324,24,24,10,-0.9825169003225852,0.1682443430628614,-0.0797143751643667,398.880829,0.1796791432141598,0.9690286571961008,-0.1694073995625568,-509.089447,0.0487436772753624,-0.1807686437412984,-0.9823170320042338,29.165308,0.0,0.0,0.0,1.0,-0.1509940550349433,-0.9754941867891028,0.1600371422038373,0.2110813334772663,0.9885075103486042,-0.1501981767091701,0.0171292059840862,-0.1757699247373211,0.0073278461029733,0.1607843252742867,0.986962361702605,0.5536682807032245,0.0,0.0,0.0,1.0,0.0605940955761055,-0.0181210155362215,0.9979979881629272,794.7236028459135,0.0198262592717213,-0.9996160942697347,-0.0193541602817269,-389.5128111146797,0.997965568055634,0.0209593147038806,-0.0602115612033054,-98.67677043299156,0.0,0.0,0.0,1.0
2026-07-18T16:41:26.770,40,random,8,5,134.67452568653508,17.779561329649738,1.9986233752901503,8.47034265240243,2.4428482897081523,-2.9627245936285824,398.883789,-509.070831,29.200413,-171.78351858676925,2.704017018340408,176.91997062855805,793.1090352038013,-389.4984561128031,-97.57735000178484,163.3743834811718,-85.35223920944992,15.36536866374939,0.2308217502858975,0.45477959857723,22,22,10,-0.9974436372745024,0.0599116525779557,0.0389459156522108,398.883789,0.0536709410784022,0.9879431874515424,-0.1452160061833581,-509.070831,-0.0471764829588797,-0.1427545174537911,-0.9886331610876532,29.200413,0.0,0.0,0.0,1.0,-0.1163921244937337,-0.9920308653558164,0.0482455753124123,0.1653474975464203,0.9854571344798096,-0.1214029884508287,-0.1188930212335904,-0.2253263410477234,0.1238027037615824,0.0337057350698434,0.9917342456347484,0.5608189726159619,0.0,0.0,0.0,1.0,0.0781334441805715,-0.0210864870185989,0.996719882898749,793.1090352038013,0.0214707352485235,-0.9995088108124288,-0.0228285925149335,-389.4984561128031,0.9967116796889508,0.0231839852816448,-0.0776423234975043,-97.57735000178484,0.0,0.0,0.0,1.0
2026-07-18T16:41:49.488,41,random,9,1,61.443811680780726,59.85875911035576,-24.675030417527,4.371093967570566,8.757936006109357,-7.852431833843759,325.65033,-467.010254,2.491657,-175.85994141178654,9.047691134469856,172.04152148191667,791.9727187276774,-391.0570218529814,-96.85157656963206,160.6159305147467,-84.80337142812942,16.703743332205864,0.1880641222828129,0.4021695352440917,20,20,10,-0.9780462882103408,0.1493378951099979,0.1453397784575527,325.65033,0.1367327386229401,0.986212450773423,-0.093215664607132,-467.010254,-0.157256530251198,-0.0712965288327129,-0.984980806244345,2.491657,0.0,0.0,0.0,1.0,-0.0323739838982137,-0.9936785311184524,0.10749372986753,0.1571284549116637,0.9707504273332542,-0.0568605478400327,-0.2332605537411669,-0.2605463399501695,0.2378981567790358,0.0967980107936453,0.9664546611753344,0.610077215750664,0.0,0.0,0.0,1.0,0.0867520945519438,-0.0454568256643097,0.9951923186456854,791.9727187276774,0.0260330537602227,-0.9985138903211664,-0.0478778753455867,-391.0570218529814,0.9958897299414068,0.0300614011019905,-0.0854397914382831,-96.85157656963206,0.0,0.0,0.0,1.0
2026-07-18T16:41:53.986,42,random,9,2,61.443811680780726,59.85875911035576,-24.675030417527,-2.9427079766390616,-1.7407346684546887,-7.362386485126435,325.640656,-467.020844,2.424181,176.94151384165502,-1.3615196085693753,172.55506355369243,797.0190757491263,-390.0562947302971,-99.20410962643692,159.9667149270091,-86.05952788621622,18.086794865983286,0.2834294999601164,0.4835336091179903,24,24,10,-0.99128989769833,0.1306458236193895,-0.0166134732083959,325.640656,0.1295367315942868,0.9899931753939604,0.0559798878281557,-467.020844,0.0237607636473328,0.0533402422584916,-0.998293666546423,2.424181,0.0,0.0,0.0,1.0,0.0828696414892426,-0.9922543017649496,0.0925420074798291,0.1378571227664784,0.9958246405393276,0.0788829748811339,-0.0459430252445454,-0.1999321129616557,0.0382871755835148,0.0959628933643353,0.9946482872266867,0.6397176951227441,0.0,0.0,0.0,1.0,0.0653243689186066,-0.0331963135582103,0.9973117524583424,797.0190757491263,0.0213346322607243,-0.9991715666487436,-0.0346556469712369,-390.0562947302971,0.9976359858644264,0.0235411377558596,-0.0645620208905684,-99.20410962643692,0.0,0.0,0.0,1.0
2026-07-18T16:41:59.994,43,random,9,3,61.443811680780726,59.85875911035576,-24.675030417527,11.861626979761166,10.820091812674164,2.097670793663408,325.64978,-467.008026,2.494478,-168.37098195897008,11.109250577130078,-178.0089342139837,789.2414665907006,-390.8156969543911,-95.96643554014192,161.25261623443856,-84.62836908729918,17.008727299343136,0.1612307387296927,0.3298046290948686,19,19,10,-0.9806691379473508,0.0047854248239558,0.1956147785492041,325.64978,-0.0340926181092476,0.9802313571662794,-0.1948953047623542,-467.008026,-0.1926803966885498,-0.1977968304528871,-0.9611194923602032,2.494478,0.0,0.0,0.0,1.0,-0.1696570260798797,-0.9854653401244816,-0.0086346346228985,0.1018798498929633,0.9447241517891876,-0.1601362554486507,-0.2860990330586324,-0.2724685611588174,0.2805579628667323,-0.0566960589831843,0.95816114843373,0.6182561677462353,0.0,0.0,0.0,1.0,0.0895206489022954,-0.0289909274425445,0.9955629460491852,789.2414665907006,0.0273841200377589,-0.9991267491869296,-0.0315570757345463,-390.8156969543911,0.9956084387900044,0.0300876251169704,-0.0886485838857621,-95.96643554014192,0.0,0.0,0.0,1.0
2026-07-18T16:42:04.327,44,random,9,4,61.443811680780726,59.85875911035576,-24.675030417527,4.251960872534063,1.260832598407056,-1.9600454494100743,325.644775,-467.028015,2.437674,-175.84063273409063,1.623189433605623,177.96601967512845,796.7579819037782,-389.9053850316492,-97.78515985514184,160.296050988691,-85.65415770080861,17.379967034580066,0.2368367689608683,0.4903858926895629,24,24,10,-0.9989689386744802,0.0374519485462821,0.0256595228651917,325.644775,0.0354779559292939,0.9966648584003074,-0.0734879219530272,-467.028015,-0.0283262105948137,-0.0725018039774306,-0.9969659543902972,2.437674,0.0,0.0,0.0,1.0,-0.047025432616194,-0.9988928773688128,0.0012760208125852,0.1072758589155279,0.9939072819157972,-0.0469181275470714,-0.0997346693092663,-0.2083397114988065,0.0996841193069976,-0.0034218195935967,0.9950132499161294,0.6450523739308397,0.0,0.0,0.0,1.0,0.0723169581579042,-0.0396248793676294,0.9965942637291716,796.7579819037782,0.0226349958307171,-0.9988879447104854,-0.0413585647213071,-389.9053850316492,0.9971248239445908,0.0255488325988479,-0.0713396287227843,-97.78515985514184,0.0,0.0,0.0,1.0
2026-07-18T16:42:07.967,45,random,9,5,61.443811680780726,59.85875911035576,-24.675030417527,6.100086394571651,0.2552052963682438,-10.338818354289016,325.649963,-467.010559,2.491632,-174.13098396919978,0.5449401589489262,169.55511383416697,797.2081193746257,-390.795122794889,-97.3571248849688,157.1724636533331,-85.99095176855802,20.6997734875468,0.3179681843124936,0.6416383485023258,24,24,10,-0.9833852684894168,0.1812957714978545,-0.0092334692827408,325.649963,0.1812814312735373,0.97809855482458,-0.1022754111479683,-467.010559,-0.0095108566078652,-0.1022499891788058,-0.9947132668862512,2.491632,0.0,0.0,0.0,1.0,-0.0659715642015269,-0.9864395067424002,0.1502825746871994,0.1757472420845925,0.995410590714406,-0.0755248502426957,-0.0587686386554517,-0.1891718003299681,0.0693217758745435,0.1457158074253726,0.9868948246170774,0.6289572536452298,0.0,0.0,0.0,1.0,0.0654007406647914,-0.0362398893874736,0.9972007889776668,797.2081193746257,0.0247125850723668,-0.9989749612063242,-0.0379251238872556,-390.795122794889,0.9975530217785604,0.0271237405238723,-0.0644381210189736,-97.3571248849688,0.0,0.0,0.0,1.0
2026-07-18T16:42:30.947,47,random,10,2,-34.76744203911078,-58.91109604867341,28.52652432069236,6.501270990010937,-1.6427082742841712,9.343130297143464,229.4384,-585.779663,55.692783,-173.72979892104917,-1.352925241642413,-170.76296616208225,797.6185924865295,-387.9757474372242,-99.78059193064124,158.0594061673924,-86.41873262697654,20.413322240154805,0.2166508503360224,0.4895405891933844,24,24,10,-0.9867575586951562,-0.1621042296516544,-0.0056337453811016,229.4384,-0.1604744534521746,0.9807142496187152,-0.1115684112283853,-585.779663,0.0236108057296063,-0.1091869008802977,-0.9937407863869506,55.692783,0.0,0.0,0.0,1.0,-0.0970967937799134,-0.9784549538188396,-0.1822035015718198,0.1243603621945109,0.9945607504814696,-0.0884533267340618,-0.0549992962810659,-0.2312305827366615,0.0376978280461367,-0.1865527065926639,0.9817214276074224,0.7760694265292019,0.0,0.0,0.0,1.0,0.058541519762504,-0.0259689303086336,0.99794714545537,797.6185924865295,0.0217868919011153,-0.9993902565822242,-0.0272845448890773,-387.9757474372242,0.9980472041968682,0.0233394453048973,-0.0579400421787405,-99.78059193064124,0.0,0.0,0.0,1.0
2026-07-18T16:42:36.349,48,random,10,3,-34.76744203911078,-58.91109604867341,28.52652432069236,-5.210391228019865,1.2237714931436925,-4.0240580943370095,229.438629,-585.779907,55.693405,174.55858237170588,1.5135253116175829,175.8698535816423,788.1731339058394,-389.8868794683991,-100.2779327433044,164.96214097351165,-85.05335641418911,15.29785644773323,0.1784419423816727,0.3727246620221499,24,24,10,-0.997055049981401,0.0691995072446757,0.0330553400176135,229.438629,0.071997114845786,0.9930887979844418,0.0926879429683235,-585.779907,-0.0264129279041282,0.0947948707204697,-0.9951463659807136,55.693405,0.0,0.0,0.0,1.0,0.1227902151064974,-0.9903260599444568,0.0646286164867335,0.2239180408674976,0.986581907709628,0.114746438394526,-0.1161438515626324,-0.2938403907553767,0.1076043793445772,0.0780227522627883,0.9911275133277292,0.7188656672156195,0.0,0.0,0.0,1.0,0.0831727117908946,0.0054699212604019,0.9965201352580656,788.1731339058394,0.0227501346714117,-0.999734740875887,0.0035887683480914,-389.8868794683991,0.9962754294801124,0.0223724796843942,-0.083275090915531,-100.2779327433044,0.0,0.0,0.0,1.0
2026-07-18T16:42:41.152,49,random,10,4,-34.76744203911078,-58.91109604867341,28.52652432069236,-7.735528263848046,-11.588139750840812,-10.188657470473078,229.424927,-585.79303,55.652885,172.0396880169723,-11.282226535480062,169.71101565022207,792.1246108531723,-390.6499200721206,-101.51981935017736,146.53026674200166,-88.24190770067557,33.65966611964018,0.3336008591470371,0.6212219150893017,24,24,10,-0.9649055423998922,0.2035501807660833,-0.1659054494465582,229.424927,0.1751614240348215,0.9695992572920732,0.1708676557712237,-585.79303,0.1956419427833999,0.1358109132903344,-0.9712258367934732,55.652885,0.0,0.0,0.0,1.0,0.1574323846037071,-0.9664377881005888,0.2030099652953813,0.2879024682949594,0.9720997064287784,0.1878608324056074,0.1404651857541765,-0.1946388930837802,-0.1738884844924285,0.1752321585186739,0.9690492689135124,0.7195200718626318,0.0,0.0,0.0,1.0,0.0255360666001919,0.0035310303279731,0.9996676653405436,792.1246108531723,0.017004479739045,-0.9998506160285282,0.0030973046632118,-390.6499200721206,0.9995292676912444,0.0169197355829007,-0.0255922952548175,-101.51981935017736,0.0,0.0,0.0,1.0
2026-07-18T16:42:44.988,50,random,10,5,-34.76744203911078,-58.91109604867341,28.52652432069236,-9.480917022792871,-7.902472366663503,-1.26430926213299,229.438522,-585.780151,55.692547,170.2880987414778,-7.612832928123736,178.62933291455136,796.0900437937225,-390.2227023020199,-101.9715943149962,159.18137861141045,-86.92589177455757,20.438294177552404,0.2010937135890877,0.5076655683178836,24,24,10,-0.9909022819959898,0.045919488059086,-0.1265071861655746,229.438522,0.0237095351425672,0.9848518372712276,0.1717693702812301,-585.780151,0.1324783962707251,0.1672072344125051,-0.9769806626958684,55.692547,0.0,0.0,0.0,1.0,0.1877171428192134,-0.9817501172742832,0.0304791982132601,0.1977528753956465,0.978715321840832,0.1895768648800529,0.0785934545381935,-0.2179401075233916,-0.08293728405119,0.0150771195585402,0.9964407094152816,0.7577468024304161,0.0,0.0,0.0,1.0,0.050251652492517,-0.006158674872632,0.9987175987963688,796.0900437937225,0.0187266629264574,-0.9997993769351798,-0.0071075998527351,-390.2227023020199,0.9985610064074252,0.0190598164692362,-0.0501262394235683,-101.9715943149962,0.0,0.0,0.0,1.0
2026-07-18T16:43:05.568,51,random,11,1,-144.5797591754492,11.022375111620258,-26.96879551995291,-2.124796052664454,-0.3114415777420003,5.660489964259014,119.626328,-515.845154,0.196908,177.64430387316244,-0.0217151004354581,-174.44570968606513,795.7628650043133,-388.3498437040472,-99.90827585507364,166.9852503916216,-84.46618689120655,14.309680412537128,0.2438314919847592,1.1766331536895551,24,24,10,-0.995304861906035,-0.0966915916892009,-0.0043552224762578,119.626328,-0.0967888848226681,0.9944653206047376,0.0408734374539355,-515.845154,0.0003789999909266,0.0411030681473458,-0.9991548399261656,0.196908,0.0,0.0,0.0,1.0,0.0555792921543508,-0.995344194480344,-0.0787456462154991,0.0627983164729958,0.993930992320377,0.0626538247087497,-0.0904194711021769,-0.2042870254985668,0.0949322115440981,-0.0732422880830505,0.9927856981482488,0.8653400513601408,0.0,0.0,0.0,1.0,0.0934412320755728,0.0236158803623225,0.995344677156065,795.7628650043133,0.0238346852322287,-0.9994852000468616,0.0214765608784526,-388.3498437040472,0.9953394616552084,0.0217169307683609,-0.0939560056085969,-99.90827585507364,0.0,0.0,0.0,1.0
2026-07-18T16:43:09.740,52,random,11,2,-144.5797591754492,11.022375111620258,-26.96879551995291,0.8100130398771306,-11.152918081921817,5.06964264676424,119.618149,-515.854858,0.166596,-179.4178947279899,-10.853940583619773,-175.03316331341276,798.5762928298395,-388.7070724765293,-100.90764466459046,154.50761213080327,-87.0925028951168,24.72972983123976,0.1733841365968846,0.3337344202048172,16,16,10,-0.9784225606023704,-0.0884805605510701,-0.1867096229680453,119.618149,-0.0850302564669662,0.9960279289814916,-0.0264238561531605,-515.854858,0.1883059966901297,-0.0099777298725405,-0.9820597214615452,0.166596,0.0,0.0,0.0,1.0,0.0070940077040743,-0.994793469194964,-0.1016642941338926,0.0730766398031705,0.989958300983813,-0.0073672884788272,0.1411675790460117,-0.0711331867935865,-0.141181575879917,-0.1016448557848247,0.9847517889928126,0.8741522600681352,0.0,0.0,0.0,1.0,0.0460718203702581,-0.0128072799363113,0.9988560261361008,798.5762928298395,0.0212196399390117,-0.999679639213508,-0.0137965873609817,-388.7070724765293,0.998712728590474,0.021830999120137,-0.0457852948968024,-100.90764466459046,0.0,0.0,0.0,1.0
2026-07-18T16:43:13.875,53,random,11,3,-144.5797591754492,11.022375111620258,-26.96879551995291,-7.68245649347078,-3.662557886116339,8.61607099347151,119.633049,-515.851624,0.237647,172.1095888679782,-3.3858367945460874,-171.48432002615195,797.4482533593667,-388.69163809392,-100.68366493602062,159.00440208817903,-86.51215857843336,20.49215838651831,0.1526041953801787,0.3274639111188043,24,24,10,-0.9872490773304632,-0.1386598639348313,-0.0781837671369419,119.633049,-0.1478215867344429,0.980812782198102,0.1271025757887308,-515.851624,0.0590596123036805,0.1370391491888087,-0.9888034353622294,0.237647,0.0,0.0,0.0,1.0,0.1497725367060634,-0.9764277799905852,-0.1554251514758439,0.0224042048286533,0.9887203735791916,0.1479832878257533,0.0230861298988119,-0.1649595555900103,0.0004583863605398,-0.1571296820684696,0.9875778718131576,0.8739297995462305,0.0,0.0,0.0,1.0,0.0569869854021324,-0.0081648996121138,0.9983415336993152,797.4482533593667,0.0212976716059822,-0.9997290634908602,-0.0093919537824707,-388.69163809392,0.9981477308890412,0.0217975692684396,-0.0567976521966065,-100.68366493602062,0.0,0.0,0.0,1.0
2026-07-18T16:43:18.979,54,random,11,4,-144.5797591754492,11.022375111620258,-26.96879551995291,-2.7672201335650684,11.29274292729113,4.935352300024917,119.626228,-515.845947,0.197538,177.00167441014372,11.582227237010567,-175.17067318424415,787.8335420262184,-388.9302916617396,-99.49205845425952,160.91060179431278,-85.02010136332835,17.090287518807248,0.1637565411950711,0.4159729613429069,24,24,10,-0.9761597624140732,-0.094537198977454,0.1953838177874451,119.626228,-0.0824736172258916,0.9942016939642846,0.0690006824620158,-515.845947,-0.2007740538649788,0.0512416795981951,-0.9782965141339196,0.197538,0.0,0.0,0.0,1.0,0.0685667587574171,-0.9885948981207195,-0.1340847754339965,0.0634010493628168,0.9566318092553528,0.103292093142342,-0.2723716670564387,-0.3388401476280101,0.2831151375577291,-0.1095941189296073,0.9528037300418756,0.8227292016732346,0.0,0.0,0.0,1.0,0.0829731209890695,-0.033703980009978,0.9959816780065888,787.8335420262184,0.0255104694885639,-0.99902857069063,-0.0359323098382137,-388.9302916617396,0.9962252140654771,0.028389376099579,-0.0820327141137629,-99.49205845425952,0.0,0.0,0.0,1.0
2026-07-18T16:43:23.682,55,random,11,5,-144.5797591754492,11.022375111620258,-26.96879551995291,3.3019589208975795,0.1789905217055754,11.872451178093524,119.625687,-515.843872,0.192978,-176.9293671363982,0.4691378426531181,-168.2337012712567,796.9393463816641,-387.315807374677,-99.39576465739016,157.22818168214943,-86.51692030551699,21.996851211514816,0.1787830872923235,0.5682582963548315,18,18,10,-0.9789546865057468,-0.2031980859350653,0.0189277479051482,119.625687,-0.2039134128072296,0.9776713693587542,-0.0507741431585662,-515.843872,-0.0081879085084899,-0.0535652070704858,-0.9985307840751592,0.192978,0.0,0.0,0.0,1.0,-0.0426650808408123,-0.975966119220356,-0.2137049952874379,-0.0011361385984263,0.9967754588900144,-0.027031511476044,-0.0755511875612869,-0.2077365451350532,0.067958630294078,-0.216239292269646,0.9739723779693528,0.8684525538719405,0.0,0.0,0.0,1.0,0.0563311677741084,-0.0128623755762922,0.9983292837695088,796.9393463816641,0.0227556680701584,-0.9996407261291153,-0.0141632706228083,-387.315807374677,0.9981527834494502,0.0235154833798614,-0.0560182375082028,-99.39576465739016,0.0,0.0,0.0,1.0
2026-07-18T16:43:51.433,57,random,12,2,-89.83822946687184,46.10097017900267,-32.9688184631172,-6.809428375652465,-3.4843610721789062,8.00290190702377,174.367981,-480.767822,-5.802227,172.9595144612753,-3.194583482531419,-172.10317174067274,797.8620092823086,-389.2505960225202,-100.23826384076769,158.89839463423385,-86.54617121839401,19.971904575257227,0.2167251115561677,0.4653888986528104,24,24,10,-0.988977843270991,-0.1295880309079183,-0.0716223970868573,174.367981,-0.1371762153290887,0.9839868054913724,0.1138097208803856,-480.767822,0.0557271160840623,0.1223801816647294,-0.9909175443338668,-5.802227,0.0,0.0,0.0,1.0,0.1350679396401484,-0.9784461517594274,-0.1562042886368129,0.0031972800847917,0.9908311921525844,0.1338864074707636,0.0181101781344504,-0.1613377387922007,0.0031937969337783,-0.1572181859764961,0.9875587282077992,0.8144384140675319,0.0,0.0,0.0,1.0,0.0566211111570537,-0.0191011268936744,0.998213001679868,797.8620092823086,0.0205769620082511,-0.9995822736121712,-0.0202945045476116,-389.2505960225202,0.998183669675001,0.0216892884095763,-0.0562044158624091,-100.23826384076769,0.0,0.0,0.0,1.0
2026-07-18T16:43:56.203,58,random,12,3,-89.83822946687184,46.10097017900267,-32.9688184631172,6.687472957957453,-4.636118543667249,1.8365211124537115,174.367905,-480.768341,-5.802181,-173.5438741165292,-4.3464005380829125,-178.2694581234297,798.7073690803194,-389.2413998357299,-99.37123145395418,155.6191742733566,-86.38053665029703,23.00504780917386,0.2238117157964774,0.3885933485089346,24,24,10,-0.9966693016200388,-0.0385252460555491,-0.0718756469507127,174.367905,-0.0301122116156331,0.9929477023504206,-0.1146652306003693,-480.768341,0.0757862647175557,-0.1121189806115803,-0.9908005734085849,-5.802181,0.0,0.0,0.0,1.0,-0.089636195261909,-0.9943679705181238,-0.0565481361906617,0.0828195010100309,0.995829874755956,-0.0904463860267832,0.0119294508772071,-0.1393385081306929,-0.0169768384131598,-0.0552430127922327,0.9983286014610276,0.8121073050867051,0.0,0.0,0.0,1.0,0.0581088792939194,-0.0232516367550826,0.998039437865766,798.7073690803194,0.0246717979440207,-0.9993899366190376,-0.0247195665578117,-389.2413998357299,0.9980053409343131,0.0260598536604942,-0.0574997695106644,-99.37123145395418,0.0,0.0,0.0,1.0
2026-07-18T16:44:00.842,59,random,12,4,-89.83822946687184,46.10097017900267,-32.9688184631172,-5.107072732251764,-3.9988921781692,10.35014993711933,174.368271,-480.767517,-5.802281,174.66211584528602,-3.709099582558896,-169.75610742869884,797.2253364026869,-388.9341888732012,-100.00543114979824,158.917429952862,-86.57571615802756,20.05965647310541,0.2418402815738801,0.5537858040611597,24,24,10,-0.9819984060420888,-0.1711452512468078,-0.0799276767237998,174.368271,-0.1774661423831502,0.9808624451735266,0.0800913975146764,-480.767517,0.0646907940779882,0.0928340811549158,-0.9935778452329148,-5.802281,0.0,0.0,0.0,1.0,0.1031610877436021,-0.97554339645455,-0.1940950066577646,-0.0197684290603726,0.9946474971092184,0.1000297964036462,0.0258920127802599,-0.153169704359448,-0.0058434980897588,-0.1957271607758254,0.980640980208715,0.8140360284901991,0.0,0.0,0.0,1.0,0.0561060275124562,-0.0172489909829278,0.9982758065719324,797.2253364026869,0.0204871056289851,-0.999620351588866,-0.0184236584938738,-388.9341888732012,0.9982146022673276,0.0214854601864363,-0.0557313450479952,-100.00543114979824,0.0,0.0,0.0,1.0
2026-07-18T16:44:07.611,60,random,12,5,-89.83822946687184,46.10097017900267,-32.9688184631172,7.856215754949318,11.537538807655096,-3.451626595596625,174.368439,-480.767883,-5.802198,-172.3749829186828,11.827109398649482,176.44246760209606,785.9287201384739,-390.5360614886425,-98.5346480966437,162.0328602717576,-84.04838202405922,15.917460703963338,0.1195254946552385,0.2973743239777511,24,24,10,-0.976884426141075,0.0886455510807807,0.1945219376744106,174.368439,0.0607334601101198,0.9875602081787276,-0.1450388983860559,-480.767883,-0.2049591783406517,-0.1298722506757038,-0.9701159382869412,-5.802198,0.0,0.0,0.0,1.0,-0.0922500075286207,-0.993660745162656,0.0642515340965787,0.1608648265814626,0.949614914012966,-0.1072045779468749,-0.2945143350524369,-0.297835994735541,0.2995353922245516,0.0338452654004496,0.9534846861983975,0.7529372567808854,0.0,0.0,0.0,1.0,0.0997129738693212,-0.0341670494441786,0.9944294522862922,785.9287201384739,0.028436843584717,-0.9989041863153336,-0.0371722004815277,-390.5360614886425,0.9946098072958428,0.0319849854459805,-0.0986321039872213,-98.5346480966437,0.0,0.0,0.0,1.0
2026-07-18T16:44:24.659,61,random,13,1,15.591780340704906,1.8040979118166025,10.0173745541164,9.450043558626689,11.802173246975766,7.354594511028953,279.793457,-525.046143,37.209309,-170.79591123530227,12.08465392756079,-172.7584635709639,798.7268271571163,-388.8118956610703,-98.1008454008394,139.69772967353376,-87.7608274200781,38.46521471770693,0.2334156424000507,0.5601714927816698,16,16,10,-0.9700396890992758,-0.0912096534844659,0.2251750445396295,279.793457,-0.1232590272404538,0.9834722415015194,-0.1326256475939479,-525.046143,-0.209356666423397,-0.1564069989074039,-0.965249520547336,37.209309,0.0,0.0,0.0,1.0,-0.1351758541830066,-0.9837286818233538,-0.1183442816699705,0.1133143228976658,0.9608472226198688,-0.1009916536883196,-0.2580180239227144,-0.3313907511210251,0.2418679458497518,-0.148588581133899,0.9588646047941468,0.6718499829956854,0.0,0.0,0.0,1.0,0.0305920336654643,-0.0316704687375931,0.9990300840746248,798.7268271571163,0.0243036925546494,-0.9991788191837496,-0.0324194050342853,-388.8118956610703,0.9992364374883552,0.0252718955464185,-0.0297972027390281,-98.1008454008394,0.0,0.0,0.0,1.0
2026-07-18T16:44:29.161,62,random,13,2,15.591780340704906,1.8040979118166025,10.0173745541164,8.799094462629522,1.563646882180855,-0.8967123498258172,279.795013,-525.082764,37.146828,-171.40232976566872,1.8725979618260695,179.00886015804602,793.3303323130488,-389.5943210189944,-98.24969794804474,161.67105373876734,-85.20510953081815,17.192418560648896,0.222042849615174,0.4335317971694806,24,24,10,-0.9993164202209956,0.0219877551614807,0.0297192008582515,279.795013,0.0172885531096294,0.9885300229200495,-0.1500316623818502,-525.082764,-0.032677181764495,-0.1494153017888219,-0.9882344202583137,37.146828,0.0,0.0,0.0,1.0,-0.1227126107308156,-0.9923545742038756,0.0131914451168402,0.1709561952989284,0.986109603569427,-0.123417986762644,-0.1111568724443193,-0.2307378102937579,0.1119350924231273,-0.0006321393036394,0.9937153191352774,0.6864175009220582,0.0,0.0,0.0,1.0,0.0798540116406799,-0.0187834726588441,0.9966295791214328,793.3303323130488,0.0247073674257279,-0.9994779669304704,-0.0208168108850122,-389.5943210189944,0.9965003175211632,0.026286399057435,-0.0793482350453557,-98.24969794804474,0.0,0.0,0.0,1.0
2026-07-18T16:44:31.295,63,random,13,3,15.591780340704906,1.8040979118166025,10.0173745541164,9.487526195457107,1.507571271380593,-0.9450720543106002,279.798035,-525.065002,37.18401,-170.74382937172487,1.797311307545879,178.94887147689585,793.6158986437698,-389.6242703905641,-98.30923291038766,161.47363485873143,-85.27515569673442,17.29620465199694,0.2188592600260652,0.4748180275632677,24,24,10,-0.9993398392668238,0.0231497516374369,0.0279995473764084,279.798035,0.018335599583993,0.9867204178547546,-0.1613896613059023,-525.065002,-0.0313638556630754,-0.1607697296995407,-0.9864934883567568,37.18401,0.0,0.0,0.0,1.0,-0.1342382224122477,-0.9908571182206012,0.0135007746135617,0.1728201032572651,0.9848914936855054,-0.1349093703169679,-0.1085735118093438,-0.2281911356619056,0.1094022180284038,-0.0012779171512795,0.993996741251308,0.6867456837300706,0.0,0.0,0.0,1.0,0.0786458974327757,-0.0204377684098381,0.9966930924007747,793.6158986437698,0.0244897544149058,-0.9994484959302502,-0.0224266785650237,-389.6242703905641,0.9966017633667374,0.0261725353221108,-0.0781020079711269,-98.30923291038766,0.0,0.0,0.0,1.0
2026-07-18T16:44:36.830,64,random,13,4,15.591780340704906,1.8040979118166025,10.0173745541164,-8.054212397553222,-4.324642973016574,-2.4911154110018927,279.798035,-525.064758,37.184105,171.71499283447162,-4.034826089090768,177.4028021625148,795.4899372241595,-390.0778829136216,-101.05982474441224,161.69342685140273,-86.21496120534215,17.6521035268378,0.224461283374728,0.5121815993618931,24,24,10,-0.9964967990559268,0.0549698851831515,-0.0630273051481888,279.798035,0.0452018188397744,0.9880875931593098,0.1471043976848367,-525.064758,0.0703628100978634,0.1437401125907223,-0.9871108625618192,37.184105,0.0,0.0,0.0,1.0,0.1666636695590301,-0.985429413848899,0.0339424744315134,0.1473551831408934,0.985977771764194,0.1668530938621511,0.0028068942878837,-0.2258165768049502,-0.0084294030650801,0.0329987180060637,0.9994198465979768,0.6975109089678235,0.0,0.0,0.0,1.0,0.0629051314978713,-0.0107695240076135,0.9979614029529827,795.4899372241595,0.0200176622259464,-0.9997270037060464,-0.0120503634774757,-390.0778829136216,0.9978187398672386,0.0207348839779923,-0.0626723779361828,-101.05982474441224,0.0,0.0,0.0,1.0
2026-07-18T16:44:40.668,65,random,13,5,15.591780340704906,1.8040979118166025,10.0173745541164,0.3349115771400051,0.9690804219888244,-3.597349629447105,279.798187,-525.064941,37.183933,-179.89642907848318,1.2586736843433932,176.29659254745573,790.8768100983161,-390.0588961593237,-99.02009590839086,164.74037541513258,-84.96687448257089,14.861399595130742,0.2157852092493863,0.5504473181459062,24,24,10,-0.9976709957414814,0.0646311743146363,0.0218035676647665,279.798187,0.0645760703296103,0.9979075835343876,-0.0032227108689086,-525.064941,-0.0219662331087098,-0.0018072164426145,-0.9997570797807552,37.183933,0.0,0.0,0.0,1.0,0.0261347655381491,-0.9980512766121308,0.0566623621389189,0.1735013177080393,0.994125798520176,0.0199931383701327,-0.1063680926534599,-0.2488791940884897,0.1050279522169611,0.0591094211696304,0.9927110383097908,0.6781782695127808,0.0,0.0,0.0,1.0,0.084796973140828,-0.0059693927029403,0.9963803689841106,790.8768100983161,0.0225015683114281,-0.9997155597216858,-0.0079043705557735,-390.0588961593237,0.9961441425665664,0.0230903876345751,-0.0846385327685047,-99.02009590839086,0.0,0.0,0.0,1.0
2026-07-18T16:44:53.142,66,random,14,1,-9.6562983115938,44.83633407683424,-25.11126205852829,-6.003530014713319,-8.849280971546095,2.9173538044562584,254.542694,-482.042908,2.023016,173.79895492692145,-8.54119644357421,-177.17929132663429,799.6857359285744,-389.7097551172816,-101.27463031429696,154.6098477500263,-87.27414664423601,23.846366866453,0.2245845428994842,0.3964345607981596,24,24,10,-0.9877111841309592,-0.0328994640756102,-0.152788226006312,254.542694,-0.0486649892581016,0.993733978035012,0.100620573041595,-482.042908,0.1485204886981156,0.106819502724211,-0.9831232162219672,2.023016,0.0,0.0,0.0,1.0,0.1243738035342997,-0.9901284105434058,-0.0646288451792205,0.0682854741827862,0.9867221128244356,0.116563277679748,0.1131038211548803,-0.1295534907305157,-0.1044539566397203,-0.0778378630959395,0.9914790154163452,0.7382790882691941,0.0,0.0,0.0,1.0,0.0434973484985399,-0.0264971374416302,0.9987020989168872,799.6857359285744,0.0192266794464383,-0.9994408867419626,-0.0273541350786843,-389.7097551172816,0.9988685176093298,0.0203915574647538,-0.0429635765864665,-101.27463031429696,0.0,0.0,0.0,1.0
2026-07-18T16:44:57.177,67,random,14,2,-9.6562983115938,44.83633407683424,-25.11126205852829,3.1005998250675457,-11.913669704967692,7.0183030780020985,254.550003,-482.032623,2.055435,-177.13070450560718,-11.623823972937062,-173.0879143031641,800.1610135994237,-389.3151532371088,-100.37760427730548,146.85618900748543,-87.87680223209227,31.427569843581765,0.2535374418378759,0.5101654628023794,24,24,10,-0.9723725899260324,-0.1302079557362652,-0.1937457989829011,254.550003,-0.1178781293558284,0.9902736175913054,-0.0739114938436469,-482.032623,0.2014852177707102,-0.0490311183393942,-0.9782635925221166,2.055435,0.0,0.0,0.0,1.0,-0.0339839142307651,-0.9867707779421896,-0.1585197948930088,0.0312951763493315,0.9851447425382364,-0.0597888320889594,0.1609817747656822,-0.0896437851183441,-0.168329824519681,-0.150694151700734,0.9741439025217832,0.7421052965886801,0.0,0.0,0.0,1.0,0.0316133238267829,-0.0296292918431426,0.9990609104661724,800.1610135994237,0.0193177410588286,-0.9993556946084068,-0.0302493063413442,-389.3151532371088,0.9993134756606686,0.0202558810872872,-0.0310205842042125,-100.37760427730548,0.0,0.0,0.0,1.0
2026-07-18T16:45:02.916,68,random,14,3,-9.6562983115938,44.83633407683424,-25.11126205852829,-3.047165097314794,-9.493034825334286,-9.870619612070254,254.549911,-482.032715,2.055611,176.7217845272223,-9.203306471627387,170.02327764856835,799.1048483389686,-390.8752245265124,-101.40818689792113,145.85685350834197,-87.60563781496441,32.43383741809863,0.2779755496824173,0.494079688954221,24,24,10,-0.9721999190510788,0.181972236755206,-0.1473547503387092,254.549911,0.1710178479777987,0.98168207355354,0.0839833444003319,-482.032715,0.1599381538911794,0.0564483083354097,-0.9855117327642284,2.055611,0.0,0.0,0.0,1.0,0.0848112778288053,-0.9850163826730032,0.1501658184103033,0.1882411978863189,0.9879653855063976,0.1026977819144801,0.1156614137516967,-0.131377740824558,-0.1293500838586526,0.1385492383798514,0.9818720203520024,0.7103745169823414,0.0,0.0,0.0,1.0,0.0352605495965243,-0.0294150700437007,0.9989451673122384,799.1048483389686,0.0224062468303709,-0.999292220801,-0.0302161802612596,-390.8752245265124,0.9991269457607114,0.0234480511115239,-0.0345765115930428,-101.40818689792113,0.0,0.0,0.0,1.0
2026-07-18T16:45:06.451,69,random,14,4,-9.6562983115938,44.83633407683424,-25.11126205852829,3.715002101373884,-5.414625803391894,-9.077761420025332,254.562469,-482.019257,2.106353,-176.65600897234128,-5.210993850935323,170.78301968491184,799.9108425552268,-390.6570164053921,-99.94541082915882,149.22323325490737,-87.11876998150811,28.951484490458878,0.2821447085488012,0.5299839030512261,24,24,10,-0.9830091907136462,0.1546716154203655,-0.0988414000090902,254.562469,0.1595117310828327,0.986256714974474,-0.0430546143254943,-482.019257,0.0908236677274182,-0.058089444402693,-0.9941713523480376,2.106353,0.0,0.0,0.0,1.0,-0.0272152436737345,-0.99178060249622,0.1250222661129398,0.1858846674473523,0.9983096512277828,-0.0205408222658032,0.0543683261293527,-0.1456203772879444,-0.0513533910977866,0.1262905821226592,0.990663170855704,0.7107778296816911,0.0,0.0,0.0,1.0,0.0439840424434288,-0.0312857886336134,0.9985422391866592,799.9108425552268,0.0243320884991251,-0.9991794855477532,-0.0323775405149674,-390.6570164053921,0.9987358777372556,0.0257207132502284,-0.0431867043231377,-99.94541082915882,0.0,0.0,0.0,1.0
2026-07-18T16:45:11.455,70,random,14,5,-9.6562983115938,44.83633407683424,-25.11126205852829,5.3348156950622965,7.931065886425195,-0.6958362989920452,254.549301,-482.02063,2.083601,-174.91828527548904,8.211688415594475,179.19169099047227,788.0861649015118,-389.9548291118028,-97.2698816219304,163.97830433565036,-83.9960862366331,14.348517042999871,0.1467966405017108,0.3226779382945056,24,24,10,-0.9896486228028936,0.0267019214300553,0.1410057118569287,254.549301,0.013962546261141,0.9957917878261966,-0.0905746244806598,-482.02063,-0.1428308464101559,-0.0876682536032867,-0.9858567982338552,2.083601,0.0,0.0,0.0,1.0,-0.0586696262550611,-0.9982649760356688,0.0049912499033115,0.1201349741949145,0.968508294907394,-0.0581312607203957,-0.2421000603523854,-0.2668412262244256,0.2419701585953579,-0.0093698531238892,0.9702384491462775,0.6925378075540487,0.0,0.0,0.0,1.0,0.1013336408999428,-0.027731615397383,0.9944659123013782,788.0861649015118,0.025921023564816,-0.9991984553134684,-0.0305048756189998,-389.9548291118028,0.9945147529118472,0.0288687444588433,-0.1005335856023068,-97.2698816219304,0.0,0.0,0.0,1.0
2026-07-18T16:45:27.234,71,random,15,1,-3.1691909781480105,-23.824982094396415,46.99712554806234,10.211238469887896,4.188790506863327,-8.307966742234488,261.03714,-550.693909,74.163826,-170.01983990179755,4.478524605640082,171.58596273900815,788.8203701537939,-389.9106164976269,-98.46967751771636,160.34245770794902,-85.88270552172443,19.83074232271025,0.2481844896937814,0.4468697134829048,22,22,10,-0.986216049371438,0.1574982746638875,0.0507168358643525,261.03714,0.145878612860886,0.9722870248787012,-0.1826947496845701,-550.693909,-0.0780854293192833,-0.1727779926102356,-0.9818606983669326,74.163826,0.0,0.0,0.0,1.0,-0.1380124091029785,-0.9755645651629754,0.1709571704608095,0.2747797274581532,0.9803511329610124,-0.1591201135660289,-0.1165866440069057,-0.268895284403921,0.1409405230430585,0.151507652140439,0.978356376944128,0.6635732872482458,0.0,0.0,0.0,1.0,0.0675407820161279,0.0038396109895367,0.9977091260242632,788.8203701537939,0.0243571221988104,-0.999700904089176,0.0021983997534043,-389.9106164976269,0.9974191563043302,0.024152841462912,-0.0676141027184811,-98.46967751771636,0.0,0.0,0.0,1.0
2026-07-18T16:45:34.706,72,random,15,2,-3.1691909781480105,-23.824982094396415,46.99712554806234,-10.060339656636764,-7.663987735081402,8.270252773067405,261.036957,-550.693481,74.163406,169.70883841060058,-7.37402411911321,-171.8360588165828,799.3177083732431,-389.4500997927808,-101.4979368971364,158.25104373831388,-86.93332036568673,20.023695269711155,0.2339367648721927,0.4591321195912425,24,24,10,-0.981679064951458,-0.1170247880761854,-0.1503709161099805,261.036957,-0.1408315272871392,0.9771975038933752,0.158907266374225,-550.693481,0.1283459947096235,0.1771729024435763,-0.9757751115301704,74.163406,0.0,0.0,0.0,1.0,0.1889375416927409,-0.9695999232590488,-0.1554946756488766,0.0689520088118572,0.9790251300068136,0.1736971199796024,0.1064852352485209,-0.2180869416772056,-0.0762390985928154,-0.1723522536169376,0.9820805977713428,0.7536725261159698,0.0,0.0,0.0,1.0,0.050264202898252,-0.0296083785778777,0.9982969767684328,799.3177083732431,0.018318218319023,-0.9993649904052389,-0.0305623760521463,-389.4500997927808,0.9985679510101552,0.0198232154386025,-0.049689911904277,-101.4979368971364,0.0,0.0,0.0,1.0
2026-07-18T16:45:47.617,74,random,15,4,-3.1691909781480105,-23.824982094396415,46.99712554806234,1.7876609037405693,-9.518565104964091,6.463384905308303,261.03717,-550.693542,74.164185,-178.4434081100314,-9.22880309351071,-173.6427093361893,799.8901602656329,-389.1184880506566,-100.54148329170528,155.47050879492232,-87.23317749852971,22.996887590979465,0.2205367658743941,0.448040002908921,24,24,10,-0.9809860982625688,-0.1150170200161242,-0.1563245346137064,261.03717,-0.1092948375472851,0.993001593519846,-0.0447490083974926,-550.693542,0.1603774095722149,-0.0268126905337152,-0.9866915253133824,74.164185,0.0,0.0,0.0,1.0,-0.0131654818071995,-0.9899709669404464,-0.1406561577172568,0.1086513498960138,0.9933314984864208,-0.0290621975189951,0.1115702594336385,-0.1829143359531527,-0.1145390946511575,-0.138249315695827,0.9837519618817177,0.7542854542490949,0.0,0.0,0.0,1.0,0.0444350791421999,-0.0263002807739568,0.9986660197347446,799.8901602656329,0.0188587234105457,-0.999453188731072,-0.0271601194146232,-389.1184880506566,0.9988342566677172,0.020040428301389,-0.0439147918194536,-100.54148329170528,0.0,0.0,0.0,1.0
2026-07-18T16:45:50.748,75,random,15,5,-3.1691909781480105,-23.824982094396415,46.99712554806234,4.890307874111048,-4.292326531922002,7.268459208083346,261.039551,-550.674805,74.191208,-175.35843145370853,-4.012996397096285,-172.84658447985498,798.2947322186169,-389.0262017142005,-99.78463393688972,157.37244504670898,-86.52470200001024,20.76272189530664,0.2422024042538235,0.4632569563642338,24,24,10,-0.989783561750542,-0.1297372262831672,-0.0591333493450293,261.039551,-0.1242212368550732,0.9882570218731556,-0.0889783290054208,-550.674805,0.0699827493215779,-0.0807236696065743,-0.9942766737496368,74.191208,0.0,0.0,0.0,1.0,-0.0666921871785514,-0.9852323584520484,-0.1577001966655577,0.1095923386396547,0.9977120501895472,-0.0676053429091531,0.0004272197386631,-0.2288272005089454,-0.0110822865831163,-0.1573108943117117,0.987486944447844,0.744021844005832,0.0,0.0,0.0,1.0,0.0566814495023298,-0.0318801542038546,0.9978831940915,798.2947322186169,0.0214890734246191,-0.9992195607229604,-0.0331434637895025,-389.0262017142005,0.9981610255893912,0.0233222047961424,-0.0559521380983835,-99.78463393688972,0.0,0.0,0.0,1.0
2026-07-18T16:46:06.860,76,random,16,1,-7.184844513707002,9.180436938665416,-91.82344346662994,-4.516349245024424,0.5162595640901984,1.0610425103237322,257.021484,-517.688416,-64.656731,175.25289262784543,0.8059797304105291,-179.0451283864778,794.6975876672127,-389.32447449074834,-99.78202139474568,160.9258766226881,-85.73510015200262,18.137474803656552,0.1642247713886655,0.3414787374872467,24,24,10,-0.9997622063359252,-0.0177716715437677,0.0126371861133523,257.021484,-0.0166632333359408,0.9964118895753288,0.0829800154718886,-517.688416,-0.0140665360737836,0.0827497069690481,-0.9964710826508824,-64.656731,0.0,0.0,0.0,1.0,0.1043320840427593,-0.9937117864844136,-0.0406411323814972,0.1209413469138957,0.990897596705633,0.1073582435593194,-0.0812167493984979,-0.1544476909912938,0.0850692017259776,-0.0317976876802972,0.9958675303351802,0.7191931148412862,0.0,0.0,0.0,1.0,0.0706726599308721,-0.0154869130177247,0.9973793313797296,794.6975876672127,0.0231505590567491,-0.9995846798651576,-0.0171615673594023,-389.32447449074834,0.9972308793622744,0.0243027427269596,-0.0702847774577963,-99.78202139474568,0.0,0.0,0.0,1.0
2026-07-18T16:46:10.494,77,random,16,2,-7.184844513707002,9.180436938665416,-91.82344346662994,3.562851896473811,-2.2144141023629,2.047544691092188,257.021423,-517.688599,-64.656738,-176.66849945227514,-1.9245652338444352,-178.05855235904204,795.0656803883452,-388.7860518633987,-99.32724352165413,159.53459479681996,-85.90948538422006,19.752375828843803,0.1977166665907256,0.4354404430592373,24,24,10,-0.998862202848577,-0.0357714410168306,-0.031538924015689,257.021423,-0.0338590593687165,0.9976708396949115,-0.0592153672716424,-517.688599,0.033583683823454,-0.0580801138947676,-0.9977468800005423,-64.656738,0.0,0.0,0.0,1.0,-0.0362826696668795,-0.9983266722440698,-0.0450269182592437,0.1168693609324608,0.9987501140464828,-0.03467444009467,-0.0359985124173002,-0.1119900400904788,0.0343769919274723,-0.0462767618811171,0.99833695901525,0.7229609544566648,0.0,0.0,0.0,1.0,0.0671352652194775,-0.0116061191729963,0.9976763774699954,795.0656803883452,0.0241071659135187,-0.9996215567206372,-0.0132509581173153,-388.7860518633987,0.9974526057490292,0.0249407565472859,-0.0668300676890318,-99.32724352165413,0.0,0.0,0.0,1.0
2026-07-18T16:46:15.897,78,random,16,3,-7.184844513707002,9.180436938665416,-91.82344346662994,-8.824623395094413,1.7787366420537012,-10.66031789388716,257.021423,-517.688416,-64.656288,170.9445364873592,2.068377640422272,169.2338563984371,786.5704737443737,-390.0707841798716,-100.20564310589776,163.6315732755922,-84.75437684916501,16.257634425690163,0.3288322483163465,0.5948574992119294,24,24,10,-0.9817577380980138,0.1788920679978605,0.0644156168341239,257.021423,0.1866791356983406,0.9712147697717848,0.1479620602453883,-517.688416,-0.0360921595307396,0.1572879492669042,-0.9868930322156598,-64.656288,0.0,0.0,0.0,1.0,0.1971889645746503,-0.966982764162013,0.1614337203423423,0.2185847685386037,0.973318981165358,0.1733916549694412,-0.1502847127627671,-0.1900772073291381,0.1173314670206019,0.1867609911104307,0.9753735997279416,0.6747822760669989,0.0,0.0,0.0,1.0,0.0877696747808564,-0.0008006286104565,0.9961404736194044,786.5704737443737,0.0255952162481123,-0.99966770957019,-0.0030586513207353,-390.0707841798716,0.9958119145170312,0.0257648876674744,-0.0877200174954798,-100.20564310589776,0.0,0.0,0.0,1.0
2026-07-18T16:46:20.703,79,random,16,4,-7.184844513707002,9.180436938665416,-91.82344346662994,-10.069528609127842,-10.643275912202654,-3.1169458499096017,257.012939,-517.691406,-64.687553,169.72384990483295,-10.338278568002032,176.78274723662423,796.5616552176201,-390.0727264961223,-102.21522024659455,144.00994894326388,-87.9520376142147,35.58956773905233,0.1740559016434471,0.3952101329371758,24,24,10,-0.982214860256556,0.087185713833198,-0.166290768218171,257.012939,0.055211027725898,0.9806118635076104,0.1880215827121498,-517.691406,0.1794594960113393,0.1754965083741764,-0.9679851573447956,-64.687553,0.0,0.0,0.0,1.0,0.1983123752702622,-0.9772710412519984,0.0749233858344751,0.1710993565286915,0.9682890357758484,0.2071921562090926,0.1395985444111206,-0.0725993204774755,-0.1519491527154497,0.044863374100285,0.9873696028607496,0.709641504699418,0.0,0.0,0.0,1.0,0.0290608178157852,-0.0066844577927299,0.9995552945644852,796.5616552176201,0.020797499724495,-0.9997571270414496,-0.0072904687803006,-390.0727264961223,0.9993612624437104,0.021000117948339,-0.0289147397198818,-102.21522024659455,0.0,0.0,0.0,1.0
2026-07-18T16:46:25.039,80,random,16,5,-7.184844513707002,9.180436938665416,-91.82344346662994,-10.362855416324866,1.3281318633841774,-2.6332020209418765,257.024048,-517.68103,-64.622086,169.3981233983011,1.6075476857985505,177.25755736144916,793.3582097593159,-389.8198023222326,-100.51987221061025,161.34710106236423,-85.5666194288114,17.78559849728876,0.1834609305607785,0.4000594277187575,24,24,10,-0.9984615851015288,0.0418741712927189,0.0363457955627692,257.024048,0.0478275481772817,0.9820505326432654,0.1824534926232672,-517.68103,-0.0280533190886992,0.1839111337402574,-0.9825424704176816,-64.622086,0.0,0.0,0.0,1.0,0.2096309158593328,-0.9776997697048688,0.0125713736330671,0.146922732744261,0.9726193033553407,0.207187837164154,-0.1052848083619375,-0.1800933189034395,0.1003322971756697,0.0342981114682015,0.9943626449606634,0.7083867162163973,0.0,0.0,0.0,1.0,0.0736054429936837,-0.0142254276596047,0.9971859786266568,793.3582097593159,0.0236117159112555,-0.9995931187021602,-0.0160026221293274,-389.8198023222326,0.9970078864449508,0.0247231521289103,-0.073239607558896,-100.51987221061025,0.0,0.0,0.0,1.0
2026-07-18T16:46:43.720,81,random,17,1,46.32898936562287,61.14274762633149,28.008766857871542,-2.985037185129181,-2.8425574931200472,-7.863732335238514,310.527863,-465.741119,55.134884,176.81546312672623,-2.510815649822293,172.04060474944447,795.6308725042913,-389.9843248738543,-99.8806603967488,162.15545781447142,-86.00079694128792,16.17831193148777,0.2891477675620017,0.5195411599059079,24,24,10,-0.9894156684720908,0.1406676261316123,-0.0356265903564013,310.527863,0.1383383397829253,0.98850013261721,0.0610736568568005,-465.741119,0.0438079756212245,0.0554987096629754,-0.9974972453584596,55.134884,0.0,0.0,0.0,1.0,0.0839943368391643,-0.9906799621375192,0.1072294922031786,0.1400207271248959,0.9962678589824076,0.081342861823592,-0.0288737248888665,-0.2439717567722634,0.0198822669119743,0.1092545259911488,0.9938149445509918,0.6562793664896671,0.0,0.0,0.0,1.0,0.0669807372763312,-0.0283604898462999,0.9973511234513136,795.6308725042913,0.0194322119519339,-0.9993692697243008,-0.0297229182512854,-389.9843248738543,0.9975650204235184,0.0213716013998802,-0.0663873834476886,-99.8806603967488,0.0,0.0,0.0,1.0
2026-07-18T16:46:48.454,82,random,17,2,46.32898936562287,61.14274762633149,28.008766857871542,8.416417934444478,1.2765582490269942,-0.0449996897972209,310.538544,-465.707367,55.209858,-171.91718964037332,1.5188538191122989,179.821257015762,795.7277512565952,-390.0474554907546,-97.49217297687662,161.28310742249167,-85.05791437775773,15.711753254847558,0.2567601966374659,0.4794092281995941,24,24,10,-0.999643792629436,0.0068154797348284,0.0258038193572428,310.538544,0.0031185524630298,0.9900494415524606,-0.1406853862780228,-465.707367,-0.0265058953437232,-0.1405548025420879,-0.9897180330752704,55.209858,0.0,0.0,0.0,1.0,-0.1163702866484036,-0.9926031585896504,-0.034596617511222,0.1051768541589825,0.9871806716571352,-0.1117631001291744,-0.1139444204692975,-0.2550074445267271,0.1092349664344546,-0.0474128569837914,0.9928845567842706,0.6607329258296151,0.0,0.0,0.0,1.0,0.0829299050794963,-0.0512771200402301,0.9952352926840392,795.7277512565952,0.0233289018351073,-0.998301778276268,-0.0533790392346019,-390.0474554907546,0.9962822858922438,0.0276444651028208,-0.0815928328133378,-97.49217297687662,0.0,0.0,0.0,1.0
2026-07-18T16:46:57.928,84,random,17,4,46.32898936562287,61.14274762633149,28.008766857871542,1.0095036645122732,1.400545968169789,-8.834022881848586,310.530731,-465.733856,55.125191,-179.10752349036758,1.7686634177893377,171.0855414007409,792.570351736628,-390.1822715095773,-98.01883750759012,163.73663785915846,-85.19594959125111,14.57099792142206,0.284131658446055,0.4641188084562844,24,24,10,-0.9874501380256904,0.1554158274436072,0.0280739290635287,310.530731,0.1548858688948803,0.9877264495682232,-0.0201699885976739,-465.733856,-0.030864097746785,-0.0155686031284518,-0.9994023344313868,55.125191,0.0,0.0,0.0,1.0,0.0178940234266066,-0.9918581907034928,0.1260838350463781,0.1574251234266914,0.9940408211458622,0.0040861117259399,-0.1089318575377404,-0.2670613711153745,0.1075297624905193,0.1272817081334051,0.9860206473260968,0.6395615649548558,0.0,0.0,0.0,1.0,0.0810546617711735,-0.0285808343611656,0.996299793090604,792.570351736628,0.0210693515603829,-0.9993162903104686,-0.0303814802955499,-390.1822715095773,0.9964869413243634,0.0234539512096258,-0.0803970642664949,-98.01883750759012,0.0,0.0,0.0,1.0
2026-07-18T16:47:04.398,85,random,17,5,46.32898936562287,61.14274762633149,28.008766857871542,10.835364693116148,-0.233821865777644,11.659083041141615,310.534485,-465.714447,55.190083,-169.39205004567273,0.0513370184437217,-168.44781559929712,799.4312270417163,-389.3531869077801,-97.58950577148153,145.45431769724553,-87.40981002987974,31.03140710695513,0.4608966337583942,0.86904709392727,22,22,10,-0.9797423226838516,-0.1966762691787875,0.0377283220401395,310.534485,-0.2002602764560815,0.9630317640436056,-0.1801822497273104,-465.714447,-0.0008959998801128,-0.1840876600562193,-0.982909421360504,55.190083,0.0,0.0,0.0,1.0,-0.1690801696183783,-0.953692702557588,-0.2487611813169901,0.0110087687740678,0.9846418723431564,-0.1523069901669239,-0.0853402834238065,-0.2568548072877687,0.0435003387387214,-0.2593700249348343,0.9647978600177964,0.6741480661638988,0.0,0.0,0.0,1.0,0.0387242942120998,-0.0608007808081794,0.9973984630481892,799.4312270417163,0.0232968035838717,-0.99782089473489,-0.0617310373575405,-389.3531869077801,0.9989783220773856,0.0256266869411409,-0.0372234460504608,-97.58950577148153,0.0,0.0,0.0,1.0
2026-07-18T16:47:30.316,86,random,18,1,-188.8316176314672,13.09572184503793,7.819593140597744,-11.406866416005046,-7.043144474802384,3.9970142818006487,75.374435,-513.772949,34.986195,168.3623302962636,-6.75322434808896,-176.10917805266843,799.4060508370857,-389.4012848352581,-101.98706620326796,155.87615124736388,-87.11009293884308,23.41454743329521,0.1422988207830997,0.3357313370311204,24,24,10,-0.9907729934627656,-0.0427940893590629,-0.1285983722321516,75.374435,-0.0673846814338369,0.9787949885878522,0.193441657931705,-513.772949,0.1175932826860905,0.2003223308351693,-0.9726473069082514,34.986195,0.0,0.0,0.0,1.0,0.2176976071252929,-0.9738806341705224,-0.064531095136717,0.0688112849935287,0.97348443976733,0.2118985837318105,0.0861802514694684,-0.1661760473022879,-0.070255230287928,-0.0815812515230983,0.994187458187396,0.9218388517788416,0.0,0.0,0.0,1.0,0.0462653586760467,-0.0119023529520156,0.9988582735207144,799.4060508370857,0.0200347565704812,-0.999716824204186,-0.012840558097656,-389.4012848352581,0.9987282538887838,0.0206059553843867,-0.0460137967022754,-101.98706620326796,0.0,0.0,0.0,1.0
2026-07-18T16:47:41.825,88,random,18,3,-188.8316176314672,13.09572184503793,7.819593140597744,9.346644350424803,-1.957261887573413,2.9627545049717057,75.374649,-513.773254,34.986362,-170.88443321464996,-1.6675363669487475,-177.14330957710007,798.7154582990462,-387.9625797277171,-100.41056755749852,151.1883849421794,-86.77450551094762,27.767741484261684,0.1710636619407434,0.4257077172984061,20,20,10,-0.9983343495470434,-0.0538130450491933,-0.0208010263452407,75.374649,-0.0498168930382425,0.9859140463941144,-0.1596614239282629,-513.773254,0.0290998914516568,-0.1583592413006505,-0.9869526569254397,34.986362,0.0,0.0,0.0,1.0,-0.1349431973164796,-0.9887498362142744,-0.0645297984209678,0.1120546944337917,0.990610058048576,-0.1331805973674032,-0.0308972713658954,-0.2004970167358146,0.0219555549007944,-0.0680932439461268,0.9974373482770188,0.9123435092086976,0.0,0.0,0.0,1.0,0.049786394892432,-0.0175424780394376,0.99860581629983,798.7154582990462,0.0262135762561329,-0.9994783495591204,-0.0188647073245251,-387.9625797277171,0.9984158268494534,0.0271162354837824,-0.0493005727117785,-100.41056755749852,0.0,0.0,0.0,1.0
2026-07-18T16:47:46.330,89,random,18,4,-188.8316176314672,13.09572184503793,7.819593140597744,-3.0392745492561737,1.4201787503562038,1.4175892309951514,75.37468,-513.773132,34.986294,176.72997782369268,1.7098779480089157,-178.68846215900885,793.432417266408,-389.1290853548062,-100.26010389540065,164.42466799695296,-84.74943220339574,15.627668198363471,0.1719488461740448,0.8574517269307236,24,24,10,-0.9992928678037976,-0.0245529833818742,0.0284765756984815,75.37468,-0.0228784629790047,0.9980712876703698,0.0577085839345274,-513.773132,-0.0298385704781622,0.0570162760539435,-0.9979272538500792,34.986294,0.0,0.0,0.0,1.0,0.0792174849151998,-0.9964160596239372,-0.0296584930031361,0.1045619384875801,0.9898077514153631,0.0821545093248167,-0.1163239091316207,-0.2646069233837822,0.1183435901169685,-0.0201413187528912,0.9927684130536796,0.8963660805528608,0.0,0.0,0.0,1.0,0.0881285446033829,0.0019984316716924,0.9961071056352035,793.432417266408,0.0246518129190158,-0.9996960824967062,-0.0001753868435142,-389.1290853548062,0.9958040207520228,0.0245713026026828,-0.0881510257598404,-100.26010389540065,0.0,0.0,0.0,1.0
2026-07-18T16:47:49.062,90,random,18,5,-188.8316176314672,13.09572184503793,7.819593140597744,-6.283091584676261,0.0463139604916413,-0.616707720882328,75.373238,-513.784302,34.972019,173.4876669568269,0.3409671838823528,179.2786086879936,794.3561064481127,-389.6015666291628,-100.83316096941424,161.99110826889586,-85.46797733350195,17.348136197852238,0.1601764620598577,0.4139221026887303,17,17,10,-0.999903033023418,0.0118341938957985,0.0073400548639704,75.373238,0.0125900979991186,0.9934772133455136,0.1133336489997812,-513.784302,-0.0059509648748788,0.113415071388549,-0.993529872524721,34.972019,0.0,0.0,0.0,1.0,0.1373601579498655,-0.99047972940967,-0.0090604986912636,0.1219789463736492,0.9871995949426556,0.137642290471035,-0.0805702154579638,-0.2562779593862239,0.0810502729979582,0.0021226168833665,0.9967077544318208,0.8965415061892031,0.0,0.0,0.0,1.0,0.0754218613522021,-0.0106094200717272,0.997095272797896,794.3561064481127,0.0235608236788749,-0.9996452684394836,-0.0124187307775457,-389.6015666291628,0.9968733271673692,0.024429029704305,-0.075145140161983,-100.83316096941424,0.0,0.0,0.0,1.0
2026-07-18T16:48:15.184,91,random,19,1,70.19203388957112,74.26328653257025,10.381538227235534,0.6896378232708766,-2.664525760482276,-6.687654843485195,334.392334,-452.620514,37.5163,-179.5164434687524,-2.3409909593455183,173.21499634212412,798.1045955508821,-390.0791999102266,-99.2281382700375,160.30968660496427,-86.06627207660041,17.204457593269932,0.2948374814857809,0.5870430382025392,24,24,10,-0.992167737604888,0.1177975493104772,-0.041556200890408,334.392334,0.1180454701552841,0.9930018278693068,-0.0035548310836821,-452.620514,0.0408466330536088,-0.0084325099858401,-0.999129844086104,37.5163,0.0,0.0,0.0,1.0,0.0194564113955602,-0.9970490199404984,0.0742610253854434,0.1233809060456267,0.9995713963187506,0.0177730240458875,-0.0232624864889185,-0.2191330055846899,0.0218739963653075,0.0746818013438019,0.9969674803277464,0.6382831765088665,0.0,0.0,0.0,1.0,0.0655329808166459,-0.0426144778541853,0.9969400356603698,798.1045955508821,0.0202914333644442,-0.998824167529559,-0.0440288552076782,-390.0791999102266,0.997644067870551,0.0231146844256537,-0.064591216172178,-99.2281382700375,0.0,0.0,0.0,1.0
2026-07-18T16:48:19.816,92,random,19,2,70.19203388957112,74.26328653257025,10.381538227235534,0.1444028843753759,-3.651261071851156,6.739069558112941,334.398132,-452.604584,37.547604,179.91338862921904,-3.3615433840325397,-173.36711663673134,799.904449422392,-389.749973486424,-99.6418474360408,155.76785045505818,-86.66582231967448,20.724717686403,0.3743714161958661,0.8593618315792508,24,24,10,-0.9915975626532996,-0.1154190744699391,-0.0584184130950015,334.398132,-0.1153085102528994,0.993315740341574,-0.00527138055236,-452.604584,0.0586363471175736,0.0015090520777849,-0.9982782685997598,37.547604,0.0,0.0,0.0,1.0,0.015671979500214,-0.984188787904258,-0.1764279422939891,0.0139991396326321,0.9998747117658614,0.0150334257746679,0.0049554899467174,-0.21142777712872,-0.0022248212690774,-0.1764835002855049,0.984301084169522,0.6568868895518769,0.0,0.0,0.0,1.0,0.0543961212384004,-0.0605282208508911,0.996683197648502,799.904449422392,0.0205814032041559,-0.9978810170868692,-0.0617242381874603,-389.749973486424,0.9983073013037438,0.0238706979014042,-0.0530351010683935,-99.6418474360408,0.0,0.0,0.0,1.0
2026-07-18T16:48:25.056,93,random,19,3,70.19203388957112,74.26328653257025,10.381538227235534,-0.2328053551883204,7.76864062260713,-5.572471733868197,334.398743,-452.605774,37.54789,179.53615321690492,8.058193022278923,174.32172161919885,790.2687656884713,-390.4727693678238,-97.29724134021302,163.56051802197598,-84.5451276311219,13.867316665301868,0.1324727507819107,0.2601909290287717,19,19,10,-0.9852678066202184,0.0978100028102316,0.140287392833591,334.398743,0.0979655653949014,0.995172825697393,-0.0058133458802776,-452.605774,-0.1401788045128117,0.0080156312121335,-0.9900937594094964,37.54789,0.0,0.0,0.0,1.0,0.0396801818195824,-0.9979166352077776,0.0508711347067545,0.1108408571455567,0.9727951887908832,0.0269517109259238,-0.230093732951325,-0.2991009393341465,0.228243299652093,0.0586173562501188,0.9718379503344022,0.6041647331240599,0.0,0.0,0.0,1.0,0.092290993122729,-0.0436334201298214,0.9947756014479828,790.2687656884713,0.0227838496706762,-0.998685320499478,-0.0459186978587083,-390.4727693678238,0.9954713801926224,0.0269026999877303,-0.0911755227611325,-97.29724134021302,0.0,0.0,0.0,1.0
2026-07-18T16:48:29.991,94,random,19,4,70.19203388957112,74.26328653257025,10.381538227235534,5.768651562876428,-5.552870092339816,-9.495297377397137,334.383423,-452.620941,37.483498,-174.27983840437474,-5.090386235060288,170.4473237127447,800.2283160309805,-390.2883109399824,-99.38299049511926,154.17153062126198,-86.84184873058108,23.22125302201039,0.2871110211121362,0.5626154357897394,24,24,10,-0.9822441014250513,0.1564071431241583,-0.103601789537792,334.383423,0.1652997727375884,0.9826906557112248,-0.0836364771540787,-452.620941,0.0887271680411108,-0.0992767886143693,-0.9910961653108252,37.483498,0.0,0.0,0.0,1.0,-0.069861323227991,-0.990819607260674,0.1157406643519839,0.1532028274105594,0.9966529743258924,-0.0643890243865935,0.0503676712375587,-0.1841722057520515,-0.0424528477747522,0.1188720295374279,0.9920016110417698,0.6394136046995104,0.0,0.0,0.0,1.0,0.0506291623919161,-0.0448807324385231,0.9977085785795746,800.2283160309805,0.0217219202752138,-0.9987039601850056,-0.0460277969312577,-390.2883109399824,0.9984812697767798,0.0240024950071772,-0.0495886492897337,-99.38299049511926,0.0,0.0,0.0,1.0
2026-07-18T16:48:36.161,95,random,19,5,70.19203388957112,74.26328653257025,10.381538227235534,-7.844634312799658,-10.809620109549368,8.840103104274792,334.398376,-452.605469,37.548134,171.9242943170329,-10.519848893278988,-171.2659658104276,799.9136088944238,-389.9595411838949,-101.47843078758363,153.13249568561218,-87.58766870581269,24.24809451961953,0.3431882527904536,0.7742792658487821,24,24,10,-0.9717904903256084,-0.1249910047399588,-0.2000012291132471,334.398376,-0.1492956638484724,0.9824968519479944,0.1114035038422269,-452.605469,0.182576142112703,0.1381201818938011,-0.9734417125256476,37.548134,0.0,0.0,0.0,1.0,0.1501845657400218,-0.9730147398785416,-0.1751768026668337,-0.0103381642310765,0.9783288041091764,0.1207182805058911,0.1682255860504244,-0.15120961442372,-0.1425389324493089,-0.1966453984480563,0.9700583693806352,0.6671189756593197,0.0,0.0,0.0,1.0,0.0383772644750464,-0.0453362337362867,0.9982343469757096,799.9136088944238,0.0172861618189379,-0.9987906635598788,-0.0460260686479601,-389.9595411838949,0.9991137944103168,0.0190219950642937,-0.0375471639780179,-101.47843078758363,0.0,0.0,0.0,1.0
2026-07-18T16:48:59.412,96,random,20,1,132.29210450241618,-21.46746661358276,-36.57384775571597,-8.380610531869198,-1.5741589091500463,-1.332903025180972,396.498322,-548.336304,-9.407102,171.3886360743651,-1.284342193565253,178.56103634537178,792.672576617673,-389.3651798378174,-100.87117300294344,163.4049157047509,-85.86120107329963,16.425544976182405,0.2128064260409794,0.4391492604072023,24,24,10,-0.9994334948821636,0.0281839590306694,-0.0183943948250952,396.498322,0.0251057046714397,0.9883306234349404,0.1502407480467679,-548.336304,0.022414122792882,0.1496938316500032,-0.9884783072305462,-9.407102,0.0,0.0,0.0,1.0,0.1714246580084966,-0.985095762357924,0.0141395053354204,0.1600901819657756,0.9841077357425448,0.1705426765843147,-0.0494687771744876,-0.2090068050303908,0.0463200936781353,0.0223949647893953,0.9986755801929526,0.5740088246989715,0.0,0.0,0.0,1.0,0.0692273448878447,-0.0022445913527332,0.9975983843859404,792.672576617673,0.0204082581528515,-0.99978500963038,-0.0036657219680316,-389.3651798378174,0.9973921383883798,0.0206130135603597,-0.0691666534756054,-100.87117300294344,0.0,0.0,0.0,1.0
2026-07-18T16:49:03.913,97,random,20,2,132.29210450241618,-21.46746661358276,-36.57384775571597,2.952713481570868,-6.440388678085026,2.501770472775465,396.498413,-548.336426,-9.40715,-177.27858491253045,-6.150530043390845,-177.60442601062132,797.6957303922245,-388.96776065423626,-100.7855659723477,158.25723484261152,-86.80766635011355,20.646205280020183,0.2407149532136269,0.481247101531836,24,24,10,-0.9933749339878788,-0.0468339173531503,-0.1049420064127612,396.498413,-0.0415578742717829,0.9977866159712792,-0.051911579388357,-548.336426,0.1071409520705711,-0.0472064950397855,-0.9931225318234757,-9.40715,0.0,0.0,0.0,1.0,-0.0299819250118667,-0.9975043839477687,-0.063922516983967,0.1500399340224978,0.9980694037687604,-0.0333562562320892,0.0523910815965018,-0.1423744332468061,-0.0543925494277931,-0.0622283229338694,0.9965786905165008,0.5949527521238941,0.0,0.0,0.0,1.0,0.0521113815715098,-0.0185994907648075,0.9984680580038596,797.6957303922245,0.019635356860495,-0.9996141764398798,-0.0196456361918374,-388.96776065423626,0.9984482243319732,0.0206290378765191,-0.0517260681341585,-100.7855659723477,0.0,0.0,0.0,1.0
2026-07-18T16:49:09.149,98,random,20,3,132.29210450241618,-21.46746661358276,-36.57384775571597,9.436169855445865,3.33074840241806,-9.955015515549178,396.503571,-548.327454,-9.349465,-170.99747778762926,3.4681135339268723,169.87763177704608,788.9073746417739,-389.5772212900794,-97.83492905647122,161.90801449868445,-85.31292471137715,17.86396797029857,0.4143730403273408,0.7426567166142238,24,24,10,-0.9826317668524976,0.182904552440355,0.0313166963285097,396.503571,0.1754291947235995,0.9706442085935552,-0.1645430580803102,-548.327454,-0.0604930443188975,-0.1561913730664544,-0.9858726320213212,-9.349465,0.0,0.0,0.0,1.0,-0.1171133195505592,-0.9748378678443312,0.1896723538119509,0.245183102201158,0.984264586101067,-0.1393785013623606,-0.1086133412858559,-0.1754029393407316,0.1323166464627336,0.1739677118740706,0.9758214694779758,0.532386262306925,0.0,0.0,0.0,1.0,0.0777740656506405,-0.0029912096239854,0.9969665226963016,788.9073746417739,0.0250663368488192,-0.9996735111875784,-0.0049547741501382,-389.5772212900794,0.9966558450484057,0.0253756516149387,-0.077673694620289,-97.83492905647122,0.0,0.0,0.0,1.0
2026-07-18T16:49:14.555,99,random,20,4,132.29210450241618,-21.46746661358276,-36.57384775571597,-7.738980595900379,4.783591919094601,-7.498808367320034,396.498444,-548.336182,-9.407074,172.03029150913216,5.073312092765388,172.3950364415124,786.6101416201865,-389.8809684766759,-99.6365098406289,164.6961529809515,-84.9180202642383,15.307494925451897,0.3333657411416718,0.5544479657261575,22,22,10,-0.9873209019198246,0.1189110520783688,0.1051551155476498,396.498444,0.1318237903450556,0.9832531691144466,0.1258399528188888,-548.336182,-0.0884303394276361,0.1381063616203569,-0.9864617113444902,-9.407074,0.0,0.0,0.0,1.0,0.1707167267580812,-0.9796283629091104,0.1057547624886166,0.1952289241566028,0.9706568099091714,0.1487569142405119,-0.1889358034957688,-0.2519701209264174,0.1693551197394324,0.1349060823301081,0.9762782351196736,0.5362982466595059,0.0,0.0,0.0,1.0,0.085438426148943,0.0010644050958275,0.9963428839405556,786.6101416201865,0.0233853216450325,-0.9997260865676466,-0.0009373194212723,-389.8809684766759,0.996068974553846,0.0233798819058412,-0.0854399148719079,-99.6365098406289,0.0,0.0,0.0,1.0
2026-07-18T16:49:20.094,100,random,20,5,132.29210450241618,-21.46746661358276,-36.57384775571597,-6.790275630990715,6.579677520360804,11.281632112930865,396.497223,-548.333252,-9.382943,173.03348331262671,6.862029033384307,-168.8155399122121,793.8859732630558,-388.46280199654,-100.0820854216442,161.34301782507123,-85.83103366309183,16.722695714752593,0.274750901672505,0.6421422987353733,24,24,10,-0.9739805868799056,-0.2067525420538854,0.0928181164177074,396.497223,-0.1925788417249015,0.9709543241852676,0.1419897533832113,-548.333252,-0.1194788939560878,0.120420457980304,-0.9855068275759654,-9.382943,0.0,0.0,0.0,1.0,0.1260175248854476,-0.9605530960058718,-0.247905895805807,0.0676437381709653,0.9734666958379782,0.1678510937057498,-0.1555268543887911,-0.2509694651660729,0.191003077242316,-0.2217290240255383,0.9562186279238908,0.586999961069085,0.0,0.0,0.0,1.0,0.0696235005518836,-0.0329425929281781,0.9970292642355438,793.8859732630558,0.0209181160230631,-0.9991866362004608,-0.0344746060231818,-388.46280199654,0.997353999637514,0.0232562165791495,-0.0688777743359655,-100.0820854216442,0.0,0.0,0.0,1.0
2026-07-18T16:49:40.104,101,random,21,1,12.10537849507694,-42.083355020528,-24.19230386843383,5.007603149047668,-5.902976626237124,-4.943234635340222,276.304932,-568.964233,2.945225,-175.22665116082848,-5.603126165922857,174.95375136300763,795.2260599828577,-389.3378681581421,-100.31760870777411,154.3480277114082,-87.1977708415722,26.069189038889604,0.2419348767821129,0.4997148176754215,24,24,10,-0.9913646155575352,0.079561439066539,-0.1042409537279938,276.304932,0.0875395680923509,0.9933837968041404,-0.0743334128450653,-568.964233,0.0976372011001187,-0.082816723315111,-0.991770319832512,2.945225,0.0,0.0,0.0,1.0,-0.0578814960687629,-0.9942678779215248,0.0898950462832526,0.2337759215449895,0.99675913694644,-0.0525171152169783,0.060935831192115,-0.1369679395869832,-0.0558655110656753,0.0931307658226485,0.9940853610886028,0.688797924212047,0.0,0.0,0.0,1.0,0.0439148970492854,0.0077467284940174,0.9990052402338996,795.2260599828577,0.0214844108141864,-0.99974600303316,0.0068080475311772,-389.3378681581421,0.9988042360288216,0.0211640642802717,-0.044070176696067,-100.31760870777411,0.0,0.0,0.0,1.0
2026-07-18T16:49:42.972,102,random,21,2,12.10537849507694,-42.083355020528,-24.19230386843383,2.0969777858330936,-5.784204602951131,-8.639081883570999,276.306396,-568.964661,2.957535,-178.1289688720636,-5.484581198110292,171.258975725327,791.551874726154,-389.70731803843535,-100.45425455807872,155.6622469871514,-87.15589512118784,25.626589498324574,0.3340444189622175,0.6000061035143153,24,24,10,-0.9838604571216392,0.148803171170933,-0.099379158589079,276.306396,0.1512728327753904,0.9883326068250584,-0.0177535447303641,-568.964661,0.0955778791170221,-0.0325003774725503,-0.9948912475681118,2.957535,0.0,0.0,0.0,1.0,-0.0045933560116242,-0.985115098062779,0.1718346433328008,0.2626969604234231,0.9984927713937772,0.0048797175311809,0.0546660208099028,-0.1504963689275411,-0.0546908269723845,0.1718267497381481,0.9836078901267012,0.6696967656854428,0.0,0.0,0.0,1.0,0.0447377235121335,0.0229502362053949,0.9987351114049556,791.551874726154,0.0214602588817818,-0.999527459787126,0.0220071447539502,-389.70731803843535,0.9987682380731168,0.0204485644877816,-0.0452091011491077,-100.45425455807872,0.0,0.0,0.0,1.0
2026-07-18T16:49:47.444,103,random,21,3,12.10537849507694,-42.083355020528,-24.19230386843383,8.337519270351091,2.365566719798732,-0.3097039130488674,276.313995,-568.93158,3.006984,-171.90951200591851,2.6424240553638443,179.57574460054846,792.0324716013604,-389.0186924526055,-98.8524413325697,161.21337202230703,-85.28096130447396,18.40142812749928,0.150535863956733,0.3415314159754663,24,24,10,-0.998909322232116,0.0138190535524357,0.0446004452521442,276.313995,0.0073967126837652,0.9899718509449013,-0.1410709856001577,-568.93158,-0.0461026528439354,-0.140587225933372,-0.9889943262249338,3.006984,0.0,0.0,0.0,1.0,-0.1133220367355675,-0.99341169557494,0.0170680720945601,0.2050555695829445,0.9858237454074104,-0.1145626085643831,-0.1225844676532465,-0.2003591790391405,0.1237322067248808,0.0029345892125317,0.992311306599469,0.6891292402621592,0.0,0.0,0.0,1.0,0.0780630734782078,-0.0056870775482278,0.9969322011591846,792.0324716013604,0.0259702893498342,-0.9996327814349888,-0.0077360423753696,-389.0186924526055,0.9966101046197664,0.0264945169706502,-0.0778867122189025,-98.8524413325697,0.0,0.0,0.0,1.0
2026-07-18T16:49:51.277,104,random,21,4,12.10537849507694,-42.083355020528,-24.19230386843383,7.022194723445743,-7.234875011839513,0.0306950159174359,276.30246,-568.971191,2.933842,-173.17695194452745,-6.9222468976525535,179.93968739201557,797.6501849905126,-389.13901515062935,-100.12386068743764,156.09285145221688,-86.89769620965373,23.344210096161927,0.1765406495259321,0.35899531382195,24,24,10,-0.9927100701686512,-0.0132732519050174,-0.1197937284235593,276.30246,0.0010449802049605,0.992932320318592,-0.118677357920997,-568.971191,0.1205222991903273,-0.1179373903840641,-0.9856800430906948,2.933842,0.0,0.0,0.0,1.0,-0.0971307911367991,-0.9951141546992078,-0.0177039128562042,0.1892955564640829,0.9927329539671312,-0.0981373985554906,0.0696443329528921,-0.1197857255450404,-0.0710414774679684,-0.0108106485486072,0.9974147774908524,0.709779966870784,0.0,0.0,0.0,1.0,0.0496888332610371,-0.0092796837004365,0.9987216365532372,797.6501849905126,0.0214448592177683,-0.999716396867428,-0.0103558605406226,-389.13901515062935,0.9985344950788057,0.0219320155213003,-0.0494757398417289,-100.12386068743764,0.0,0.0,0.0,1.0
2026-07-18T16:49:57.687,105,random,21,5,12.10537849507694,-42.083355020528,-24.19230386843383,-7.793424339505753,9.133502276301307,5.847137742826256,276.309509,-568.955627,3.006552,172.00989421162546,9.413524686660889,-174.25227913442896,793.0432128554098,-388.65986020237455,-99.89854812483784,160.60116162119283,-85.64804886826255,17.686381375482803,0.1650179986512943,0.4045028368500373,20,20,10,-0.9815737861457676,-0.1217969711328893,0.147235865787915,276.309509,-0.0987998418369166,0.9830365187355876,0.1545244125865462,-568.955627,-0.1635588383563024,0.1371302324619594,-0.9769563990989903,3.006552,0.0,0.0,0.0,1.0,0.1505920408389439,-0.9753266595202048,-0.1614309278456884,0.1056893226219923,0.9599326291287992,0.1832991364837704,-0.2119688045401368,-0.306475627792074,0.2363289757305114,-0.1230420001197229,0.9638512755797471,0.6881944127285939,0.0,0.0,0.0,1.0,0.072296161284997,-0.0289711759761097,0.9969623543675132,793.0432128554098,0.0230537153604713,-0.999262445548654,-0.0307097887358546,-388.65986020237455,0.9971167390388808,0.0252038861821688,-0.071574945684815,-99.89854812483784,0.0,0.0,0.0,1.0
2026-07-18T16:50:20.471,106,random,22,1,-163.9501040689189,7.100745919539535,-38.88680776265224,-8.216943093283017,-0.707053863482944,-11.326438273720646,100.256195,-519.768311,-11.719866,171.55198634175693,-0.4173424579732915,168.56744918692044,785.9910034441945,-390.5787318336694,-101.13635455248902,164.92994614809965,-84.64946672463567,15.646063982393295,0.3104419619968942,0.5461205349402373,18,18,10,-0.9801327217115589,0.1971123745330027,0.0220580968411419,100.256195,0.1982089607273636,0.9693114700219708,0.1454251765383983,-519.768311,0.0072839355893904,0.1469080865364706,-0.9891233282015556,-11.719866,0.0,0.0,0.0,1.0,0.188344260916115,-0.963207982708252,0.1917206859654473,0.2527557520475484,0.9791756431022528,0.1691085428212375,-0.1123270256891335,-0.2243573569223231,0.0757726819853434,0.2088843766105473,0.9750004194218436,0.8271558958926448,0.0,0.0,0.0,1.0,0.0897935183644809,0.0111439873153356,0.9958980548261166,785.9910034441945,0.0251486371107162,-0.9996439405499224,0.0089184176453165,-390.5787318336694,0.9956428426454944,0.0242446626814732,-0.0900418026266715,-101.13635455248902,0.0,0.0,0.0,1.0
2026-07-18T16:50:26.610,107,random,22,2,-163.9501040689189,7.100745919539535,-38.88680776265224,9.418651344496414,-9.620540228313567,-3.6272676667584633,100.256149,-519.768311,-11.720116,-170.81241241980203,-9.330789581043996,176.2666268547704,798.0349473054922,-388.9971058804905,-100.77810841339232,150.2423347633286,-86.98708991301342,29.08275686484956,0.179533435096982,0.3255210823058238,24,24,10,-0.984674670699912,0.0384456200857351,-0.1701109260989521,100.256149,0.0642520195136255,0.986761592688105,-0.1489068070440528,-519.768311,0.162134113839255,-0.1575547317342689,-0.9741093550714428,-11.720116,0.0,0.0,0.0,1.0,-0.1303607692407662,-0.9909041175915924,0.0333931068183824,0.1753980493284885,0.984381072586498,-0.1253362817406405,0.1236313892702292,-0.0505797033541565,-0.1183214848470551,0.0489882253144464,0.9917661922066758,0.8731221330999301,0.0,0.0,0.0,1.0,0.045934006155156,-0.0111795295773408,0.9988819175442948,798.0349473054922,0.0255484365066646,-0.9995971432054952,-0.0123623900390562,-388.9971058804905,0.998617716881993,0.0260877253481823,-0.0456298818270963,-100.77810841339232,0.0,0.0,0.0,1.0
2026-07-18T16:50:38.487,109,random,22,4,-163.9501040689189,7.100745919539535,-38.88680776265224,-11.850779250111486,-8.417360558017151,0.3993981259232981,100.25573,-519.767822,-11.720299,167.91817341347817,-8.127349028151215,-179.7068946398539,797.5235697737373,-390.0539980098451,-102.30845657314192,158.32287483245574,-86.71857112200922,21.22278711148518,0.1362950896483213,0.322801002020974,22,22,10,-0.989943334959386,0.0245880169275715,-0.1393112450344849,100.25573,-0.0050642513522572,0.9779882557581272,0.2085984778406049,-519.767822,0.1413737844429794,0.2072061799820305,-0.9680284355583384,-11.720299,0.0,0.0,0.0,1.0,0.2284430960646135,-0.9735431862957942,0.0052360555236372,0.1307326038369149,0.9695523792433648,0.2279873996533862,0.0893864055817106,-0.119612767813486,-0.0882152807848215,-0.0153430771463804,0.9959832600097934,0.8837193447359206,0.0,0.0,0.0,1.0,0.0533583825370593,-0.0073650648053019,0.998548265650411,797.5235697737373,0.0207207702083106,-0.9997493284043536,-0.0084811577640424,-390.0539980098451,0.9983604222398862,0.0211432300147796,-0.0531923972907674,-102.30845657314192,0.0,0.0,0.0,1.0
2026-07-18T16:51:11.321,111,random,23,1,84.54626802990781,58.19498393952996,2.9032153420008764,10.504569637972825,-5.072719676382667,8.534433773693763,348.752655,-468.674286,30.069767,-169.72671469380862,-4.782879786413573,-171.57186797724793,800.9384424669697,-389.35514026337535,-98.64949802753976,150.50229819207198,-87.15506376362555,26.051028620030028,0.4300113913351895,0.97212246580409,24,24,10,-0.985755911389537,-0.1589286937702797,-0.0550177558344203,348.752655,-0.1460583610885424,0.971162401293148,-0.1884424195096619,-468.674286,0.0833800834534974,-0.1777224257402511,-0.9805419425360083,30.069767,0.0,0.0,0.0,1.0,-0.1634212463120806,-0.9640221694156208,-0.2096538888954988,0.0335427755186873,0.9858942765990648,-0.1673657387490658,0.0010885137507244,-0.1883892991892093,-0.0361382293840217,-0.2065186828550374,0.9777750569577892,0.6480626605312019,0.0,0.0,0.0,1.0,0.0445905425567193,-0.0595743156354616,0.9972274486951628,800.9384424669697,0.0217974423158246,-0.9979246700543712,-0.0605906296828322,-389.35514026337535,0.9987675180055592,0.0244387768401,-0.0431994347598908,-98.64949802753976,0.0,0.0,0.0,1.0
2026-07-18T16:51:14.759,112,random,23,2,84.54626802990781,58.19498393952996,2.9032153420008764,9.862283405740534,2.248075975057766,7.635962116575964,348.753418,-468.658875,30.109734,-170.44302652928116,2.5038828605012107,-172.49295492870024,797.5963400154362,-389.4049436460106,-97.58931620024973,156.41399257602222,-86.21830966218943,20.40783260923292,0.3870486487643674,0.7741587020082688,22,22,10,-0.990482250912724,-0.1216437108778134,0.064402781234495,348.753418,-0.1305233644457487,0.9786163876766768,-0.1589767816519589,-468.658875,-0.0436870914644765,-0.1658697482198827,-0.985179508853512,30.109734,0.0,0.0,0.0,1.0,-0.1505212873482073,-0.9745465350087744,-0.1661396796597068,0.0496416866802512,0.9827095290504632,-0.1291668365601782,-0.1326571138177397,-0.2441136851326311,0.107820793766577,-0.1832347659027294,0.9771385249779674,0.6293366373839435,0.0,0.0,0.0,1.0,0.0618153236477667,-0.0546246229174823,0.9965916999119776,797.5963400154362,0.0229985324936342,-0.9981581558146636,-0.0561370063666436,-389.4049436460106,0.9978225960888344,0.026390273810482,-0.0604451832882215,-97.58931620024973,0.0,0.0,0.0,1.0
2026-07-18T16:51:18.897,113,random,23,3,84.54626802990781,58.19498393952996,2.9032153420008764,8.965066641227665,11.151689923412595,0.676507521711855,348.75293,-468.674011,30.0697,-171.2659658104276,11.44145150674692,-179.42958306701058,787.3871702114393,-390.5080612137797,-96.30979756833293,163.01213604078842,-84.49984810035487,15.239482205035294,0.1472161279022416,0.3802653462908464,16,16,10,-0.980079347567594,0.0202800102691535,0.197568200009421,348.75293,-0.0097576528537361,0.9886547544767909,-0.149888507435435,-468.674011,-0.1983664807427543,-0.148830432485831,-0.9687622214371364,30.0697,0.0,0.0,0.0,1.0,-0.1213614460085431,-0.9926051860524427,0.0025187386743197,0.1104837600706684,0.9498075986139854,-0.1168651228074926,-0.2901862655025617,-0.2993756825637514,0.2883347447635284,-0.032825107661418,0.9569668684281432,0.5855896199995635,0.0,0.0,0.0,1.0,0.0924779395441393,-0.0292124215100412,0.9952861222418355,787.3871702114393,0.0251941430456338,-0.9991808713433876,-0.0316676727541425,-390.5080612137797,0.9953959442623151,0.0280039420615562,-0.0916662062875212,-96.30979756833293,0.0,0.0,0.0,1.0
2026-07-18T16:51:23.398,114,random,23,4,84.54626802990781,58.19498393952996,2.9032153420008764,5.693854050137947,0.1690227520897025,-5.137033560651272,348.744537,-468.693604,30.007088,-174.36400590447948,0.5753069220908598,174.79928194144034,796.027642808388,-389.9783152911481,-97.94060209218527,161.35465925972056,-85.48190405695802,16.273933878290418,0.2789841816028525,0.4644716930420307,24,24,10,-0.9958330597956968,0.0911889053163619,0.0010490782353405,348.744537,0.0906404916427082,0.9909796796427904,-0.0987095527790518,-468.693604,-0.0100408312757674,-0.0982031470080051,-0.9951157337842748,30.007088,0.0,0.0,0.0,1.0,-0.0691267806013222,-0.996014496169811,0.0563614373778339,0.1368573741923147,0.9941230829762976,-0.0734933797717332,-0.0794859674623704,-0.2220220435381024,0.0833113683562927,0.0505355968533727,0.995241362360546,0.6169998102153814,0.0,0.0,0.0,1.0,0.0756177065253342,-0.0404233532366967,0.9963171758897617,796.027642808388,0.0220748266456457,-0.9988651963276708,-0.0422021515310462,-389.9783152911481,0.9968925039784444,0.0251847588510583,-0.0746395567591403,-97.94060209218527,0.0,0.0,0.0,1.0
2026-07-18T16:51:28.537,115,random,23,5,84.54626802990781,58.19498393952996,2.9032153420008764,-6.202793556407246,10.574577605367413,-1.1969187544452655,348.752869,-468.673279,30.070087,173.5661621747598,10.864368415491157,178.6969992301563,788.6576798766159,-389.8871935849138,-97.88953124546502,164.50676265946456,-84.72990958550103,13.280719734642554,0.0928353782309186,0.2101425429408363,16,16,10,-0.9818221735826612,0.0014811276254092,0.1897973280169557,348.752869,0.0223321098188974,0.9939252434321546,0.1077677472130184,-468.673279,-0.1884847376644998,0.1100473385834005,-0.97589091959002,30.070087,0.0,0.0,0.0,1.0,0.1306865393250916,-0.9902819272692244,-0.0475681927676601,0.0703774188591343,0.9525248894417164,0.1387222809464642,-0.2710211500290271,-0.3188579861430571,0.2749861149826976,-0.0098910713757575,0.9613973181124243,0.5860304029960118,0.0,0.0,0.0,1.0,0.0893943496753433,-0.0375071253766857,0.9952898400928744,788.6576798766159,0.0211001687940688,-0.9989951048411893,-0.0395419192781944,-389.8871935849138,0.995772781874954,0.024535607783771,-0.088513111049701,-97.88953124546502,0.0,0.0,0.0,1.0
2026-07-18T16:51:49.189,116,random,24,1,-58.12914154623727,8.868010573985567,64.02838001761356,3.5167374161835667,-6.341350552608015,10.103776325141048,206.077087,-518.000671,91.194817,-176.7142787801061,-6.051580232171754,-170.0023073932666,799.9537218841242,-389.3364725094658,-99.58728585092646,152.4302090647281,-87.18119996712106,25.17833909356484,0.2446515075116119,0.6385987342904271,24,24,10,-0.9793267579562228,-0.1792737581703757,-0.0937017650976944,206.077087,-0.1726410653732454,0.9821468295730178,-0.0747172517325183,-518.000671,0.1054237340343467,-0.0569958313487866,-0.9927926830467256,91.194817,0.0,0.0,0.0,1.0,-0.044357042385369,-0.9749650946940288,-0.2178887718976958,0.0362744229602369,0.9973248890706568,-0.0559000305553278,0.0470983250669835,-0.2261463515201662,-0.0580992119656057,-0.215216752861335,0.9748365149381708,0.8039249654392906,0.0,0.0,0.0,1.0,0.0445050432774421,-0.0412197997588712,0.9981584189048908,799.9537218841242,0.0209219363966839,-0.9988908228531066,-0.0421828946050031,-389.3364725094658,0.9987900548665304,0.022760758504106,-0.0435932812716783,-99.58728585092646,0.0,0.0,0.0,1.0
2026-07-18T16:51:53.926,117,random,24,2,-58.12914154623727,8.868010573985567,64.02838001761356,11.082680566205555,0.946591279588226,0.0372864640237295,206.077179,-518.000916,91.195107,-169.14837109540355,1.2363283303332906,179.9312076166476,793.310010914116,-389.6746626627077,-98.58735750758004,161.04806627154187,-85.15430546274193,17.089396517588607,0.2205168617531899,0.4077503249633872,24,24,10,-0.999766483374252,0.0052412768259237,0.020964439861714,206.077179,0.0012003737940256,0.982112418643728,-0.1882916786491667,-518.000916,-0.021576325549917,-0.1882225442474957,-0.9818893705569705,91.195107,0.0,0.0,0.0,1.0,-0.1627472446518269,-0.9865868691477784,-0.0126366128144674,0.1703299951970862,0.9813612181276784,-0.1605321545962771,-0.1056389459225888,-0.2764936263519488,0.102193414235933,-0.0295935291214382,0.9943242575342018,0.7628468555752063,0.0,0.0,0.0,1.0,0.0807428587727343,-0.031392126733494,0.9962404956316294,793.310010914116,0.0248233907534728,-0.9991305618301384,-0.0334950696146823,-389.6746626627077,0.9964258075886564,0.0274345547829785,-0.0798933988208852,-98.58735750758004,0.0,0.0,0.0,1.0
2026-07-18T16:51:56.664,118,random,24,3,-58.12914154623727,8.868010573985567,64.02838001761356,9.432106545081131,3.238552459884854,-3.115399689108738,206.077164,-518.000732,91.19532,-170.79883332005744,3.5281022150770704,176.7787365320583,789.4959999344246,-389.8408817536608,-98.5169994959005,163.75331478324395,-84.7556397299324,15.38488766560602,0.151255425018981,0.3090509605373717,22,22,10,-0.9965277091539286,0.0652934905347812,0.0516651234606815,206.077164,0.0560855412287222,0.9850203876826956,-0.1630620983383735,-518.000732,-0.061538093515353,-0.1595982328950309,-0.985262131162707,91.19532,0.0,0.0,0.0,1.0,-0.1292896539643192,-0.9895925326415046,0.0631728162895977,0.2001112685668656,0.9805387816310503,-0.1370788305019105,-0.1405456934442453,-0.2981607562982904,0.1477426245038374,0.0437722922452225,0.988056730828912,0.7425305870279728,0.0,0.0,0.0,1.0,0.0881281891328795,-0.0139114538460433,0.9960119947731796,789.4959999344246,0.0242495411057662,-0.9995761745912424,-0.0161068602060743,-389.8408817536608,0.995813929424729,0.0255723022316663,-0.0877534917952166,-98.5169994959005,0.0,0.0,0.0,1.0
2026-07-18T16:52:03.570,119,random,24,4,-58.12914154623727,8.868010573985567,64.02838001761356,-11.368057302190945,-10.068527720228795,3.877644192617794,206.076996,-518.000671,91.194946,168.40117683477354,-9.778613393718244,-176.2285251613942,799.958720111641,-390.7846151581533,-102.09085211668946,156.08814793173212,-87.14306109295532,22.03576846115661,0.1894171989802101,0.5631231493996635,24,24,10,-0.9833371670869656,-0.0303598797889098,-0.1792380917232272,206.076996,-0.0648214767752338,0.979704100089879,0.1896788138294791,-518.000671,0.1698416673671655,0.1981367052473703,-0.9653474266085024,91.194946,0.0,0.0,0.0,1.0,0.2148083498976666,-0.9740111452886296,-0.0718307849586365,0.0738069025427113,0.9688816198180272,0.2032596492480416,0.1412583511384665,-0.206271911444992,-0.1229869082180572,-0.0999390006008431,0.9873633660238098,0.8050602870123849,0.0,0.0,0.0,1.0,0.0462013390454166,-0.0322710007927627,0.9984107465258196,799.958720111641,0.0187001117253031,-0.9992749553476616,-0.033164279524674,-390.7846151581533,0.9987570986440452,0.0202026266302925,-0.0455643696912989,-102.09085211668946,0.0,0.0,0.0,1.0
2026-07-18T16:52:10.778,120,random,24,5,-58.12914154623727,8.868010573985567,64.02838001761356,4.522005242273334,11.378220374914012,2.8104900031867714,206.07724,-518.000916,91.19503,-175.70902432854908,11.667941723162132,-177.29560175904584,793.076815781384,-390.1140398324113,-99.17683389210478,153.60438318682213,-86.33947975342979,23.337524979729125,0.1190248474460366,0.241834060494122,12,12,10,-0.9782453916078152,-0.031935838474879,0.2049781842513451,206.07724,-0.0462081426861832,0.9968002782125772,-0.0652227943653276,-518.000916,-0.2022393664635184,-0.0732755592011068,-0.976590974295892,91.19503,0.0,0.0,0.0,1.0,-0.0497872415245252,-0.9954253084651612,-0.0815456059418185,0.1281809548894636,0.9642320862553836,-0.0266231254703536,-0.263718965995585,-0.3998964118105906,0.2603415341757232,-0.0917587295968593,0.961146513870701,0.7216383597595053,0.0,0.0,0.0,1.0,0.0586213611174319,-0.0525156525849563,0.9968980099560416,793.076815781384,0.0252918736375341,-0.9982166595257428,-0.0540723753239195,-390.1140398324113,0.9979598474631348,0.0283832147376587,-0.0571886000223239,-99.17683389210478,0.0,0.0,0.0,1.0
2026-07-18T16:52:35.336,121,random,25,1,163.47626535493168,2.388333497948316,39.12833857425902,-10.32301064286856,-1.9807619768968256,-6.02483661647101,427.682434,-524.480469,66.295227,169.44619455731257,-1.690970340769599,173.8691995526045,790.9378611135104,-389.4490368728833,-101.16050020897538,165.58909654958643,-86.10781547518592,14.354984920355182,0.2757287842050514,0.5107647585675027,17,17,10,-0.9938476898297006,0.1103657754719908,-0.0092825117631545,427.682434,0.1067520731044702,0.97688354498898,0.1852094339326722,-524.480469,0.0295087157983001,0.1830790406743194,-0.982655229751364,66.295227,0.0,0.0,0.0,1.0,0.2063545981768531,-0.9736975691436458,0.0965961886154079,0.1468433171162285,0.9778822702448148,0.201779460319932,-0.0550573785594966,-0.2881884184258879,0.034118108859024,0.1058210434495472,0.9937997089007082,0.5315470852040357,0.0,0.0,0.0,1.0,0.0657598925974265,-0.000419867512047,0.9978353873444492,790.9378611135104,0.0168292108158376,-0.9998572084836096,-0.0015298060919042,-389.4490368728833,0.9976935472322606,0.0168933819774213,-0.0657434366037699,-101.16050020897538,0.0,0.0,0.0,1.0
2026-07-18T16:52:38.769,122,random,25,2,163.47626535493168,2.388333497948316,39.12833857425902,-5.119263106117567,-7.488632756399918,-5.697814106802606,427.673767,-524.489929,66.256302,174.6545528023903,-7.174806693746221,174.20289017248868,794.2494274056389,-389.8900471611655,-101.7734469621714,163.57724971242294,-86.4610173761746,15.24596667341735,0.3698008683455628,0.717351186487355,22,22,10,-0.9870955659477184,0.1121427916211372,-0.1143080835889216,427.673767,0.1002152056352128,0.9893839110069592,0.1052444259809784,-524.489929,0.1248969825329887,0.0924308981239057,-0.9878548844978003,66.256302,0.0,0.0,0.0,1.0,0.1149930994542718,-0.9896666615819926,0.0856532896685977,0.1642486348049232,0.991070376533208,0.120159013998285,0.0578041530799005,-0.2402523343231439,-0.0674988580364478,0.0782413593191781,0.9946467683834612,0.5493426627549596,0.0,0.0,0.0,1.0,0.0595551791589189,-0.0200171367304144,0.998024295732556,794.2494274056389,0.0162321015301548,-0.9996473125972322,-0.0210183086152301,-389.8900471611655,0.9980930314931888,0.0174517808330898,-0.0592092546017089,-101.7734469621714,0.0,0.0,0.0,1.0
2026-07-18T16:52:43.906,123,random,25,3,163.47626535493168,2.388333497948316,39.12833857425902,-8.458078526960662,-10.449025878626491,10.528502253145426,427.68219,-524.480042,66.294426,171.31082840578634,-10.15917196124414,-169.5775737797361,798.5077039982964,-389.7298916463765,-102.14503909553429,160.67669840858736,-86.71141488663572,16.946021783639257,0.3514761759166509,0.7927032402721254,24,24,10,-0.968080966927802,-0.152620490537435,-0.1988120402295706,427.68219,-0.1780678156366322,0.9770331067440612,0.1170391445647406,-524.480042,0.1763833736680702,0.1487053939645787,-0.9730239520686575,66.294426,0.0,0.0,0.0,1.0,0.1564218084153,-0.9669632637002392,-0.2012815553056653,0.0555119291677993,0.9803743916352756,0.1272467990208898,0.1505798936269372,-0.2079420993317652,-0.119992791774546,-0.2208852616023033,0.9678901958016894,0.5926937081955429,0.0,0.0,0.0,1.0,0.0548743219732682,-0.0409582142684233,0.9976528622080508,798.5077039982964,0.0167202509649197,-0.998980534186276,-0.0419323923067979,-389.7298916463765,0.9983532651299556,0.018982017828542,-0.0541335478563224,-102.14503909553429,0.0,0.0,0.0,1.0
2026-07-18T16:52:47.243,124,random,25,4,163.47626535493168,2.388333497948316,39.12833857425902,-5.469102293799912,-4.039860995725509,11.631843709249305,427.684357,-524.467102,66.324883,174.29152674339542,-3.759577164309922,-168.47892720757272,799.0814608132762,-389.1579744183301,-100.95519504398732,157.55936090570077,-87.13015124026931,20.062171019984792,0.2787814882020978,0.7416387781878426,20,20,10,-0.9777426502954496,-0.1923472217487467,-0.0837965159106771,427.684357,-0.1992985070899155,0.9762947394767032,0.0844315506303616,-524.467102,0.0655699234783812,0.0992528486022185,-0.9928995201828756,66.324883,0.0,0.0,0.0,1.0,0.1068503590663895,-0.9655004543470658,-0.2374697315932989,0.0495613641168847,0.994145042523612,0.0998813733249124,0.0412231207995508,-0.2483948853633223,-0.0160821389469332,-0.2404840616721599,0.970519850847242,0.5810662376339146,0.0,0.0,0.0,1.0,0.0470293280076798,-0.0410504827333399,0.9980496481510858,799.0814608132762,0.0171750896930212,-0.9989742682405,-0.0418978243754283,-389.1579744183301,0.9987458428455072,0.0191120187504435,-0.0462760428094276,-100.95519504398732,0.0,0.0,0.0,1.0
2026-07-18T16:52:52.781,125,random,25,5,163.47626535493168,2.388333497948316,39.12833857425902,-4.9606793977562935,-10.468729216955367,-5.311320656578687,427.670624,-524.503479,66.257919,174.7986516878657,-10.155619622914328,174.59089719135127,794.6674218895446,-389.8504616441747,-102.17536751162903,163.7052492362203,-86.63506865950737,15.175741304160583,0.3905382188871398,0.6315944382730299,24,24,10,-0.9799492477943916,0.1097918182418432,-0.1662685430090615,427.670624,0.0927895590151465,0.9899407828158991,0.10680516961093,-524.503479,0.1763223453932618,0.0892356608368816,-0.9802792598795632,66.257919,0.0,0.0,0.0,1.0,0.1105121031353091,-0.99024992103663,0.0848066562691796,0.1640615035101825,0.986366971738062,0.1197457182097091,0.1128767470948984,-0.2204732729239291,-0.1219314238615116,0.0711762380109317,0.9899831670375592,0.5568423940543292,0.0,0.0,0.0,1.0,0.0566485169085156,-0.0190622923465041,0.9982121891374413,794.6674218895446,0.0153653092234949,-0.999682655495346,-0.0199623539253229,-389.8504616441747,0.998275940211188,0.0164686767006306,-0.0563376417965651,-102.17536751162903,0.0,0.0,0.0,1.0
2026-07-18T16:53:20.807,126,random,26,1,-142.1541238178025,20.67877925386256,47.673079570404205,2.143524113408205,5.908615981196959,1.1382104194175788,122.051765,-506.176117,74.865189,-178.10055016542512,6.192184075096858,-178.97350866208643,787.9761440806695,-390.0537682046079,-99.10621725552475,162.3402782365209,-84.73752016082132,15.777041672842476,0.139022608807264,0.3465633139548735,16,16,10,-0.9940061425730914,-0.0143302190995206,0.1083809639536517,122.051765,-0.0178101752717147,0.999354190139878,-0.0312089779816488,-506.176117,-0.1078637389661318,-0.0329521997813192,-0.9936194273190404,74.865189,0.0,0.0,0.0,1.0,-0.0091564659939098,-0.9989309936435106,-0.0453103638132739,0.1177372541167902,0.9806435262224872,-0.0001075027111997,-0.195801590701129,-0.3434108353517698,0.1955874065691032,-0.046226165551081,0.9795961964044252,0.82523587632845,0.0,0.0,0.0,1.0,0.0882632070365979,-0.0316225412536943,0.9955951090520048,787.9761440806695,0.0249377755517726,-0.9991125253185852,-0.0339450895130528,-390.0537682046079,0.9957849735932668,0.027824029833548,-0.0873962798388913,-99.10621725552475,0.0,0.0,0.0,1.0
2026-07-18T16:53:26.241,127,random,26,2,-142.1541238178025,20.67877925386256,47.673079570404205,-9.255805730260022,-3.906163267279883,-9.24293914909687,122.045753,-506.201477,74.808929,170.52473031086683,-3.6041337144909305,170.6554792797157,792.7796006681479,-391.333567857551,-101.38249066426502,158.88329035908455,-86.77439518866926,21.38693541953255,0.2457110488475251,0.520130938008886,20,20,10,-0.9847782884240698,0.1703665493689299,-0.034452307682994,122.045753,0.1620494545930088,0.9715873436725492,0.1725050952332362,-506.201477,0.0628625239285546,0.1642962947587178,-0.9844059277624696,74.808929,0.0,0.0,0.0,1.0,0.1928978583381084,-0.96714973558303,0.1655651086740391,0.202427220469983,0.9811118104615392,0.1926034523169059,-0.0179868154071228,-0.2721508486509867,-0.0144924677488642,0.1659075016908047,0.9860348215257227,0.8329856858026072,0.0,0.0,0.0,1.0,0.0523930408863932,0.0052477757774591,0.9986127528306789,792.7796006681479,0.0205188279791361,-0.999780739574786,0.0041773764082566,-391.333567857551,0.9984157185085974,0.0202714978401481,-0.052489231374421,-101.38249066426502,0.0,0.0,0.0,1.0
2026-07-18T16:53:30.011,128,random,26,3,-142.1541238178025,20.67877925386256,47.673079570404205,-3.70062834054934,-9.658509433180056,-4.829398122473002,122.049065,-506.188995,74.826836,176.07462869762205,-9.36505245719282,175.06679593598693,799.3700362244888,-391.2843230625308,-101.76483906780254,151.8377588556839,-87.25652890658284,26.628996217152785,0.1767224226146712,0.365538589244696,24,24,10,-0.9830166001044304,0.096890928776881,-0.1558541364221032,122.049065,0.0848481443419142,0.993000437284874,0.0821640064370207,-506.188995,0.1627241725155175,0.0675446479952516,-0.9843569292722724,74.826836,0.0,0.0,0.0,1.0,0.0929160968827016,-0.9934239353965266,0.0668990547120313,0.1732988249306353,0.988134579404574,0.1002569746378855,0.1163554554862154,-0.1797069921587299,-0.1222973913255341,0.0552939745156487,0.9909520293421032,0.8648040443209544,0.0,0.0,0.0,1.0,0.042787222644738,-0.0262734087326394,0.9987386853286088,799.3700362244888,0.0214533356043148,-0.9993995080984563,-0.0272098806320917,-391.2843230625308,0.9988538471517238,0.0225905114181081,-0.0421978770090397,-101.76483906780254,0.0,0.0,0.0,1.0
2026-07-18T16:53:34.183,129,random,26,4,-142.1541238178025,20.67877925386256,47.673079570404205,-3.41289979833782,1.587227025486639,-5.300679256548477,122.054909,-506.179688,74.870079,176.33790280448466,1.8677278205674577,174.58654271210827,788.4204635326352,-390.8426237576634,-99.82751719136394,166.40212943746556,-84.25856243042134,13.233218175229856,0.1629139192625057,0.3510111356325288,24,24,10,-0.9950109353366908,0.0920770536066803,0.038406441640906,122.054909,0.0942920213855375,0.9937034260788336,0.0605187219149347,-506.179688,-0.0325922270400959,0.063838211114507,-0.9974279069377728,74.870079,0.0,0.0,0.0,1.0,0.0952410468060621,-0.9923938461209896,0.0779974178064587,0.1703154307509697,0.9872982450230564,0.0841608542365348,-0.134755801316937,-0.308821039215247,0.1271664986451956,0.0898409972972616,0.987804270504514,0.8264718650451583,0.0,0.0,0.0,1.0,0.097382959303119,-0.0052162455525767,0.9952333143638746,788.4204635326352,0.0229005403670884,-0.999709761482094,-0.0074805112332323,-390.8426237576634,0.994983479505194,0.0235198550112538,-0.0972352401755001,-99.82751719136394,0.0,0.0,0.0,1.0
2026-07-18T16:54:02.574,131,random,27,1,-83.51577113558434,-20.482876171004243,46.49780958713991,1.0436817851110671,0.7301507951409327,-11.869458070541498,180.690445,-547.351868,73.664688,-179.1873938070088,1.0198648753328654,168.02445708447496,787.8428654391673,-390.3297887488074,-99.9536350881642,158.7724204891032,-86.55821782382888,21.850018843772013,0.2997389728194767,0.6431686401893669,22,22,10,-0.9780812920097908,0.2077202105817661,0.0144672159147813,180.690445,0.20746127272716,0.9780854991564252,-0.0175663501716654,-547.351868,-0.017799060056224,-0.0141799314452998,-0.9997410279694044,73.664688,0.0,0.0,0.0,1.0,0.0192739501877442,-0.9757158217770734,0.2181906276127587,0.2876607433108734,0.9975241670406664,0.0040042155959211,-0.0702104153761116,-0.2815988611293512,0.0676317308220416,0.2190036561141172,0.973377289438512,0.7381781804627878,0.0,0.0,0.0,1.0,0.0557215221502319,0.0114695531078733,0.9983804692204108,787.8428654391673,0.0223434650599497,-0.9996979343536656,0.0102376568670568,-390.3297887488074,0.9981963141278256,0.0217368213066784,-0.0559609601517482,-99.9536350881642,0.0,0.0,0.0,1.0
2026-07-18T16:54:08.312,132,random,27,2,-83.51577113558434,-20.482876171004243,46.49780958713991,-9.05370859182946,1.8669075450569717,4.433213380148949,180.690384,-547.350525,73.664352,170.71535336930685,2.15661314087242,-175.67298528323536,792.9990521683972,-390.13916970407865,-100.5959088549926,162.4786770869361,-85.26179176874822,15.772528433259396,0.1998088722642678,0.4471348186271705,24,24,10,-0.996443388256428,-0.0805145046816254,0.0248593752118171,180.690384,-0.0753954464962658,0.9836279193153472,0.1636815291686552,-547.350525,-0.0376311127616245,0.161225093826095,-0.986199963736102,73.664352,0.0,0.0,0.0,1.0,0.1763592526687564,-0.9765078765153796,-0.1238134932127407,0.0827426222661228,0.9771783482912249,0.1888189103982659,-0.0973133840067463,-0.3148096689007967,0.1184056148539863,-0.1038257491156953,0.9875223157942375,0.7954263367692131,0.0,0.0,0.0,1.0,0.0794929709700097,-0.0295273533824405,0.9963980143339256,792.9990521683972,0.0224530826353513,-0.9992545674742056,-0.0314033192848794,-390.13916970407865,0.99658252375131,0.0248685501018145,-0.0787707342183778,-100.5959088549926,0.0,0.0,0.0,1.0
2026-07-18T16:54:12.348,133,random,27,3,-83.51577113558434,-20.482876171004243,46.49780958713991,-11.15347768521204,-7.583511025249757,9.026274004415498,180.690002,-547.351318,73.664177,168.61546305015244,-7.293695436235865,-171.07981182278962,799.8513055859623,-389.7517504654916,-101.71212603236674,157.2687554614197,-87.09729337026907,21.19901908832816,0.1943662792106434,0.4160353223146047,24,24,10,-0.9799115757200544,-0.1272506315356827,-0.1535596970028591,180.690002,-0.1538038160948337,0.9723535245764876,0.1757071694563095,-547.351318,0.126955464334965,0.195795556684649,-0.9723921071553604,73.664177,0.0,0.0,0.0,1.0,0.2073420652996463,-0.964656484300782,-0.162625752123496,0.0456159271786215,0.9751770227812396,0.1906053365492983,0.1126915254952499,-0.2051476845952315,-0.0777112745796579,-0.1819545904213035,0.9802313425043198,0.8332277235083299,0.0,0.0,0.0,1.0,0.0472133018645781,-0.0262769648393328,0.9985391455751133,799.8513055859623,0.0183119030114115,-0.999463167046542,-0.0271671110977416,-389.7517504654916,0.998716966079552,0.0195678010039154,-0.0467067749767235,-101.71212603236674,0.0,0.0,0.0,1.0
2026-07-18T16:54:24.791,135,random,27,5,-83.51577113558434,-20.482876171004243,46.49780958713991,-0.9799991340075208,-7.012702786841499,-4.301832942765904,180.682999,-547.365356,73.633644,178.811648084962,-6.71030980923366,175.60125096728498,796.492648197639,-390.56699909345457,-101.12861810438211,157.75222437114104,-86.65187425328048,21.60542939867599,0.2111018662761638,0.3930938722781702,24,24,10,-0.9902242449840084,0.0790969848935287,-0.1148895627400656,180.682999,0.0761718551024792,0.9966541158414324,0.0296381825788928,-547.365356,0.1168494464518232,0.0205970958410588,-0.9929360334416396,73.633644,0.0,0.0,0.0,1.0,0.0462894619205766,-0.9967380972213704,0.0661093886117969,0.2068828192259929,0.9968422703301256,0.0503660461815432,0.0613901415140809,-0.2094248643318498,-0.0645195613607511,0.0630589164160053,0.9959220849354912,0.7982668967955723,0.0,0.0,0.0,1.0,0.0542992954941548,-0.0106099772984313,0.9984683344455976,796.492648197639,0.021504564212072,-0.9996991997283012,-0.0117925307140954,-390.56699909345457,0.9982931133824808,0.0221119525216744,-0.0540547993132146,-101.12861810438211,0.0,0.0,0.0,1.0
2026-07-18T16:54:45.177,136,random,28,1,82.45951363030446,-12.52968510185218,14.488905829054673,9.85447786727821,11.49806021147593,3.1108211855981125,346.66571,-539.398499,41.65559,-170.37656342504604,11.787804493903502,-176.99525728283825,791.1261306796553,-389.8280944750336,-97.93131490427798,158.50340221600294,-85.5012560136768,18.959783836663597,0.134932219402829,0.2868813914396483,16,16,10,-0.9775650864178204,-0.017576728730041,0.2098989290684213,346.66571,-0.0513131568428734,0.9863624426602232,-0.1563844354281355,-539.398499,-0.204287693588572,-0.1636465408021464,-0.9651354039365424,41.65559,0.0,0.0,0.0,1.0,-0.1393091694775794,-0.9889784749702124,-0.050145102902073,0.1680613834402607,0.9505765938752048,-0.1193666358141899,-0.2866282355788004,-0.3066215468946068,0.2774835030701481,-0.0875967025634806,0.9567286570516867,0.5936480323193872,0.0,0.0,0.0,1.0,0.0741817750878901,-0.0431935427130852,0.9963088788687484,791.1261306796553,0.0254846057878504,-0.9986531715983176,-0.0451926733493255,-389.8280944750336,0.9969190534404724,0.0287430117509256,-0.0729810945576912,-97.93131490427798,0.0,0.0,0.0,1.0
2026-07-18T16:54:50.213,137,random,28,2,82.45951363030446,-12.52968510185218,14.488905829054673,-0.5944665683624706,2.3206597316992053,-6.010469194557608,346.661743,-539.417236,41.610546,179.2084786538696,2.642022984907252,173.89618586475513,789.0117189434793,-389.9925959847458,-99.2743090678035,164.61480668766848,-85.29291869564214,15.396013679591002,0.2137757588591325,0.4875047242073734,20,20,10,-0.9932739242294466,0.1056869519196096,0.0472988333870663,346.661743,0.1062172375306685,0.9943036966456482,0.0088350035739769,-539.417236,-0.0460956602858541,0.0137995300913028,-0.998841710719006,41.610546,0.0,0.0,0.0,1.0,0.0437769776174445,-0.9936558965692404,0.1035931245009033,0.1988799477793745,0.9915382532225264,0.0305294857672015,-0.1261738597935815,-0.2649644746898222,0.1222107549567626,0.1082400559495796,0.9865843206036315,0.597009043588119,0.0,0.0,0.0,1.0,0.0791168088515128,0.0010515531058081,0.9968647976497206,789.0117189434793,0.021786477873998,-0.999762419001536,-0.0006744879850493,-389.9925959847458,0.9966272522558264,0.0217715361943488,-0.0791209218395438,-99.2743090678035,0.0,0.0,0.0,1.0
2026-07-18T16:54:55.019,138,random,28,3,82.45951363030446,-12.52968510185218,14.488905829054673,-8.917843860139408,-5.429632807923518,3.59137436219798,346.665649,-539.398376,41.655434,170.85108707097334,-5.1398324927800765,-176.51471758006204,797.0666941336017,-389.7573112513726,-101.57680298700488,161.652843972968,-86.37611943078376,16.99101144229173,0.2286187176322115,0.4821588637958638,24,24,10,-0.9941369087270192,-0.0458007445681763,-0.0979494691342794,346.665649,-0.0605477026877487,0.9863183511883812,0.1533299899180487,-539.398376,0.0895867311934221,0.1583616175278391,-0.9833086065361392,41.655434,0.0,0.0,0.0,1.0,0.1734940266467179,-0.9816535550017752,-0.0790956425492794,0.1097825363001432,0.984431207305008,0.1705632864046534,0.0424660265959528,-0.221669411043618,-0.0281961132412241,-0.0852318208371709,0.9959621056620922,0.6496524333080026,0.0,0.0,0.0,1.0,0.0604475617004446,-0.0230650518080277,0.9979048530143364,797.0666941336017,0.0184703053306547,-0.9995359737399632,-0.0242215817133152,-389.7573112513726,0.99800047099461,0.019895742881215,-0.059993493895099,-101.57680298700488,0.0,0.0,0.0,1.0
2026-07-18T16:55:00.624,139,random,28,4,82.45951363030446,-12.52968510185218,14.488905829054673,3.1851094241860807,2.6283151662341435,-8.812176492832918,346.665863,-539.398743,41.655609,-177.04613593504587,2.9179021632627435,171.08193176663156,788.2147106704994,-390.04693415997855,-98.77143048417295,163.3258888187747,-85.51908712762229,17.033648893404298,0.3092925819281935,0.5725385954085508,20,20,10,-0.9866302026289916,0.1574074770783559,0.0422342209600406,346.665863,0.1548209460615216,0.986191786173668,-0.058789757136813,-539.398743,-0.0509049891551908,-0.0514650079511982,-0.9973765763420018,41.655609,0.0,0.0,0.0,1.0,-0.0169794179032499,-0.985952952330456,0.1661579825302525,0.2295196959504941,0.9925185858152789,-0.036715946756387,-0.1164422434729781,-0.2519267548940861,0.1209072213678939,0.1629377643293263,0.9792000453311142,0.5853742037850936,0.0,0.0,0.0,1.0,0.0746997797228341,0.0071136220999305,0.997180695405792,788.2147106704994,0.0228859937458107,-0.9997234035574452,0.0054173489626323,-390.04693415997855,0.9969434157461624,0.022416796384309,-0.0748419203403925,-98.77143048417295,0.0,0.0,0.0,1.0
2026-07-18T16:55:05.959,140,random,28,5,82.45951363030446,-12.52968510185218,14.488905829054673,9.942953634797448,-7.013319620967113,3.934833196763568,346.665894,-539.398804,41.655502,-170.28821333303688,-6.723373246962646,-176.17151586077867,799.3222651223476,-389.23434908100313,-99.81616665468424,156.1099751637468,-86.94477810107874,22.18174116924958,0.2534980148981265,0.5490626788992514,24,24,10,-0.9909067164688208,-0.0855187556229109,-0.1038769545842052,346.665894,-0.0663107624810724,0.982150474463526,-0.1760208177751982,-539.398804,0.1170758815305654,-0.1675320505090879,-0.9788903156207346,41.655502,0.0,0.0,0.0,1.0,-0.1517511957118728,-0.9826128916252992,-0.1069742016178876,0.1379745198017454,0.986167671660624,-0.1578163448844307,0.0506687740011711,-0.1670326109198397,-0.0666700680326647,-0.097805452297334,0.9929698865169244,0.6550606782201179,0.0,0.0,0.0,1.0,0.0493538496620695,-0.0292777291280784,0.9983521483427764,799.3222651223476,0.020122588114432,-0.9993382339252574,-0.0303014135433311,-389.23434908100313,0.998578629338276,0.0215849204828255,-0.0487320452745351,-99.81616665468424,0.0,0.0,0.0,1.0
2026-07-18T16:55:26.110,141,random,29,1,41.26517779503062,-74.29902693293148,-16.719660160221274,11.761206352273328,-3.6333860142996297,10.669131135491725,305.4711,-601.167603,10.446614,-168.46981717863014,-3.3436098050449456,-169.43696993681098,798.5148853447536,-387.3317905843703,-99.56697985586828,157.73263437120585,-86.66930472608699,21.093960642839352,0.1923633252656891,0.4730157740874531,24,24,10,-0.9813803992818694,-0.1910781132979854,-0.0195362873607212,305.4711,-0.1830050179668172,0.9610782497911544,-0.2069728513050344,-601.167603,0.0583238827953294,-0.199543860834788,-0.9781516100783268,10.446614,0.0,0.0,0.0,1.0,-0.1894684794199015,-0.9612494855109548,-0.2002526452040883,0.1387556093244211,0.981886067580512,-0.1857358225692777,-0.0374426829406052,-0.1557195210819167,-0.0012023300658483,-0.2037194905241958,0.9790285611681484,0.7094129535720923,0.0,0.0,0.0,1.0,0.0542057447886432,-0.0198811652549353,0.9983318468825958,798.5148853447536,0.0209096920370532,-0.9995599349577372,-0.0210409411909176,-387.3317905843703,0.9983108343651405,0.0220153513574054,-0.0537661816924532,-99.56697985586828,0.0,0.0,0.0,1.0
2026-07-18T16:55:31.214,142,random,29,2,41.26517779503062,-74.29902693293148,-16.719660160221274,-2.70105741600403,2.092126644460704,5.320823328836806,305.471375,-601.167847,10.447027,177.0681375143789,2.3817855543588333,-174.78512988390062,793.046778040963,-388.4779404011948,-100.42776582314632,161.3574069700892,-85.51646322990123,17.64806702881656,0.1976488196990415,0.5324401219344289,24,24,10,-0.9950005107966028,-0.0928888965498857,0.0366829171719516,305.471375,-0.0908125199955641,0.9943641284704016,0.0547089227032868,-601.167847,-0.0415580284247809,0.0511041378857287,-0.9978282905211706,10.447027,0.0,0.0,0.0,1.0,0.0675941130947713,-0.9911167281365346,-0.1145367499227318,0.1660347117357455,0.9907455542962542,0.0802216553016124,-0.1094885047065546,-0.2421557287693249,0.1177042162249904,-0.1060759974197761,0.9873670038310276,0.6798449436817402,0.0,0.0,0.0,1.0,0.074493575581409,-0.0164246967240266,0.9970862232197476,793.046778040963,0.0236995558980873,-0.9995527905616794,-0.0182359515954948,-388.4779404011948,0.9969398368243344,0.0249889619208867,-0.0740710033331945,-100.42776582314632,0.0,0.0,0.0,1.0
2026-07-18T16:55:35.719,143,random,29,3,41.26517779503062,-74.29902693293148,-16.719660160221274,-2.7164909196866613,5.241709783414436,-7.5142331185795905,305.47168,-601.168213,10.447424,177.0524384707923,5.531391849972481,172.37968117260291,785.18075115289,-389.5387895214719,-100.34227201046214,162.82206611945475,-85.05272382772046,17.46521174532018,0.3177076135437537,0.6202652244840147,22,22,10,-0.986553234921268,0.1275196128729457,0.1022323970134495,305.47168,0.1319904132262739,0.9905145622126784,0.0382025242750159,-601.168213,-0.0963911068654103,0.0511825202325929,-0.994026711985096,10.447424,0.0,0.0,0.0,1.0,0.0871191438982872,-0.9880981906304606,0.1267762613395723,0.2706238449355944,0.98092468401724,0.0628872421745426,-0.1839346597500281,-0.2692545036479091,0.1737728950443874,0.1403821941860524,0.974728588122561,0.6146463394834605,0.0,0.0,0.0,1.0,0.0822633295146635,0.0060634955408726,0.9965921827101532,785.18075115289,0.0258826254011896,-0.9996572019314603,0.0039456721740845,-389.5387895214719,0.9962744774004324,0.0254698380126275,-0.0823920689879008,-100.34227201046214,0.0,0.0,0.0,1.0
2026-07-18T16:55:45.694,145,random,29,5,41.26517779503062,-74.29902693293148,-16.719660160221274,-11.588312938085902,-8.100023974679578,-1.8679026318451888,305.465485,-601.177429,10.421268,168.18648954893797,-7.803627873902299,178.02893044103376,793.6126798618573,-389.6474984216544,-102.11511338000275,159.1695276533224,-87.1020775055627,21.217696704521646,0.2381558279815115,0.5244675748831371,24,24,10,-0.9901530460613988,0.0614473750307399,-0.1257822144707467,305.465485,0.0340763459727597,0.9772839045239304,0.2091768930919624,-601.177429,0.1357783046752246,0.2028309396031411,-0.9697545369418124,10.421268,0.0,0.0,0.0,1.0,0.2233490205860029,-0.9730128857901575,0.0579753317332707,0.219394300257318,0.9706151373147114,0.2274755049877466,0.0784929923376228,-0.1939796049312014,-0.0895626608515929,0.0387404016096818,0.9952274669965168,0.6714122638988747,0.0,0.0,0.0,1.0,0.0471295909453996,0.007182211711788,0.9988629623187792,793.6126798618573,0.0182971123157843,-0.9998125828933396,0.0063257228087193,-389.6474984216544,0.9987211909928732,0.0179781790812153,-0.0472521717881928,-102.11511338000275,0.0,0.0,0.0,1.0
2026-07-18T16:56:10.580,147,random,30,2,-108.50140035740384,-42.61161624256803,67.2191322557315,-11.554322043453546,6.090289591403838,0.6778549117903427,155.704605,-569.480164,94.385559,168.21462177667888,6.380056936120256,-179.42826526408177,786.0083212195823,-390.5472536141237,-100.48923271668072,165.23454559823378,-84.1506607396775,13.399252223096932,0.1252912341177945,0.3133859455790208,17,17,10,-0.9937571801819036,-0.0324634664745236,0.1067370141111736,155.704605,-0.0099166878021184,0.978644330718892,0.2053215362664306,-569.480164,-0.1111230225468454,0.2029812732648738,-0.972856760558215,94.385559,0.0,0.0,0.0,1.0,0.2218184983283093,-0.9720608829402064,-0.0767736521007014,0.1205939014180285,0.9523605812575244,0.2328759336025126,-0.1969216159175733,-0.3956007752854535,0.2092985357478739,-0.0294353428086668,0.9774086573831504,0.7864881896246234,0.0,0.0,0.0,1.0,0.0991388005164882,-0.0225515991937873,0.994818035424547,786.0083212195823,0.0236168264506442,-0.9994082177547626,-0.0250091941623156,-390.5472536141237,0.9947933170968492,0.0259738264037282,-0.0985475347301844,-100.48923271668072,0.0,0.0,0.0,1.0
2026-07-18T16:56:19.521,149,random,30,4,-108.50140035740384,-42.61161624256803,67.2191322557315,5.5265832224374805,8.437334836268288,4.999008682706354,155.704941,-569.480347,94.385498,-174.70445742634618,8.727121248094162,-175.10707486898465,789.7533862887414,-389.3775343368252,-99.4304800724477,158.03906336005593,-85.60779586435166,19.123797071307678,0.1262051675993011,0.2746084609089167,16,16,10,-0.9848202033379928,-0.070977363990846,0.1584025911979526,155.704941,-0.0843063763165896,0.9932976853521028,-0.079070495044111,-569.480347,-0.1517287118830194,-0.0912245694704347,-0.9842034728221872,94.385498,0.0,0.0,0.0,1.0,-0.0711710205432291,-0.9908959252079792,-0.1142801436867258,0.157073398810796,0.9718353565419068,-0.0430812133397143,-0.2316895527041372,-0.3789484568299874,0.2246569064371279,-0.1275510661006072,0.9660538286900466,0.7902000856201745,0.0,0.0,0.0,1.0,0.0723569530153695,-0.0484595102676822,0.9962008568631868,789.7533862887414,0.0250895024696117,-0.998414449978048,-0.0503895122109697,-389.3775343368252,0.99706318165709,0.0286402154260146,-0.0710264024443907,-99.4304800724477,0.0,0.0,0.0,1.0
2026-07-18T16:56:25.289,150,random,30,5,-108.50140035740384,-42.61161624256803,67.2191322557315,-5.316443156937928,-6.840242236555088,9.679883327087316,155.704437,-569.480286,94.385605,174.45252788382717,-6.550454584392162,-170.42623886588385,799.1543001737244,-388.88784026322526,-101.17294726004576,157.3110575695321,-86.85023912564645,21.081032448158087,0.1749112485872189,0.3697644493673586,24,24,10,-0.9796350130466124,-0.1546638443615978,-0.1280403704323564,155.704437,-0.1652314332721891,0.983288124493099,0.0764397651073189,-569.480286,0.1140781077682378,0.0960393642114286,-0.9888188033456295,94.385605,0.0,0.0,0.0,1.0,0.1073980121195465,-0.976403666402286,-0.1873540691550169,0.0647746587485804,0.9923787636044848,0.0938277344030623,0.0798795706274303,-0.2267888589266447,-0.0604156977912534,-0.1945051065986736,0.9790391753997558,0.8624945133519719,0.0,0.0,0.0,1.0,0.0512686221759649,-0.0275159300760909,0.9983057657713016,799.1543001737244,0.0197634179857092,-0.99939665740527,-0.0285609607102973,-388.88784026322526,0.9984893267780586,0.0211942152301201,-0.0506938808050738,-101.17294726004576,0.0,0.0,0.0,1.0
2026-07-18T16:56:50.679,151,random,31,1,123.11935994775548,-2.3205821410896768,-47.18322356499459,-5.089467544002575,6.887981238775371,-8.72911484560899,387.324677,-529.190491,-19.990351,174.6432082380467,7.152174860838552,171.15681735045516,786.8460663218611,-390.0330664114845,-98.99455227342852,164.30893311793062,-84.6543272893904,14.752990223682993,0.3313291581247435,0.5429934158277662,22,22,10,-0.9804242652576348,0.1415738930483086,0.1368396612871174,387.324677,0.1525344180622501,0.9855842500556564,0.073191101567338,-529.190491,-0.1245050657621513,0.0926310900798201,-0.9878856055992448,-19.990351,0.0,0.0,0.0,1.0,0.1283655230232818,-0.9849797563275864,0.1154866750920119,0.1918949191102704,0.9695243374126796,0.1001351035848734,-0.2235967803760862,-0.2449025700085549,0.2086740320774591,0.1406692598078744,0.9678157405630682,0.5406377445269099,0.0,0.0,0.0,1.0,0.0900929094643112,-0.015234316643105,0.9958168422258544,786.8460663218611,0.0237245114426872,-0.9995664366811052,-0.017438068053656,-390.0330664114845,0.9956507496211012,0.0251963143545984,-0.0896924217639538,-98.99455227342852,0.0,0.0,0.0,1.0
2026-07-18T16:56:55.883,152,random,31,2,123.11935994775548,-2.3205821410896768,-47.18322356499459,4.532228809989412,3.563832192700616,5.373303800104537,387.325745,-529.189453,-20.016827,-175.69899756713428,3.8536568342704074,-174.73304802032322,794.9322668335062,-388.9023436331395,-98.73022917961904,160.3553992526817,-85.91072455877514,18.24287057505746,0.2465501941870513,0.4988701886512601,24,24,10,-0.9935263241324928,-0.0865186427340593,0.0736204300125509,387.325745,-0.0915886869062353,0.9934362101965948,-0.0685274302817378,-529.189453,-0.0672083007266833,-0.0748266044243826,-0.9949291550576596,-20.016827,0.0,0.0,0.0,1.0,-0.0583187245775592,-0.9926204949684694,-0.1063178222698215,0.1154905878380552,0.9889399299982023,-0.0428954550155947,-0.1419781490024268,-0.2007089110290209,0.1363698691749648,-0.1134219242807829,0.9841436510355832,0.592526327461548,0.0,0.0,0.0,1.0,0.0677265288372144,-0.0236495076882059,0.9974235900948846,794.9322668335062,0.0223235166292592,-0.9994328230991844,-0.0252129474139233,-388.9023436331395,0.997454148267962,0.023973587509999,-0.0671601757363337,-98.73022917961904,0.0,0.0,0.0,1.0
2026-07-18T16:56:59.323,153,random,31,3,123.11935994775548,-2.3205821410896768,-47.18322356499459,4.755747123662754,10.950187094100093,4.674169967779076,387.321686,-529.174927,-19.98284,-175.49920718397215,11.22613396733676,-175.441567629782,792.4367174888168,-389.0329606077425,-98.23646165984556,159.85016618906516,-85.6559312675409,18.61092256445266,0.1422540258007446,0.3893196680448672,20,20,10,-0.9777637814332708,-0.0640017486309303,0.1997041909662745,387.321686,-0.077955095648581,0.9949769724728011,-0.0627998989750723,-529.174927,-0.1946817679695035,-0.0769714260036925,-0.977841709480234,-19.98284,0.0,0.0,0.0,1.0,-0.0572925981208714,-0.9946534487185368,-0.0859190034444148,0.1250332518745065,0.962214910140754,-0.0320670578720028,-0.2703963211699706,-0.2506219234570321,0.2661954637167596,-0.0981642539408039,0.9589075838394772,0.5717970320836973,0.0,0.0,0.0,1.0,0.0717847595020806,-0.0259179662859672,0.997083350240504,792.4367174888168,0.0241734761610004,-0.999323488865617,-0.0277165591613533,-389.0329606077425,0.9971271690980652,0.0260925971311926,-0.0711096689728431,-98.23646165984556,0.0,0.0,0.0,1.0
2026-07-18T16:57:04.886,154,random,31,4,123.11935994775548,-2.3205821410896768,-47.18322356499459,-4.290161866938199,-5.5494089117689045,4.822838802183526,387.319794,-529.20282,-20.054779,175.49926447975167,-5.242506529667519,-175.27552446075308,797.7273476392593,-389.2394663257106,-101.13086450539808,159.68824654512758,-86.73090289398972,19.14348650579192,0.2137854290960242,0.4494793607013161,24,24,10,-0.992433392652806,-0.0749645356022376,-0.097243403630182,387.319794,-0.0820197044437651,0.9941196560127732,0.0707027411915733,-529.20282,0.0913713808071163,0.0781436365354596,-0.9927461119734566,-20.054779,0.0,0.0,0.0,1.0,0.0925686904700085,-0.9906935629663876,-0.0997862808287402,0.1075387291854092,0.9950471483821696,0.0883957513468572,0.0454682706987764,-0.1524743340392315,-0.036224439832526,-0.103500992462822,0.9939694836955664,0.606189947612936,0.0,0.0,0.0,1.0,0.053872058868856,-0.0198550544934936,0.9983504284990772,797.7273476392593,0.0187006758734154,-0.9996068867715626,-0.0208891512690727,-389.2394663257106,0.998372718975788,0.0197951693583349,-0.0534795781113394,-101.13086450539808,0.0,0.0,0.0,1.0
2026-07-18T16:57:10.026,155,random,31,5,123.11935994775548,-2.3205821410896768,-47.18322356499459,-7.968566767289521,3.713237357491249,-8.272814421732726,387.325806,-529.191528,-19.988314,171.76615796557684,3.97850433782941,171.61426685408762,787.5429122311831,-389.8213555023003,-99.5815222743747,164.9215008544743,-84.99242510633782,14.945074706870894,0.3453367651471166,0.596671848126626,24,24,10,-0.9869245925638968,0.1345031426814633,0.0888186534540817,387.325806,0.1454852472214066,0.9805598015048153,0.131668213756258,-529.191528,-0.0693822126593879,0.1428684019706506,-0.987306805549744,-19.988314,0.0,0.0,0.0,1.0,0.175739598239749,-0.977246103484616,0.1187671959535374,0.1846198927491342,0.9730839561226504,0.1541746864487584,-0.1712827498469086,-0.2344802823332447,0.1490745046854869,0.1456716145395574,0.9780371019394996,0.5491854476004587,0.0,0.0,0.0,1.0,0.0843348163746281,-0.0013693613114014,0.9964365326485456,787.5429122311831,0.0225108180603852,-0.9997412216797972,-0.0032791377582895,-389.8213555023003,0.9961831668008198,0.0227071469758851,-0.0842821669091724,-99.5815222743747,0.0,0.0,0.0,1.0
