timestamp,sample_id,sample_type,position_index,orientation_index,offset_x_mm,offset_y_mm,offset_z_mm,offset_roll_deg,offset_pitch_deg,offset_yaw_deg,tcp_x_mm,tcp_y_mm,tcp_z_mm,tcp_roll_deg,tcp_pitch_deg,tcp_yaw_deg,marker_base_x_mm,marker_base_y_mm,marker_base_z_mm,marker_base_roll_deg,marker_base_pitch_deg,marker_base_yaw_deg,mean_reprojection_error_px,max_reprojection_error_px,used_corner_count,detected_corner_count,averaged_frames,T_base_tcp_00,T_base_tcp_01,T_base_tcp_02,T_base_tcp_03,T_base_tcp_10,T_base_tcp_11,T_base_tcp_12,T_base_tcp_13,T_base_tcp_20,T_base_tcp_21,T_base_tcp_22,T_base_tcp_23,T_base_tcp_30,T_base_tcp_31,T_base_tcp_32,T_base_tcp_33,T_cam_board_m_00,T_cam_board_m_01,T_cam_board_m_02,T_cam_board_m_03,T_cam_board_m_10,T_cam_board_m_11,T_cam_board_m_12,T_cam_board_m_13,T_cam_board_m_20,T_cam_board_m_21,T_cam_board_m_22,T_cam_board_m_23,T_cam_board_m_30,T_cam_board_m_31,T_cam_board_m_32,T_cam_board_m_33,T_base_board_mm_00,T_base_board_mm_01,T_base_board_mm_02,T_base_board_mm_03,T_base_board_mm_10,T_base_board_mm_11,T_base_board_mm_12,T_base_board_mm_13,T_base_board_mm_20,T_base_board_mm_21,T_base_board_mm_22,T_base_board_mm_23,T_base_board_mm_30,T_base_board_mm_31,T_base_board_mm_32,T_base_board_mm_33
2026-07-18T16:36:00.047,0,reference,0,0,0.0,0.0,0.0,0.0,0.0,0.0,264.206299,-526.868896,27.166712,179.76894596906658,0.2897447569976573,179.8939080641846,795.6150968450279,-389.62919618333154,-99.40821389838223,161.11205020996877,-85.9198708983135,17.88208702512899,0.22978532453815617,0.40506111115344473,24,24,10,-0.9999854991146514,0.0018312445235998994,0.00506439571089104,264.206299,0.0018516288553552874,0.9999901923281784,0.004023272055764336,-526.868896,-0.0050569784460408615,0.004032591095990753,-0.9999790823702509,27.166712,0.0,0.0,0.0,1.0,0.025993877458287334,-0.9995220054781337,-0.01673555794268992,0.1432010683464246,0.9970138236325815,0.027139163378242494,-0.07229731182187132,-0.23181569533669688,0.07271694314410754,-0.01480629515100452,0.9972427085738347,0.7105068882866188,0.0,0.0,0.0,1.0,0.06771421729769084,-0.016773893107975512,0.9975637429687206,795.6150968450279,0.02184771987283728,-0.9995939749686197,-0.018291045426457802,-389.62919618333154,0.9974655191594941,0.023033057036288933,-0.06732025231268753,-99.40821389838223,0.0,0.0,0.0,1.0
2026-07-18T16:36:12.158,1,random,1,1,-69.30092958392332,-30.00122808975842,24.485335380394346,2.708467175088135,1.7626259637020674,11.44024661495951,194.905823,-556.862305,51.690536,-177.48874583178443,2.035260679863711,-168.6605548286292,796.538430529409,-388.4145652321521,-99.14943734689467,156.99731210384687,-86.3213633080004,21.01954995036427,0.24354329113734452,0.6826940532402678,24,24,10,-0.9798610018060011,-0.19490665626093506,0.043402908714988704,194.905823,-0.1964971635674158,0.9798438692189257,-0.03598411683013716,-556.862305,-0.035514530120785495,-0.04378798121935313,-0.9984094004220079,51.690536,0.0,0.0,0.0,1.0,-0.032821349185124374,-0.9734735494284149,-0.22643322989550535,0.0598952631842479,0.994580966817587,-0.009450532298360546,-0.10353447678657743,-0.27265120934592585,0.09864816005309385,-0.2286043219244123,0.9685084431824114,0.7972588218298007,0.0,0.0,0.0,1.0,0.05989087744713906,-0.03385380482982592,0.9976306945444068,796.538430529409,0.023013403570034164,-0.9991122591499499,-0.035285646832748416,-388.4145652321521,0.9979396104247658,0.025072166137506867,-0.05905861859575404,-99.14943734689467,0.0,0.0,0.0,1.0
2026-07-18T16:36:17.291,2,random,1,2,-69.30092958392332,-30.00122808975842,24.485335380394346,8.987416218227473,-11.043108189896984,2.3833046487309737,194.894958,-556.886963,51.614067,-171.2424745408272,-10.738947954137021,-177.71666844268748,800.0814513208741,-388.92726486379433,-100.2691903176952,152.80434501276963,-87.23051498414685,25.935487578502993,0.19207282105513696,0.48289448368714655,24,24,10,-0.9817062922072324,-0.06772412178338139,-0.17794999064174694,194.894958,-0.03914334316777436,0.986426512617471,-0.15946953906932868,-556.886963,0.18633452317372093,-0.1495866923693549,-0.9710320627763113,51.614067,0.0,0.0,0.0,1.0,-0.1315093117642931,-0.9878040213883549,-0.08335776057618584,0.15291388960589763,0.9810000641297506,-0.14177882246678378,0.1324297537464923,-0.11500612618742076,-0.1426330084402143,-0.06435822269863457,0.9876810436949607,0.808990986884798,0.0,0.0,0.0,1.0,0.04345158301481075,-0.021512252467066874,0.998823899857878,800.0814513208741,0.021132223476950634,-0.9995246754329595,-0.02244665524209375,-388.92726486379433,0.998832012434737,0.0220827125695724,-0.04297632768330062,-100.2691903176952,0.0,0.0,0.0,1.0
2026-07-18T16:36:22.429,3,random,1,3,-69.30092958392332,-30.00122808975842,24.485335380394346,-1.0187143300788541,-0.25998762306281087,10.56153091624843,194.908859,-556.86853,51.696674,178.7819115753947,0.013464508185574346,-169.53941479058037,797.4673796780494,-388.4337434291601,-100.0430839522908,158.13467311897236,-86.29179278248019,20.373057497526585,0.17622447093218893,0.42542074923081574,17,17,10,-0.9833800108216098,-0.18152296807446383,-0.0036285503893309294,194.908859,-0.18155907879115202,0.9831569087916185,0.020947400884533895,-556.86853,-0.00023499999783702083,0.02125805157455174,-0.9997739944698776,51.696674,0.0,0.0,0.0,1.0,0.0323441374274541,-0.9774500071767821,-0.2086752027534254,0.05849392138546554,0.9974291885006707,0.04492408394970327,-0.055828671918405556,-0.2550473209702533,0.06394427809403194,-0.20633300790564096,0.976390198203384,0.8030892104284286,0.0,0.0,0.0,1.0,0.06062954312871349,-0.025311119797662988,0.9978393686934746,797.4673796780494,0.022515477329965915,-0.9993894011896911,-0.026718496782479353,-388.4337434291601,0.9979063642349453,0.024086759937773428,-0.060022630857809206,-100.0430839522908,0.0,0.0,0.0,1.0
2026-07-18T16:36:26.298,4,random,1,4,-69.30092958392332,-30.00122808975842,24.485335380394346,8.92815556329619,0.856182206366924,9.974293213010291,194.905319,-556.870056,51.651932,-171.3032080671111,1.1459155902616467,-170.13179585496613,797.044209435012,-387.5656875964461,-99.07070760028637,155.59879335403062,-86.4396502810431,22.599337477472417,0.23708997402232307,0.5971817093662439,24,24,10,-0.9850075508534034,-0.16643273304497286,0.04539019864420676,194.905319,-0.17134811960528987,0.9743952967606228,-0.1455803130870008,-556.870056,-0.019998666693333084,-0.15117523283249376,-0.9883046606732816,51.651932,0.0,0.0,0.0,1.0,-0.13717230669276909,-0.9723826252248324,-0.1888274038307118,0.09303928922038532,0.9872690190276673,-0.1187150457638273,-0.10586133372218212,-0.2536437080750032,0.08052106770734992,-0.20094468908173288,0.9762876571918309,0.7991070870753818,0.0,0.0,0.0,1.0,0.0573314847065418,-0.03070723865850551,0.9978828419986551,797.044209435012,0.023864015944169002,-0.9991991248200841,-0.03211880604557291,-387.5656875964461,0.9980699422407022,0.025654910889462482,-0.056552771310464905,-99.07070760028637,0.0,0.0,0.0,1.0
2026-07-18T16:36:32.007,5,random,1,5,-69.30092958392332,-30.00122808975842,24.485335380394346,-6.681880845021366,11.508290721334532,4.658871470525334,194.905426,-556.869324,51.652065,173.08734134536897,11.797888551097811,-175.44712532039478,789.5516072933722,-389.38021774460026,-99.70143543301009,160.60575538029525,-85.33236831473204,16.620790987058697,0.14499117880381163,0.39871055020368873,16,16,10,-0.9757860884838185,-0.10333240010002412,0.19277947144604915,194.905426,-0.0777021660874197,0.9876448561405573,0.13608824903135816,-556.869324,-0.2044599787410059,0.11781363770237488,-0.9717592622993417,51.652065,0.0,0.0,0.0,1.0,0.13235425229707753,-0.9781024075345286,-0.160617658661932,0.0916420306643656,0.9503367304596786,0.17126949064207025,-0.25985930869302054,-0.38650804165647734,0.2816779200400527,-0.1182473760823689,0.952194889406336,0.7423160041472795,0.0,0.0,0.0,1.0,0.07797550066105621,-0.04733171714754733,0.9958310749562509,789.5516072933722,0.02327631935720579,-0.9985136539298979,-0.04928180062402118,-389.38021774460026,0.9966835175991622,0.027022055203647703,-0.07675789391803306,-99.70143543301009,0.0,0.0,0.0,1.0
2026-07-18T16:36:52.482,6,random,2,1,-63.63179075141072,27.968590017589456,-85.46715304834245,7.779134076285665,-3.9597537946063035,-7.7334227232947175,200.574203,-498.900909,-58.30048,-172.45193115056887,-3.670023860930975,172.16046752018585,796.2030438882424,-390.112758477799,-99.30953259236298,155.163607806101,-86.08046436712587,23.584893127715603,0.25327538423973783,0.46530622092283286,24,24,10,-0.9886223750128115,0.12688756619643188,-0.08077960861983594,200.574203,0.13611940692949095,0.9832168320438481,-0.12147496961441508,-498.900909,0.06401020763277837,-0.1310885453821406,-0.9893020199051465,-58.30048,0.0,0.0,0.0,1.0,-0.09594247113919464,-0.9890166360110813,0.11243280626680903,0.19341605174889104,0.9953708428233172,-0.09468572848973163,0.016477198717269985,-0.08124063663528974,-0.0056504414787227715,0.1134932002971708,0.9935227053255512,0.7566688187462848,0.0,0.0,0.0,1.0,0.06264560758257394,-0.020940672734919067,0.9978161233794629,796.2030438882424,0.027349525098073445,-0.9993683768036686,-0.0226903266109345,-390.112758477799,0.9976610302740709,0.02871124640641846,-0.06203332170914232,-99.30953259236298,0.0,0.0,0.0,1.0
2026-07-18T16:36:56.420,7,random,2,2,-63.63179075141072,27.968590017589456,-85.46715304834245,-1.7578568480955852,-0.42226062135335063,-8.898802140825442,200.57457,-498.900238,-58.3004,178.01134063672325,-0.13263972957278555,170.99512866066925,792.6596583013817,-390.384457626525,-99.54521500777716,160.8945649944352,-85.38529194451628,18.07442538876994,0.25467066407454486,0.4973028628377287,24,24,10,-0.9876723902395607,0.15650351416399821,0.0031463650125474903,200.57457,0.15651801922796854,0.9870676013100882,0.03463610978302943,-498.900238,0.002314997932232908,0.034701592157536626,-0.9993950371531297,-58.3004,0.0,0.0,0.0,1.0,0.07119768629182922,-0.9883272395778062,0.13468540000758483,0.20384454729179274,0.9950500463595445,0.06099007196690689,-0.07845773614717304,-0.14884134371556068,0.06932744555050518,0.13960472280687453,0.9877774175711129,0.747896901050252,0.0,0.0,0.0,1.0,0.07648470130948821,-0.01698485290308272,0.9969260781208695,792.6596583013817,0.02496127232588633,-0.9995089111964083,-0.018943899356850515,-390.384457626525,0.9967582582298837,0.026333461808698028,-0.07602317699030019,-99.54521500777716,0.0,0.0,0.0,1.0
2026-07-18T16:37:01.355,8,random,2,3,-63.63179075141072,27.968590017589456,-85.46715304834245,-6.349827800018879,2.361770826107511,5.666948831318045,200.574448,-498.89978,-58.300785,173.4191412045292,2.6515913800859368,-174.43917796720064,794.0815236880628,-388.90920925249475,-99.4479552519042,162.51810971036986,-85.46075142769368,16.61542401571497,0.16847617349111094,0.434042017964947,24,24,10,-0.9942282499253478,-0.10154085009335966,0.034635860213052205,200.574448,-0.09679860431789165,0.9882222400472275,0.11851934221108339,-498.89978,-0.04626248212632431,0.11448257526085578,-0.9923474808297514,-58.300785,0.0,0.0,0.0,1.0,0.12878670895007943,-0.9836773721253933,-0.12566945200122878,0.04921928119124803,0.983926007100767,0.1425590100326077,-0.10754785543777629,-0.17642492894615536,0.1237077044833889,-0.1097987077656404,0.9862254547639937,0.7788248646878131,0.0,0.0,0.0,1.0,0.07583745898135598,-0.014219194426283055,0.9970188033959634,794.0815236880628,0.022630359998359384,-0.9996162179284764,-0.015977598715531425,-388.90920925249475,0.996863354036849,0.0237745949331939,-0.0754865684354952,-99.4479552519042,0.0,0.0,0.0,1.0
2026-07-18T16:37:07.694,9,random,2,4,-63.63179075141072,27.968590017589456,-85.46715304834245,3.2696210498769,-9.47084609886511,-11.86486133276712,200.566803,-498.909607,-58.322021,-176.96775530867197,-9.176033680579163,168.02961370463112,797.3941567567966,-390.17583620826207,-100.98068285399918,131.29492503253329,-87.92982194609237,47.76986347119638,0.3840036531627605,0.6604372994616822,24,24,10,-0.9657362566650178,0.19886360336109343,-0.16675356014454526,200.566803,0.2047519366361331,0.9786348820029488,-0.01871929942138225,-498.909607,0.15946826332029737,-0.052221020531162864,-0.985820895501963,-58.322021,0.0,0.0,0.0,1.0,-0.02118245976937725,-0.9827467564914936,0.18373926092038143,0.2328255779575606,0.9897267915448721,0.005378853104115941,0.1428703819466383,-0.04249529418656492,-0.14139371095070913,0.18487801530937545,0.9725368568639718,0.7409170670664444,0.0,0.0,0.0,1.0,0.024279012653242213,-0.01599221583818557,0.9995772999509185,797.3941567567966,0.026747734284683116,-0.9995036993920732,-0.016640721504683435,-390.17583620826207,0.9993473311392892,0.02714044830405974,-0.023839207424639276,-100.98068285399918,0.0,0.0,0.0,1.0
2026-07-18T16:37:13.430,10,random,2,5,-63.63179075141072,27.968590017589456,-85.46715304834245,-4.986871761030595,-10.733941002887345,6.786169708154468,200.574158,-498.899017,-58.301208,174.78220779914545,-10.444218464321729,-173.3200195059716,796.9758212344169,-389.41819040360997,-100.78194642424964,159.24728493308703,-86.69942376157339,19.70727492550594,0.22045360895981642,1.1493152833135856,24,24,10,-0.9767556904844867,-0.0994678358830353,-0.1898801483328865,200.574158,-0.11439644249741655,0.9910133771530506,0.06932488909216285,-498.899017,0.18127817036286717,0.08943509338313997,-0.9793567220484273,-58.301208,0.0,0.0,0.0,1.0,0.10313575735879137,-0.9870676821989584,-0.1227208470978126,0.050874912131868254,0.9866781216000382,0.08591963768730007,0.13814521423307968,-0.03794870661395133,-0.12581454570060188,-0.13533368619105646,0.9827794734690445,0.7827637660001445,0.0,0.0,0.0,1.0,0.05420182404080892,-0.01769202833416984,0.9983732540508445,796.9758212344169,0.01941482741320957,-0.9996353388184533,-0.01876842726046491,-389.41819040360997,0.9983412376272777,0.020400527413256327,-0.05383857106291487,-100.78194642424964,0.0,0.0,0.0,1.0
2026-07-18T16:37:38.814,11,random,3,1,150.1001184526513,46.99843674962253,-18.627434765022315,8.590163499219742,-4.9447066890617695,1.678476308954405,414.304382,-479.872253,8.526765,-171.6382737857036,-4.647260676306107,-178.4250734605872,799.8143463235671,-389.1581262621457,-99.31343691255424,157.36219785199208,-86.6700020753559,19.966361366522516,0.3446097799762129,0.7310662110810328,24,24,10,-0.9963358671018637,-0.038969838477470084,-0.07613272368316717,414.304382,-0.027393834851512526,0.9886721242134653,-0.14757035141030989,-479.872253,0.08102109440451696,-0.14494406677154528,-0.9861170314771063,8.526765,0.0,0.0,0.0,1.0,-0.12721681473056848,-0.9888263725529601,-0.07770641539514306,0.09579406476360972,0.9915355283057548,-0.12883172370104196,0.016114685092975818,-0.1656064206323613,-0.025945677043306,-0.07499861273365506,0.9968460412374579,0.5753197435670449,0.0,0.0,0.0,1.0,0.05459531048572638,-0.04599771385092951,0.9974485261874195,799.8143463235671,0.019834776300510452,-0.9986913125809074,-0.04714068120565054,-389.1581262621457,0.9983115414148409,0.022357828515132155,-0.05361150792518443,-99.31343691255424,0.0,0.0,0.0,1.0
2026-07-18T16:37:43.753,12,random,3,2,150.1001184526513,46.99843674962253,-18.627434765022315,8.493847991444028,8.097766177059484,-6.123825364974362,414.307587,-479.865326,8.597542,-172.1494094347398,8.17055004590408,173.70183858064678,792.3157330593783,-390.43588332467175,-95.87596837057137,161.80972622775818,-84.91937843249013,15.832558373645188,0.17675868594317942,0.3998809879168549,20,20,10,-0.9838751515978461,0.12796931985570942,0.12495414856651434,414.307587,0.10858887143113201,0.9825190950735078,-0.15121072983504974,-479.865326,-0.14212017122712906,-0.13520384976620473,-0.9805721676341671,8.597542,0.0,0.0,0.0,1.0,-0.10003143821069606,-0.9902097682182773,0.09735669619808344,0.15586480124211866,0.9697271310890325,-0.11893096625234623,-0.21327146198241728,-0.23815481127080002,0.2227622108871567,0.07307557862507481,0.9721301133126554,0.5273539865739978,0.0,0.0,0.0,1.0,0.08519782088778276,-0.03995830692927211,0.9955624867497365,792.3157330593783,0.02416085200540678,-0.9988188382218486,-0.04215663226030161,-390.43588332467175,0.9960710740435875,0.027645291109040453,-0.08413176173806333,-95.87596837057137,0.0,0.0,0.0,1.0
2026-07-18T16:37:49.756,13,random,3,3,150.1001184526513,46.99843674962253,-18.627434765022315,-3.2502849899906163,-8.625810611971334,-11.697362355456384,414.286621,-479.881378,8.462243,176.56628378162384,-8.2319711215421,168.21559580493062,797.3470083238736,-389.4332672268796,-101.8027852859608,155.91426587158145,-87.25252810519314,22.420207597046524,0.43411088736766706,0.7888778662107022,24,24,10,-0.9688366725518813,0.21225787191412246,-0.1276796684248771,414.286621,0.20212531660788188,0.9754142054396399,0.08782075046775469,-479.881378,0.14318120793163497,0.059276670259420856,-0.9879197427211351,8.462243,0.0,0.0,0.0,1.0,0.08644625026832653,-0.9797452209727653,0.18062764958769129,0.16849581100839187,0.9908361909413995,0.10343804244698146,0.08685743546452972,-0.16996719610167393,-0.1037819277874735,0.17146391269233427,0.9797088537463318,0.5486289779572944,0.0,0.0,0.0,1.0,0.04431079585104153,-0.028631174023994486,0.9986074350038938,797.3470083238736,0.01828187765185036,-0.999398610402808,-0.029465072110214027,-389.4332672268796,0.9988505024880201,0.019562039743981106,-0.043760716178837665,-101.8027852859608,0.0,0.0,0.0,1.0
2026-07-18T16:37:54.260,14,random,3,4,150.1001184526513,46.99843674962253,-18.627434765022315,-4.2225729687388105,4.311429355103257,-9.350198147623448,414.309418,-479.85788,8.607504,175.45881365941543,4.5147355382923475,170.52564704333903,792.0871096305276,-389.72565687879774,-98.22356488356962,163.14769899394636,-85.32814953027624,15.180024149615639,0.3129610970745305,0.5054697077119382,20,20,10,-0.9832988297507844,0.1579420110167372,0.09043081646610679,414.309418,0.16409535030790312,0.9842887647606142,0.0651793186014605,-479.85788,-0.07871548397910277,0.07893002421140516,-0.9937675401520834,8.607504,0.0,0.0,0.0,1.0,0.11207563578083772,-0.98621990075694,0.12169371066449274,0.14545092404097232,0.981967163625572,0.09115536961980568,-0.16562363403399422,-0.24820275052014742,0.15224828874398197,0.13806160197697553,0.9786518546623618,0.5282688240679715,0.0,0.0,0.0,1.0,0.07860692310515416,-0.028252997272788353,0.9965052532651519,792.0871096305276,0.021327602213135136,-0.9993218797175493,-0.030015231160577194,-389.72565687879774,0.9966775230854659,0.023612472612761344,-0.07795104946909254,-98.22356488356962,0.0,0.0,0.0,1.0
2026-07-18T16:37:57.495,15,random,3,5,150.1001184526513,46.99843674962253,-18.627434765022315,-4.104106693687846,-1.433003306962382,-6.223955857891231,414.2995,-479.874664,8.476619,175.72999458385087,-1.0706862317609696,173.68545198770602,794.7138624675795,-389.6748023511883,-99.72453151611265,163.31195306398917,-85.81816710390872,15.203281539387815,0.30807038019609917,0.46810273940153224,24,24,10,-0.9937595230627613,0.11106423942215177,-0.010331749302619054,414.2995,0.1099674815524329,0.9910211260783857,0.07605445856321401,-479.874664,0.01868591242322803,0.07444368601773596,-0.9970501362965676,8.476619,0.0,0.0,0.0,1.0,0.10101273514441743,-0.9917266864399604,0.07921241532399834,0.1290855078202654,0.9936682638000557,0.09663214199754541,-0.0573202464191357,-0.21281172768558188,0.04919155268161428,0.0845009380763552,0.9952084116450123,0.5501431810127451,0.0,0.0,0.0,1.0,0.07036980792391503,-0.02517337915729696,0.9972032847491802,794.7138624675795,0.019123381574265158,-0.9994637581462175,-0.026579925308504358,-389.6748023511883,0.9973376491489319,0.020940323159960465,-0.06985067255252476,-99.72453151611265,0.0,0.0,0.0,1.0
2026-07-18T16:38:23.179,16,random,4,1,87.41281284447051,79.59774718810355,-29.45082454772055,7.308168543184259,-6.032831731851308,-0.1207628068997586,351.614838,-447.276093,-2.305647,-172.90113006195145,-5.7214419506173755,179.78017594185113,801.9795401661103,-389.24711188460367,-98.99207205076128,152.94591943500444,-86.9395729659241,23.954964490752694,0.29796463459359324,0.60725046056893,24,24,10,-0.9950110083099664,-0.00851281811327736,-0.09940133434594484,351.614838,0.003817531288174586,0.9923743399976586,-0.12320144385953885,-447.276093,0.09969212504931302,-0.12296626058387541,-0.9873908947125097,-2.305647,0.0,0.0,0.0,1.0,-0.10169455654648621,-0.9931924363634523,-0.056806703118946957,0.07114176717866275,0.9935031317442974,-0.10432700093176558,0.04546871551800462,-0.14555118914068493,-0.051085657312864595,-0.05181371659140074,0.9973492840474186,0.6375351841352217,0.0,0.0,0.0,1.0,0.04879045284219805,-0.05347059492857967,0.9973767528819972,801.9795401661103,0.02167697297086604,-0.9982741251909324,-0.05457911520994054,-389.24711188460367,0.9985737832299996,0.02428304866081301,-0.0475471659877119,-98.99207205076128,0.0,0.0,0.0,1.0
2026-07-18T16:38:27.813,17,random,4,2,87.41281284447051,79.59774718810355,-29.45082454772055,3.4160414891782658,3.9878541430133723,-9.297050844587362,351.621643,-447.274017,-2.245594,-177.1469192112094,4.118076856723277,170.5592223701337,795.2937788726581,-391.03063147751,-96.55609807286606,160.05148483497743,-85.38500463497387,17.52844559034556,0.26799262831825094,0.5192110716137964,24,24,10,-0.9839088169022984,0.16735078844074772,0.06258716825499856,351.621643,0.1636045764394112,0.9846466026058511,-0.0608655119491813,-447.274017,-0.07181213400255035,-0.04964656669917048,-0.9961818286964406,-2.245594,0.0,0.0,0.0,1.0,-0.0127850429071076,-0.9916931823081973,0.12798896374806576,0.13981093295213665,0.9896250770671621,-0.030868073811334495,-0.14031881149365538,-0.2202953105769258,0.14310398148785874,0.12486710608730485,0.9817990916168666,0.6005586124767286,0.0,0.0,0.0,1.0,0.07672385090120612,-0.04117084400087934,0.9962019937277504,795.2937788726581,0.024232821612672917,-0.9987749539051919,-0.043143502504661625,-391.03063147751,0.9967578547769654,0.027450920857716943,-0.0756321749289644,-96.55609807286606,0.0,0.0,0.0,1.0
2026-07-18T16:38:31.985,18,random,4,3,87.41281284447051,79.59774718810355,-29.45082454772055,5.65468734648406,9.06973040352733,0.8275612612020193,351.619446,-447.271057,-2.28416,-174.57634406335495,9.359494766580049,-179.27849409643463,790.0724950602867,-389.65343309290836,-95.92082179723413,164.02840702450243,-84.49921488579567,13.67016524643255,0.1597290103603674,0.3192907697981243,20,20,10,-0.986609147397432,0.002834372238467485,0.16307776245008426,351.619446,-0.012424683976413916,0.9956376567402692,-0.0924731512863722,-447.271057,-0.16262846460505784,-0.0932610466098244,-0.9822700034539595,-2.28416,0.0,0.0,0.0,1.0,-0.07001172922478843,-0.9971066605846167,-0.02960853236398423,0.07284166828418713,0.9646517834286233,-0.06011391462891863,-0.256579917366819,-0.2601503430348333,0.25405765979188966,-0.04652552724882597,0.9660693975151514,0.5980696831368641,0.0,0.0,0.0,1.0,0.09314391743035792,-0.03892543951893291,0.9948914618208284,790.0724950602867,0.02265466241266267,-0.9988939271593813,-0.04120301633469235,-389.65343309290836,0.9953948849158787,0.02637674055615188,-0.09215905078145334,-95.92082179723413,0.0,0.0,0.0,1.0
2026-07-18T16:38:34.956,19,random,4,4,87.41281284447051,79.59774718810355,-29.45082454772055,8.203044213272769,11.562357968934688,-2.9869635775413172,351.618683,-447.271912,-2.284159,-172.02799967795156,11.85203306273767,176.9069644866086,790.5685518049138,-390.99427864847746,-95.39050002193429,161.79929331339028,-84.74192311663305,15.685438358992549,0.10569385247646457,0.19382812255038473,20,20,10,-0.9772555651500453,0.08187915642126435,0.19562045937735595,351.618683,0.05280713332956028,0.9873563178161152,-0.14946206320707825,-447.271912,-0.20538492411270037,-0.13573247736759522,-0.969223259901905,-2.284159,0.0,0.0,0.0,1.0,-0.10347449478809186,-0.9934291353136793,0.048903803924297704,0.10964447613587519,0.9515883956011263,-0.11318445715665615,-0.2857775428815703,-0.26969703514893484,0.2894348878169733,0.016965605443661526,0.9570473415387066,0.5868717028384172,0.0,0.0,0.0,1.0,0.08822929143769706,-0.04262021172447055,0.9951879770600941,790.5685518049138,0.02477594205742722,-0.9986812205328487,-0.04496634797476892,-390.99427864847746,0.995792018861152,0.02862406867624434,-0.08705698056358722,-95.39050002193429,0.0,0.0,0.0,1.0
2026-07-18T16:38:38.990,20,random,4,5,87.41281284447051,79.59774718810355,-29.45082454772055,5.924639883864959,5.980259340184588,5.672819807455788,351.618561,-447.270691,-2.283795,-174.30630905450977,6.27010633523465,-174.43356298080838,794.0290538443502,-389.1788276496832,-96.76174821613976,161.88647033054679,-85.37264303905843,15.476502221235979,0.34944851910211167,0.7090192551056997,22,22,10,-0.9893306734626054,-0.08573713073344362,0.11778778782040197,351.618561,-0.09641964798237157,0.9914251805200718,-0.08820069678692288,-447.270691,-0.1092157041317007,-0.0986167117903429,-0.9891140854960448,-2.283795,0.0,0.0,0.0,1.0,-0.08361835741154798,-0.9887197937177239,-0.12426238294261074,0.03447983492884975,0.9786308336491629,-0.05797039420675708,-0.19728437552593303,-0.24243628473044146,0.18785542774947628,-0.13810359483480023,0.9724390651134737,0.6129729916620792,0.0,0.0,0.0,1.0,0.07774957390173423,-0.0450319197801093,0.9959553855263883,794.0290538443502,0.021527530548669956,-0.9986706291314829,-0.04683524248474525,-389.1788276496832,0.9967404723329811,0.02508188013380464,-0.07667678985441788,-96.76174821613976,0.0,0.0,0.0,1.0
2026-07-18T16:38:59.638,21,random,5,1,-30.4948074373904,-48.86228759654413,-31.48860121681035,11.019159752553279,-11.916062130544162,-2.960377868261922,233.703293,-575.740234,-4.346839,-169.20921921324648,-11.616375521600359,176.93819068644322,798.3475455658881,-388.81309410637175,-100.22119062562535,140.7602188638783,-88.0497438556255,38.70231740782602,0.18102514398344974,0.3787983659848854,24,24,10,-0.9781194735999429,0.014823674819321554,-0.20751518987636003,233.703293,0.0523191996695696,0.9829287442550881,-0.17639100051604512,-575.740234,0.20135788216632206,-0.18338850122613123,-0.9621973087197485,-4.346839,0.0,0.0,0.0,1.0,-0.16197262147502225,-0.9867429928559942,0.01015558674351786,0.21518841532212513,0.970904732550851,-0.15751643966523715,0.18036787836404983,-0.04410551859618231,-0.1763770682454781,0.03907476531962508,0.9835467922332652,0.7418147171326286,0.0,0.0,0.0,1.0,0.026558605309398946,-0.009094422256648239,0.9996058883219111,798.3475455658881,0.02127921880092769,-0.9997268937095254,-0.009660892356645927,-388.81309410637175,0.9994207499002821,0.021527412239334163,-0.026357829786155706,-100.22119062562535,0.0,0.0,0.0,1.0
2026-07-18T16:39:05.041,22,random,5,2,-30.4948074373904,-48.86228759654413,-31.48860121681035,-3.771752640278862,-3.7676071528121167,-7.308104174647271,233.711563,-575.731079,-4.321851,175.99745128261793,-3.4779684080031226,172.5858886830705,789.975116966325,-389.8763689186329,-100.71432851336566,160.58734229896814,-86.47944489310966,21.310506359015204,0.2578860656795312,0.5224504355572499,24,24,10,-0.9898130091615867,0.1329241422769651,-0.05100371843716897,233.711563,0.12880216465387553,0.9886743369108247,0.07702634558653937,-575.731079,0.060664728425674275,0.06967228956962868,-0.9957236377585726,-4.321851,0.0,0.0,0.0,1.0,0.09920889158996211,-0.982004840478482,0.16069875265951203,0.25647475343671433,0.995043397236179,0.0990078711754941,-0.009277880252534811,-0.1839244678064258,-0.006799518084006657,0.16082268099409575,0.9869598937300831,0.7125060367393545,0.0,0.0,0.0,1.0,0.057207918630663025,0.03370200026826779,0.997793279804923,789.975116966325,0.022316521167068965,-0.9992235084417137,0.03247080319968804,-389.8763689186329,0.9981128327643859,0.020409687781805748,-0.05791560856713868,-100.71432851336566,0.0,0.0,0.0,1.0
2026-07-18T16:39:10.248,23,random,5,3,-30.4948074373904,-48.86228759654413,-31.48860121681035,-9.371116483646361,10.546555587248747,-1.208312279946508,233.711075,-575.730713,-4.322299,170.39793475080438,10.836064300411698,178.68548277847418,785.5753598370417,-389.81333040402717,-100.0403221908006,163.37080857987584,-84.25291832567503,14.956790021917577,0.12896753648740994,0.2935873614328288,20,20,10,-0.9819106321482653,-0.008731638163185559,0.18914351421389297,233.711075,0.02253158891083323,0.9864499397081488,0.1625079811915176,-575.730713,-0.18799956908287624,0.16383001844831926,-0.9684089461998356,-4.322299,0.0,0.0,0.0,1.0,0.18765611983951186,-0.9807259611706839,-0.05442214413837075,0.1683980260969265,0.9410427638676405,0.19538735471690694,-0.276156293046314,-0.32928879868783223,0.2814670447123977,0.0006088534867590204,0.9595707019486894,0.6996974476350238,0.0,0.0,0.0,1.0,0.09674480308142827,-0.027795066961858135,0.9949210407511352,785.5753598370417,0.025844508587128574,-0.9992027882689036,-0.030427771714981983,-389.81333040402717,0.9949736199782513,0.02865697416397991,-0.09594932714271338,-100.0403221908006,0.0,0.0,0.0,1.0
2026-07-18T16:39:15.648,24,random,5,4,-30.4948074373904,-48.86228759654413,-31.48860121681035,-11.001236253748992,-4.397543549297747,8.443640731496906,233.712051,-575.736084,-4.322682,168.78929844519513,-4.1117170251973265,-171.65752516761998,798.5077674948484,-388.4225871452636,-101.49538000947612,159.89149249514085,-86.61115385663884,19.198102828446657,0.17090739449732426,0.35828244773249984,24,24,10,-0.986871878301571,-0.12852873530531528,-0.09779703481366592,233.712051,-0.1447162816238223,0.9725618219282254,0.1821557036181557,-575.736084,0.07170142014286562,0.19391716460506284,-0.9783941126259036,-4.322682,0.0,0.0,0.0,1.0,0.20530778333285887,-0.9663366620177943,-0.15505537637648772,0.09623802255082528,0.9786019677883991,0.2004819163056412,0.04631619452297457,-0.1759580711085419,-0.01367123782324737,-0.16124657166812736,0.9868194568317222,0.7714557428031188,0.0,0.0,0.0,1.0,0.05582466082307833,-0.015321141055053297,0.9983230288242174,798.5077674948484,0.01943813110666779,-0.9996760734118366,-0.016428855924004365,-388.4225871452636,0.9982513542705902,0.020322669230760024,-0.05550876338263057,-101.49538000947612,0.0,0.0,0.0,1.0
2026-07-18T16:39:19.850,25,random,5,5,-30.4948074373904,-48.86228759654413,-31.48860121681035,0.36967454484156015,-4.611632861900831,10.302139727964612,233.711426,-575.731201,-4.321978,-179.86170783609825,-4.321877944451311,-169.8040067003718,797.8476190486107,-387.1128529483369,-100.48696812850046,158.570386966443,-86.47292384697347,20.423429290714406,0.16457265683097635,0.3274544218874196,20,20,10,-0.9814093255846618,-0.17719441844414646,-0.07374194008635956,233.711426,-0.17651255797044021,0.9841729245637825,-0.015715324823348375,-575.731201,0.07535948868053378,-0.002406787861879952,-0.9971535262124867,-4.321978,0.0,0.0,0.0,1.0,0.008510011046947456,-0.9808409248840803,-0.19462440695997565,0.09140273530883039,0.9998535743536265,0.0054567077928712624,0.016218945475562116,-0.1533265630492106,-0.014846196962753298,-0.19473393236055353,0.9807437412612627,0.7741889723375459,0.0,0.0,0.0,1.0,0.05765301976798768,-0.01691177173623562,0.9981934287944263,797.8476190486107,0.021467805954868874,-0.9996043121641833,-0.01817559930932512,-387.1128529483369,0.9981058373835489,0.022476901021059637,-0.05726714853538047,-100.48696812850046,0.0,0.0,0.0,1.0
2026-07-18T16:39:41.135,26,random,6,1,-139.97329463768875,-10.597611643217904,24.556097256533132,1.7962690265615766,9.839049608789761,8.360259158002926,124.227844,-537.461792,51.771713,-178.40358754326982,10.1081787174775,-171.74026027323688,792.7687342715572,-388.4957207670312,-99.230176240943,156.57354810840377,-86.14078900043083,20.83267944341216,0.20354774718781465,0.416078006266469,14,14,10,-0.974266125883251,-0.13876634401844906,0.177621557599844,124.227844,-0.14143096702294072,0.9899452924515124,-0.0023663305021707067,-537.461792,-0.17550725775134515,-0.027426624306376126,-0.9840960231378643,51.771713,0.0,0.0,0.0,1.0,-0.012397814134240268,-0.9831847263133567,-0.1821924481113942,0.06433875786801546,0.9707479220508901,0.03185834476727968,-0.23797797734783888,-0.36899512997938966,0.2397806623532686,-0.17981334714870137,0.9540295562238147,0.8259032311715462,0.0,0.0,0.0,1.0,0.06290481836237631,-0.04441183196349858,0.997030878663466,792.7687342715572,0.023936363629011956,-0.9986548796220371,-0.04599436816953309,-388.4957207670312,0.9977324462615297,0.02675856103643944,-0.06175714605001616,-99.230176240943,0.0,0.0,0.0,1.0
2026-07-18T16:39:47.135,27,random,6,2,-139.97329463768875,-10.597611643217904,24.556097256533132,9.393680690318536,-8.617643822846492,1.7314808684115324,124.22525,-537.477661,51.689907,-170.83435670335555,-8.31802938237075,-178.37041328693172,800.0412798625055,-388.42182780128144,-100.49351692067324,148.41080423055192,-87.3900650065718,30.63876804408602,0.16457126701158178,0.3773000384843639,22,22,10,-0.9890801331925039,-0.051109390663297616,-0.13823284815819006,124.22525,-0.028138662310758383,0.9861773649426016,-0.1632863146691356,-537.477661,0.14466756999154962,-0.15761356242688407,-0.9768465893536441,51.689907,0.0,0.0,0.0,1.0,-0.1365669369735347,-0.9887042858147458,-0.061751979217024376,0.1419411149129328,0.9850384288840899,-0.14214618382593558,0.0974359073713907,-0.1329011062912585,-0.10511310739974103,-0.04752154916747282,0.9933241852575091,0.8746464467174612,0.0,0.0,0.0,1.0,0.03917923423617339,-0.01611981843097225,0.9991021664766923,800.0412798625055,0.023206330583559684,-0.999585506617969,-0.0170376400990477,-388.42182780128144,0.998962688905603,0.023853016854281057,-0.03878891286741322,-100.49351692067324,0.0,0.0,0.0,1.0
2026-07-18T16:39:51.637,28,random,6,3,-139.97329463768875,-10.597611643217904,24.556097256533132,8.480921552485697,-2.7877953644619673,-9.34544368820541,124.232903,-537.466675,51.723095,-171.75011514731315,-2.4982105783294157,170.54873724248284,793.1410632315842,-390.02436150612846,-100.39017383030401,154.5551615172168,-86.68912954712829,25.86139020556661,0.26537340310594465,0.540696859883219,24,24,10,-0.9854881230612634,0.15633970734907218,-0.06611395625126644,124.232903,0.16405252014678895,0.977244827485238,-0.1344593536606312,-537.466675,0.04358818576948697,-0.1433542572069409,-0.9887110937993823,51.723095,0.0,0.0,0.0,1.0,-0.11037153260938182,-0.9792329064224637,0.1700618704144757,0.2759702288928428,0.9938839973461384,-0.10935723612905124,0.015349095265690905,-0.18834691339032933,0.0035671569514862224,0.17071587473234182,0.9853138411215253,0.8216431056418232,0.0,0.0,0.0,1.0,0.051969540820342074,0.007915441424872244,0.9986173003778637,793.1410632315842,0.025191789465019206,-0.9996607654716185,0.00661269387221258,-390.02436150612846,0.9983308772999423,0.024813298123120886,-0.05215131509156961,-100.39017383030401,0.0,0.0,0.0,1.0
2026-07-18T16:39:55.174,29,random,6,4,-139.97329463768875,-10.597611643217904,24.556097256533132,8.34687568790487,-8.09115127550151,-3.2469982887151456,124.232925,-537.466492,51.72282,-171.88418727137375,-7.801221451162752,176.64666976028067,799.3514665293424,-389.34560485806185,-100.5500243534083,149.85654304782506,-87.1840977890778,29.129972330511873,0.1627026317634211,0.39208441465682525,24,24,10,-0.9890485977129044,0.03877767727566036,-0.1424049265553765,124.232925,0.057951888648039684,0.9894105658378095,-0.1330725772299868,-537.466492,0.13573669350718198,-0.13986788035003006,-0.9808223723397255,51.72282,0.0,0.0,0.0,1.0,-0.1143735188512213,-0.9930796255558205,0.026674997497666747,0.19952997966032388,0.9889315160423278,-0.11125904657092799,0.09816252408302904,-0.13550157792539885,-0.09451536787111639,0.03760693901448647,0.9948128283120138,0.859810174034944,0.0,0.0,0.0,1.0,0.042913288452163786,-0.01715806728783907,0.9989314543056335,799.3514665293424,0.023914641614657742,-0.9995483954526901,-0.01819601781696115,-389.34560485806185,0.9987925408164916,0.024669938688587977,-0.04248357958597005,-100.5500243534083,0.0,0.0,0.0,1.0
2026-07-18T16:40:01.110,30,random,6,5,-139.97329463768875,-10.597611643217904,24.556097256533132,-5.196445104188326,0.004104877790762629,11.476920753993252,124.239426,-537.473755,51.787262,174.62172232072933,0.2628730364060216,-168.6180413602305,796.6727190925599,-388.3330780188834,-100.23479714431517,158.02033275471254,-86.39425288715762,20.338984773974587,0.2025975009106736,0.5795177950631419,20,20,10,-0.9803230467267914,-0.196901426737662,-0.014019707734987563,124.239426,-0.19734658461700874,0.9759326505338225,0.09278893879137488,-537.473755,-0.0045879839039793605,0.09372987661733484,-0.9955870934443637,51.787262,0.0,0.0,0.0,1.0,0.10326617820318738,-0.9675741939002632,-0.23051307064364968,0.004399172546050797,0.9924147048873988,0.1157700152676375,-0.04135646368087043,-0.25776248691018816,0.06670194871638892,-0.22449383702718337,0.972189985123406,0.8679367830743154,0.0,0.0,0.0,1.0,0.058969563880736445,-0.027936681253843788,0.9978687951711073,796.6727190925599,0.021859129463355876,-0.9993325165066381,-0.029269436475870957,-388.3330780188834,0.9980204251390947,0.02353854908510473,-0.058319531137931147,-100.23479714431517,0.0,0.0,0.0,1.0
2026-07-18T16:40:25.430,31,random,7,1,63.754636001535005,46.143786489717826,81.73868511459213,10.63701559804931,3.1624813885675156,-1.709521301660466,327.960968,-480.725159,108.90535,-169.5943614431334,3.452128011442723,178.18443118663228,793.2681506416337,-389.77479737075544,-97.3974002180014,161.31413925678166,-85.15429420327567,15.859515221710325,0.15659347162128173,0.3346717861275028,16,16,10,-0.9976843567606807,0.04203154175511662,0.05347217755725502,327.960968,0.031624861916802104,0.9827153774619328,-0.18240163104696752,-480.725159,-0.060214552923441356,-0.18028820371155388,-0.9817690009460939,108.90535,0.0,0.0,0.0,1.0,-0.15354278371194088,-0.9881178805494709,0.006904180502513631,0.15162984949249655,0.97812563348258,-0.15297499280412624,-0.14095707396537277,-0.31283313895735243,0.14033837213780945,-0.014889785592834357,0.9899916341013744,0.6289309767108813,0.0,0.0,0.0,1.0,0.08125725106348282,-0.048207518139741806,0.9955266417049891,793.2681506416337,0.023084674623548008,-0.9984706367445849,-0.05023430457754408,-389.77479737075544,0.9964257909885371,0.027063310101890482,-0.0800201243388059,-97.3974002180014,0.0,0.0,0.0,1.0
2026-07-18T16:40:31.033,32,random,7,2,63.754636001535005,46.143786489717826,81.73868511459213,-5.353242681331516,11.226148133357334,-9.715469820736814,327.959229,-480.728943,108.913506,174.41133221835727,11.511810723988983,170.17751788701756,779.893984834289,-390.39107358550336,-98.02441257576581,165.29959830411082,-83.4224153500363,12.007377415627849,0.1358331285771652,0.31832090202709695,8,8,10,-0.9655195073398207,0.15063482264460315,0.2123234116933378,327.959229,0.16716436462552006,0.9839729864413846,0.062074448470919016,-480.728943,-0.19956992795913878,0.09542699911687236,-0.9752258875224409,108.913506,0.0,0.0,0.0,1.0,0.13512480711078792,-0.986601894262544,0.09142203640716592,0.14271967037538716,0.9435381554019575,0.09996163400524243,-0.3158218184794607,-0.4053752179465724,0.3024517082179301,0.12893554189812334,0.944403827941995,0.5599519647583877,0.0,0.0,0.0,1.0,0.11204228544890071,-0.04535101564143285,0.9926680269111509,779.893984834289,0.023830401753119825,-0.998548103564417,-0.048309386460525114,-390.39107358550336,0.9934176554821603,0.0290683719564406,-0.11079887873137528,-98.02441257576581,0.0,0.0,0.0,1.0
2026-07-18T16:40:34.670,33,random,7,3,63.754636001535005,46.143786489717826,81.73868511459213,-0.3868198421676574,4.376228967743884,-9.761200462876754,327.959137,-480.734955,108.85894,179.43897957485072,4.720484682523827,170.14967213817422,788.2493154658016,-389.7316797022904,-98.1181074885146,163.60534083824928,-85.70492838386046,15.860026014087332,0.19883018891181917,0.32375632088940237,14,14,10,-0.9819160410218903,0.1702728911929358,0.08275283021562525,327.959137,0.17049472116272862,0.9853486278498816,-0.004430761785409112,-480.734955,-0.08229482632304934,0.009758284641999654,-0.9965602527902189,108.85894,0.0,0.0,0.0,1.0,0.042165151912933733,-0.9863449746413386,0.15920330073191305,0.17152515097577395,0.9878905035995045,0.017345432054407982,-0.15418005345946442,-0.3459521999208914,0.14931327088399285,0.1637764543108153,0.9751322064988421,0.5994175915376965,0.0,0.0,0.0,1.0,0.07204194302624585,-0.00856846651014056,0.9973647977679319,788.2493154658016,0.020467357586747018,-0.9997398347827141,-0.010067274807394302,-389.7316797022904,0.9971915792456428,0.02113868799845364,-0.07184782635045142,-98.1181074885146,0.0,0.0,0.0,1.0
2026-07-18T16:40:39.769,34,random,7,4,63.754636001535005,46.143786489717826,81.73868511459213,-8.579104289474593,-9.853252412155765,-9.466641612394456,327.945923,-480.732056,108.848549,171.20374259387637,-9.513219343013647,170.43809909224305,795.1130757970755,-389.86266801543394,-102.4638592729186,164.30405355666045,-86.68107749355124,14.320261783264822,0.32698437028339955,0.5447144504955138,24,24,10,-0.9725452755476344,0.1890822565546114,-0.13565982185670253,327.945923,0.16382859655867746,0.9703101363289445,0.1779281604662942,-480.732056,0.16527515832571524,0.15081823362419203,-0.9746476196281857,108.848549,0.0,0.0,0.0,1.0,0.17506620922628113,-0.9720157700384523,0.15664343326068592,0.15013474352390038,0.9780748661967303,0.18992469523923858,0.08542930558380232,-0.26074754604213696,-0.11278908857415358,0.13825322034165183,0.9839535906554612,0.6543788947736731,0.0,0.0,0.0,1.0,0.056094880771617076,-0.023568268610675475,0.9981472341623322,795.1130757970755,0.014319533688479286,-0.9995995370492242,-0.024407303946184393,-389.86266801543394,0.9983227510710968,0.015662127750467922,-0.05573493023378991,-102.4638592729186,0.0,0.0,0.0,1.0
2026-07-18T16:40:43.707,35,random,7,5,63.754636001535005,46.143786489717826,81.73868511459213,-0.562032922006459,-3.65655768045756,-10.624923746760196,327.970306,-480.716675,108.959839,179.15095369123847,-3.454820913079837,169.24674794882753,794.45682555906,-389.5289443795002,-100.2237402971345,160.97152631603026,-86.99987292246071,18.0997294667819,0.2617117766061744,0.5095059060651551,20,20,10,-0.9806543489927836,0.18743659378685,-0.05643200431601992,327.970306,0.18624071339918524,0.9821653344870713,0.02580024039542985,-480.716675,0.06026146757342082,0.014791181206476127,-0.9980730316386747,108.959839,0.0,0.0,0.0,1.0,0.040065576106524274,-0.9846060863788425,0.17013407735368613,0.17940399999283024,0.9990929775142359,0.041933886286397166,0.0074007744632849795,-0.28680838524412033,-0.014421230633658091,0.1696832456274258,0.9853931318313282,0.6330848756287912,0.0,0.0,0.0,1.0,0.049748331793978806,-0.01578418502500387,0.9986370526807083,794.45682555906,0.01626000124213533,-0.9997297992307266,-0.016611468619456962,-389.5289443795002,0.9986294186750763,0.017064232569497288,-0.04947823888834569,-100.2237402971345,0.0,0.0,0.0,1.0
2026-07-18T16:41:07.298,36,random,8,1,134.67452568653508,17.779561329649738,1.9986233752901503,-6.086785732792383,4.192165264840938,-0.22215678988433396,398.88092,-509.087494,29.18265,173.68545198770602,4.477149506931767,179.67125666499675,791.6576324340206,-389.46533553909,-99.36292399854185,164.48914698582655,-85.17547210707933,14.23459734856997,0.144593796935774,0.39803009578396087,20,20,10,-0.9969321351582238,-0.0028827722586404828,0.07821769309414343,398.88092,0.005720114014201574,0.9939659619225631,0.109539704377081,-509.087494,-0.07806150257668203,0.10965106549167034,-0.9909001189080623,29.18265,0.0,0.0,0.0,1.0,0.12958343505875627,-0.9909600564964055,-0.034731826715773614,0.1091729088382284,0.9787474759415753,0.13344393309650482,-0.15571157650519019,-0.27320128878270766,0.1589387042113067,-0.013816046770946541,0.9871917772931728,0.5608530135263463,0.0,0.0,0.0,1.0,0.08152217252702706,-0.02135462545073485,0.9964427305963609,791.6576324340206,0.020680666993593992,-0.9995189454018379,-0.023112503012403356,-389.46533553909,0.9964569460840617,0.02249128174775952,-0.08104132801336097,-99.36292399854185,0.0,0.0,0.0,1.0
2026-07-18T16:41:12.661,37,random,8,2,134.67452568653508,17.779561329649738,1.9986233752901503,11.531111070166947,4.347457300981983,-1.1465300363947435,398.880829,-509.089539,29.165232,-168.70026080383175,4.637176619111805,178.74736222034832,792.9051348639197,-389.5153848972308,-97.17904652924007,161.33014113750818,-85.27347942219843,17.085359104931634,0.18531970285912416,0.3676463669580881,20,20,10,-0.9964884351784948,0.03727440138165476,0.07497611324384579,398.880829,0.021789353168381067,0.9800349051202668,-0.19762795559943735,-509.089539,-0.08084567177046806,-0.19530029121214568,-0.9774056341194441,29.165232,0.0,0.0,0.0,1.0,-0.16797487418572793,-0.9854901390300961,0.024364472428720616,0.16204893929159214,0.9729607766436118,-0.16971261095436802,-0.1566683018230261,-0.23140082503265397,0.15853002477558692,-0.0026106622708546344,0.9873507055181355,0.5598208324270226,0.0,0.0,0.0,1.0,0.07876335606354944,-0.02661065782311045,0.9965381109781146,792.9051348639197,0.024208742583691645,-0.9992978066014502,-0.02859773599511852,-389.5153848972308,0.9965993530622639,0.026377388266301996,-0.07806383838965185,-97.17904652924007,0.0,0.0,0.0,1.0
2026-07-18T16:41:18.397,38,random,8,3,134.67452568653508,17.779561329649738,1.9986233752901503,-2.666264543147779,-7.190795077498819,-8.253458233331902,398.86792,-509.102692,29.111256,177.13494439329114,-6.848449933639706,171.65431660396726,795.0375380334925,-389.56733170095,-101.2520918614101,160.59526958970244,-86.82888323120676,18.638129174880916,0.3816228507317283,0.6963896610395853,24,24,10,-0.982350961722041,0.15086083486789345,-0.11057846312344656,398.86792,0.14410952312134942,0.9873085389649768,0.06674049919336794,-509.102692,0.11924358829521407,0.049627183980202494,-0.991623975739129,29.111256,0.0,0.0,0.0,1.0,0.07491363587021588,-0.9880932469535911,0.13438631807372894,0.17681519540874116,0.9947218631118583,0.08352242884602701,0.05960217216623227,-0.19544144341626563,-0.070116775510412,0.12921199326830748,0.9891349243594897,0.5674964148925918,0.0,0.0,0.0,1.0,0.05241706665306913,-0.012897264491471801,0.998541992953789,795.0375380334925,0.017679133758547055,-0.9997479073373914,-0.013840881621245768,-389.56733170095,0.9984687773551235,0.01837885587143449,-0.052175840231106524,-101.2520918614101,0.0,0.0,0.0,1.0
2026-07-18T16:41:23.032,39,random,8,4,134.67452568653508,17.779561329649738,1.9986233752901503,10.658417617927178,-3.083560300962599,-10.257467138320235,398.880829,-509.089447,29.165308,-169.57293282159551,-2.793914096396432,169.63647384107554,794.7236028459135,-389.5128111146797,-98.67677043299156,160.80727276731076,-86.34461715361739,18.117986323562874,0.40210347077291664,0.6856395365124324,24,24,10,-0.9825169003225852,0.16824434306286148,-0.07971437516436676,398.880829,0.17967914321415981,0.9690286571961007,-0.1694073995625568,-509.089447,0.04874367727536244,-0.18076864374129847,-0.9823170320042338,29.165308,0.0,0.0,0.0,1.0,-0.15099405503494331,-0.9754941867891028,0.16003714220383733,0.21108133347726632,0.9885075103486042,-0.15019817670917016,0.01712920598408624,-0.17576992473732114,0.007327846102973323,0.16078432527428674,0.986962361702605,0.5536682807032245,0.0,0.0,0.0,1.0,0.06059409557610553,-0.018121015536221537,0.9979979881629271,794.7236028459135,0.01982625927172136,-0.9996160942697349,-0.019354160281726936,-389.5128111146797,0.9979655680556341,0.020959314703880672,-0.06021156120330549,-98.67677043299156,0.0,0.0,0.0,1.0
2026-07-18T16:41:26.770,40,random,8,5,134.67452568653508,17.779561329649738,1.9986233752901503,8.47034265240243,2.4428482897081523,-2.9627245936285824,398.883789,-509.070831,29.200413,-171.78351858676925,2.7040170183404078,176.91997062855805,793.1090352038013,-389.4984561128031,-97.57735000178484,163.3743834811718,-85.35223920944992,15.36536866374939,0.23082175028589758,0.45477959857723,22,22,10,-0.9974436372745024,0.059911652577955735,0.038945915652210894,398.883789,0.05367094107840221,0.9879431874515424,-0.14521600618335812,-509.070831,-0.04717648295887977,-0.14275451745379114,-0.9886331610876532,29.200413,0.0,0.0,0.0,1.0,-0.11639212449373372,-0.9920308653558165,0.04824557531241231,0.1653474975464203,0.9854571344798096,-0.12140298845082871,-0.1188930212335904,-0.22532634104772345,0.12380270376158246,0.0337057350698434,0.9917342456347485,0.5608189726159619,0.0,0.0,0.0,1.0,0.0781334441805715,-0.021086487018598995,0.996719882898749,793.1090352038013,0.021470735248523533,-0.9995088108124289,-0.022828592514933545,-389.4984561128031,0.9967116796889507,0.0231839852816448,-0.0776423234975043,-97.57735000178484,0.0,0.0,0.0,1.0
2026-07-18T16:41:49.488,41,random,9,1,61.443811680780726,59.858759110355756,-24.675030417527,4.371093967570566,8.757936006109357,-7.8524318338437595,325.65033,-467.010254,2.491657,-175.85994141178654,9.047691134469856,172.04152148191667,791.9727187276774,-391.0570218529814,-96.85157656963206,160.6159305147467,-84.80337142812942,16.703743332205864,0.1880641222828129,0.40216953524409177,20,20,10,-0.9780462882103407,0.1493378951099979,0.14533977845755275,325.65033,0.13673273862294016,0.986212450773423,-0.09321566460713203,-467.010254,-0.15725653025119807,-0.0712965288327129,-0.984980806244345,2.491657,0.0,0.0,0.0,1.0,-0.03237398389821376,-0.9936785311184523,0.10749372986753006,0.15712845491166377,0.9707504273332542,-0.056860547840032714,-0.23326055374116691,-0.2605463399501695,0.23789815677903584,0.0967980107936453,0.9664546611753345,0.610077215750664,0.0,0.0,0.0,1.0,0.08675209455194383,-0.04545682566430977,0.9951923186456854,791.9727187276774,0.026033053760222795,-0.9985138903211663,-0.047877875345586726,-391.0570218529814,0.9958897299414068,0.03006140110199059,-0.08543979143828319,-96.85157656963206,0.0,0.0,0.0,1.0
2026-07-18T16:41:53.986,42,random,9,2,61.443811680780726,59.858759110355756,-24.675030417527,-2.9427079766390616,-1.7407346684546887,-7.362386485126435,325.640656,-467.020844,2.424181,176.94151384165502,-1.3615196085693753,172.55506355369243,797.0190757491263,-390.0562947302971,-99.20410962643693,159.9667149270091,-86.05952788621622,18.086794865983286,0.28342949996011646,0.48353360911799037,24,24,10,-0.9912898976983299,0.1306458236193895,-0.01661347320839592,325.640656,0.12953673159428683,0.9899931753939603,0.05597988782815576,-467.020844,0.02376076364733281,0.05334024225849165,-0.998293666546423,2.424181,0.0,0.0,0.0,1.0,0.08286964148924264,-0.9922543017649496,0.09254200747982913,0.13785712276647843,0.9958246405393277,0.07888297488113397,-0.04594302524454544,-0.1999321129616557,0.03828717558351481,0.09596289336433533,0.9946482872266869,0.6397176951227441,0.0,0.0,0.0,1.0,0.06532436891860664,-0.0331963135582103,0.9973117524583425,797.0190757491263,0.021334632260724323,-0.9991715666487436,-0.03465564697123699,-390.0562947302971,0.9976359858644263,0.0235411377558596,-0.06456202089056845,-99.20410962643693,0.0,0.0,0.0,1.0
2026-07-18T16:41:59.994,43,random,9,3,61.443811680780726,59.858759110355756,-24.675030417527,11.861626979761166,10.820091812674164,2.097670793663408,325.64978,-467.008026,2.494478,-168.37098195897008,11.109250577130078,-178.0089342139837,789.2414665907006,-390.8156969543911,-95.96643554014193,161.25261623443856,-84.62836908729918,17.008727299343136,0.1612307387296927,0.32980462909486863,19,19,10,-0.9806691379473507,0.004785424823955859,0.19561477854920417,325.64978,-0.03409261810924764,0.9802313571662794,-0.1948953047623542,-467.008026,-0.19268039668854983,-0.19779683045288715,-0.9611194923602033,2.494478,0.0,0.0,0.0,1.0,-0.16965702607987973,-0.9854653401244815,-0.008634634622898527,0.10187984989296334,0.9447241517891877,-0.16013625544865073,-0.28609903305863243,-0.27246856115881746,0.28055796286673235,-0.05669605898318436,0.9581611484337301,0.6182561677462353,0.0,0.0,0.0,1.0,0.08952064890229544,-0.02899092744254451,0.9955629460491853,789.2414665907006,0.027384120037758978,-0.9991267491869296,-0.03155707573454633,-390.8156969543911,0.9956084387900043,0.03008762511697041,-0.08864858388576217,-95.96643554014193,0.0,0.0,0.0,1.0
2026-07-18T16:42:04.327,44,random,9,4,61.443811680780726,59.858759110355756,-24.675030417527,4.251960872534063,1.260832598407056,-1.9600454494100745,325.644775,-467.028015,2.437674,-175.84063273409063,1.623189433605623,177.96601967512845,796.7579819037782,-389.9053850316492,-97.78515985514184,160.296050988691,-85.65415770080861,17.379967034580066,0.2368367689608683,0.49038589268956295,24,24,10,-0.9989689386744802,0.03745194854628212,0.025659522865191766,325.644775,0.03547795592929393,0.9966648584003074,-0.0734879219530272,-467.028015,-0.028326210594813772,-0.07250180397743063,-0.9969659543902973,2.437674,0.0,0.0,0.0,1.0,-0.04702543261619408,-0.9988928773688128,0.001276020812585285,0.10727585891552799,0.9939072819157971,-0.046918127547071455,-0.09973466930926637,-0.20833971149880656,0.0996841193069976,-0.0034218195935967095,0.9950132499161294,0.6450523739308397,0.0,0.0,0.0,1.0,0.07231695815790425,-0.039624879367629436,0.9965942637291716,796.7579819037782,0.02263499583071719,-0.9988879447104854,-0.04135856472130719,-389.9053850316492,0.9971248239445908,0.025548832598847913,-0.07133962872278435,-97.78515985514184,0.0,0.0,0.0,1.0
2026-07-18T16:42:07.967,45,random,9,5,61.443811680780726,59.858759110355756,-24.675030417527,6.100086394571651,0.25520529636824385,-10.338818354289016,325.649963,-467.010559,2.491632,-174.13098396919978,0.5449401589489262,169.55511383416695,797.2081193746257,-390.79512279488904,-97.3571248849688,157.1724636533331,-85.99095176855802,20.699773487546796,0.31796818431249363,0.6416383485023258,24,24,10,-0.9833852684894168,0.18129577149785456,-0.00923346928274081,325.649963,0.18128143127353732,0.9780985548245799,-0.10227541114796831,-467.010559,-0.009510856607865256,-0.10224998917880582,-0.9947132668862513,2.491632,0.0,0.0,0.0,1.0,-0.06597156420152699,-0.9864395067424002,0.15028257468719947,0.17574724208459258,0.9954105907144061,-0.07552485024269577,-0.05876863865545174,-0.18917180032996814,0.06932177587454354,0.1457158074253726,0.9868948246170774,0.6289572536452298,0.0,0.0,0.0,1.0,0.06540074066479144,-0.03623988938747361,0.9972007889776667,797.2081193746257,0.02471258507236686,-0.9989749612063242,-0.03792512388725569,-390.79512279488904,0.9975530217785604,0.02712374052387237,-0.06443812101897363,-97.3571248849688,0.0,0.0,0.0,1.0
2026-07-18T16:42:25.645,46,random,10,1,-34.76744203911078,-58.911096048673414,28.52652432069236,-5.051800721908745,8.281329323017296,0.553542549994674,229.437225,-585.77832,55.71899,174.7280632875056,8.565260670969701,-179.55110741535782,785.7664717966298,-389.9163738513739,-99.98338211681863,164.10083985980168,-84.2050779931652,14.348790028631347,0.12654064569949725,0.36814737599388386,17,17,10,-0.988816516477504,-0.021485662705147044,0.1475813776850411,229.437225,-0.007747193383333014,0.9956320472435463,0.09304196631792756,-585.77832,-0.14893581750531107,0.09085809154800567,-0.9846638662326749,55.71899,0.0,0.0,0.0,1.0,0.11320511849106897,-0.9918568654867187,-0.05834860353328265,0.17440650749134928,0.962867595105136,0.12400392199572012,-0.23981038681869418,-0.3556417169953976,0.24509303426224796,-0.029034216306635705,0.9690647134425978,0.7084352681265118,0.0,0.0,0.0,1.0,0.09781842714580355,-0.025699480209826476,0.9948723998722981,785.7664717966298,0.02502233266265287,-0.9992869839791859,-0.02827377792056597,-389.9163738513739,0.9948896613086504,0.0276597246321558,-0.0971056200970502,-99.98338211681863,0.0,0.0,0.0,1.0
2026-07-18T16:42:30.947,47,random,10,2,-34.76744203911078,-58.911096048673414,28.52652432069236,6.501270990010937,-1.6427082742841712,9.343130297143464,229.4384,-585.779663,55.692783,-173.72979892104917,-1.352925241642413,-170.76296616208225,797.6185924865295,-387.9757474372242,-99.78059193064124,158.0594061673924,-86.41873262697654,20.413322240154805,0.21665085033602244,0.48954058919338445,24,24,10,-0.9867575586951562,-0.1621042296516544,-0.005633745381101628,229.4384,-0.16047445345217468,0.9807142496187153,-0.11156841122838534,-585.779663,0.023610805729606377,-0.10918690088029778,-0.9937407863869506,55.692783,0.0,0.0,0.0,1.0,-0.0970967937799134,-0.9784549538188397,-0.18220350157181986,0.12436036219451091,0.9945607504814695,-0.08845332673406185,-0.05499929628106595,-0.23123058273666153,0.03769782804613676,-0.18655270659266393,0.9817214276074223,0.7760694265292019,0.0,0.0,0.0,1.0,0.05854151976250401,-0.02596893030863361,0.99794714545537,797.6185924865295,0.02178689190111534,-0.9993902565822242,-0.027284544889077396,-387.9757474372242,0.9980472041968682,0.023339445304897302,-0.057940042178740506,-99.78059193064124,0.0,0.0,0.0,1.0
2026-07-18T16:42:36.349,48,random,10,3,-34.76744203911078,-58.911096048673414,28.52652432069236,-5.210391228019865,1.2237714931436923,-4.0240580943370095,229.438629,-585.779907,55.693405,174.55858237170588,1.5135253116175829,175.8698535816423,788.1731339058394,-389.8868794683991,-100.2779327433044,164.96214097351165,-85.05335641418911,15.29785644773323,0.1784419423816727,0.37272466202214993,24,24,10,-0.997055049981401,0.06919950724467577,0.03305534001761358,229.438629,0.07199711484578601,0.9930887979844418,0.09268794296832358,-585.779907,-0.026412927904128282,0.09479487072046976,-0.9951463659807137,55.693405,0.0,0.0,0.0,1.0,0.12279021510649743,-0.9903260599444567,0.06462861648673356,0.22391804086749764,0.9865819077096281,0.11474643839452602,-0.11614385156263245,-0.29384039075537677,0.10760437934457726,0.0780227522627883,0.9911275133277292,0.7188656672156195,0.0,0.0,0.0,1.0,0.08317271179089465,0.005469921260401915,0.9965201352580656,788.1731339058394,0.02275013467141176,-0.999734740875887,0.0035887683480914246,-389.8868794683991,0.9962754294801123,0.022372479684394292,-0.08327509091553106,-100.2779327433044,0.0,0.0,0.0,1.0
2026-07-18T16:42:41.152,49,random,10,4,-34.76744203911078,-58.911096048673414,28.52652432069236,-7.735528263848046,-11.588139750840813,-10.188657470473078,229.424927,-585.79303,55.652885,172.0396880169723,-11.282226535480062,169.71101565022207,792.1246108531723,-390.6499200721206,-101.51981935017736,146.53026674200166,-88.24190770067557,33.65966611964018,0.3336008591470371,0.6212219150893017,24,24,10,-0.9649055423998922,0.20355018076608336,-0.16590544944655825,229.424927,0.17516142403482154,0.9695992572920732,0.17086765577122373,-585.79303,0.19564194278339997,0.13581091329033448,-0.9712258367934731,55.652885,0.0,0.0,0.0,1.0,0.15743238460370715,-0.9664377881005888,0.20300996529538132,0.28790246829495947,0.9720997064287785,0.18786083240560747,0.14046518575417655,-0.19463889308378024,-0.17388848449242858,0.17523215851867394,0.9690492689135124,0.7195200718626318,0.0,0.0,0.0,1.0,0.025536066600191913,0.0035310303279731683,0.9996676653405435,792.1246108531723,0.01700447973904503,-0.9998506160285282,0.0030973046632118313,-390.6499200721206,0.9995292676912445,0.01691973558290075,-0.025592295254817512,-101.51981935017736,0.0,0.0,0.0,1.0
2026-07-18T16:42:44.988,50,random,10,5,-34.76744203911078,-58.911096048673414,28.52652432069236,-9.480917022792873,-7.902472366663503,-1.2643092621329899,229.438522,-585.780151,55.692547,170.2880987414778,-7.612832928123736,178.62933291455136,796.0900437937225,-390.2227023020199,-101.9715943149962,159.18137861141045,-86.92589177455757,20.438294177552404,0.20109371358908773,0.5076655683178836,24,24,10,-0.9909022819959898,0.04591948805908603,-0.12650718616557463,229.438522,0.023709535142567222,0.9848518372712277,0.17176937028123018,-585.780151,0.1324783962707251,0.16720723441250515,-0.9769806626958684,55.692547,0.0,0.0,0.0,1.0,0.18771714281921348,-0.9817501172742833,0.03047919821326014,0.19775287539564657,0.9787153218408319,0.18957686488005296,0.07859345453819358,-0.2179401075233916,-0.08293728405119007,0.015077119558540249,0.9964407094152817,0.7577468024304161,0.0,0.0,0.0,1.0,0.05025165249251704,-0.006158674872632089,0.9987175987963688,796.0900437937225,0.018726662926457464,-0.9997993769351798,-0.007107599852735169,-390.2227023020199,0.9985610064074251,0.019059816469236292,-0.05012623942356831,-101.9715943149962,0.0,0.0,0.0,1.0
2026-07-18T16:43:05.568,51,random,11,1,-144.5797591754492,11.022375111620258,-26.96879551995291,-2.124796052664454,-0.3114415777420003,5.660489964259014,119.626328,-515.845154,0.196908,177.64430387316244,-0.021715100435458195,-174.44570968606513,795.7628650043133,-388.3498437040472,-99.90827585507364,166.9852503916216,-84.46618689120655,14.309680412537128,0.24383149198475923,1.1766331536895551,24,24,10,-0.995304861906035,-0.09669159168920091,-0.004355222476257832,119.626328,-0.09678888482266818,0.9944653206047376,0.04087343745393555,-515.845154,0.0003789999909266768,0.04110306814734589,-0.9991548399261656,0.196908,0.0,0.0,0.0,1.0,0.05557929215435084,-0.9953441944803441,-0.07874564621549918,0.06279831647299582,0.993930992320377,0.06265382470874971,-0.0904194711021769,-0.20428702549856687,0.0949322115440981,-0.07324228808305058,0.9927856981482489,0.8653400513601408,0.0,0.0,0.0,1.0,0.09344123207557281,0.023615880362322542,0.995344677156065,795.7628650043133,0.02383468523222871,-0.9994852000468615,0.021476560878452643,-388.3498437040472,0.9953394616552085,0.021716930768360985,-0.09395600560859695,-99.90827585507364,0.0,0.0,0.0,1.0
2026-07-18T16:43:09.740,52,random,11,2,-144.5797591754492,11.022375111620258,-26.96879551995291,0.8100130398771306,-11.152918081921815,5.06964264676424,119.618149,-515.854858,0.166596,-179.4178947279899,-10.853940583619773,-175.03316331341276,798.5762928298395,-388.70707247652933,-100.90764466459046,154.50761213080327,-87.0925028951168,24.72972983123976,0.17338413659688462,0.3337344202048172,16,16,10,-0.9784225606023703,-0.0884805605510701,-0.18670962296804533,119.618149,-0.08503025646696623,0.9960279289814915,-0.026423856153160556,-515.854858,0.18830599669012976,-0.009977729872540588,-0.9820597214615452,0.166596,0.0,0.0,0.0,1.0,0.00709400770407433,-0.9947934691949641,-0.10166429413389261,0.07307663980317056,0.989958300983813,-0.007367288478827294,0.14116757904601174,-0.07113318679358657,-0.14118157587991706,-0.10164485578482471,0.9847517889928126,0.8741522600681352,0.0,0.0,0.0,1.0,0.04607182037025818,-0.01280727993631136,0.9988560261361009,798.5762928298395,0.02121963993901178,-0.999679639213508,-0.013796587360981782,-388.70707247652933,0.9987127285904739,0.021830999120137022,-0.045785294896802414,-100.90764466459046,0.0,0.0,0.0,1.0
2026-07-18T16:43:13.875,53,random,11,3,-144.5797591754492,11.022375111620258,-26.96879551995291,-7.68245649347078,-3.662557886116339,8.61607099347151,119.633049,-515.851624,0.237647,172.1095888679782,-3.3858367945460874,-171.48432002615195,797.4482533593667,-388.69163809392,-100.68366493602062,159.00440208817903,-86.51215857843336,20.49215838651831,0.15260419538017878,0.32746391111880435,24,24,10,-0.9872490773304631,-0.13865986393483132,-0.07818376713694197,119.633049,-0.14782158673444298,0.980812782198102,0.12710257578873088,-515.851624,0.059059612303680585,0.13703914918880877,-0.9888034353622294,0.237647,0.0,0.0,0.0,1.0,0.14977253670606347,-0.9764277799905852,-0.1554251514758439,0.02240420482865335,0.9887203735791915,0.14798328782575337,0.023086129898811966,-0.16495955559001033,0.000458386360539892,-0.1571296820684696,0.9875778718131577,0.8739297995462305,0.0,0.0,0.0,1.0,0.056986985402132435,-0.008164899612113892,0.9983415336993151,797.4482533593667,0.02129767160598229,-0.9997290634908602,-0.009391953782470763,-388.69163809392,0.9981477308890411,0.021797569268439617,-0.05679765219660656,-100.68366493602062,0.0,0.0,0.0,1.0
2026-07-18T16:43:18.979,54,random,11,4,-144.5797591754492,11.022375111620258,-26.96879551995291,-2.7672201335650684,11.29274292729113,4.935352300024917,119.626228,-515.845947,0.197538,177.00167441014372,11.582227237010569,-175.17067318424415,787.8335420262184,-388.93029166173955,-99.49205845425952,160.91060179431278,-85.02010136332835,17.090287518807248,0.1637565411950711,0.4159729613429069,24,24,10,-0.9761597624140731,-0.094537198977454,0.19538381778744515,119.626228,-0.0824736172258916,0.9942016939642846,0.06900068246201581,-515.845947,-0.20077405386497882,0.05124167959819516,-0.9782965141339196,0.197538,0.0,0.0,0.0,1.0,0.06856675875741718,-0.9885948981207197,-0.1340847754339965,0.06340104936281687,0.9566318092553528,0.10329209314234204,-0.2723716670564387,-0.3388401476280101,0.2831151375577291,-0.10959411892960734,0.9528037300418756,0.8227292016732346,0.0,0.0,0.0,1.0,0.08297312098906952,-0.03370398000997809,0.9959816780065889,787.8335420262184,0.025510469488563958,-0.99902857069063,-0.0359323098382137,-388.93029166173955,0.9962252140654771,0.028389376099579037,-0.08203271411376298,-99.49205845425952,0.0,0.0,0.0,1.0
2026-07-18T16:43:23.682,55,random,11,5,-144.5797591754492,11.022375111620258,-26.96879551995291,3.3019589208975795,0.1789905217055754,11.872451178093524,119.625687,-515.843872,0.192978,-176.9293671363982,0.4691378426531181,-168.23370127125673,796.9393463816641,-387.315807374677,-99.39576465739017,157.22818168214943,-86.51692030551699,21.996851211514816,0.17878308729232356,0.5682582963548315,18,18,10,-0.9789546865057468,-0.2031980859350653,0.018927747905148246,119.625687,-0.2039134128072296,0.9776713693587542,-0.050774143158566286,-515.843872,-0.008187908508489918,-0.053565207070485836,-0.9985307840751593,0.192978,0.0,0.0,0.0,1.0,-0.04266508084081237,-0.9759661192203559,-0.2137049952874379,-0.0011361385984263324,0.9967754588900144,-0.027031511476044056,-0.07555118756128698,-0.20773654513505324,0.067958630294078,-0.21623929226964603,0.9739723779693527,0.8684525538719405,0.0,0.0,0.0,1.0,0.05633116777410841,-0.012862375576292216,0.9983292837695087,796.9393463816641,0.022755668070158497,-0.9996407261291151,-0.014163270622808342,-387.315807374677,0.9981527834494502,0.023515483379861406,-0.05601823750820289,-99.39576465739017,0.0,0.0,0.0,1.0
2026-07-18T16:43:48.197,56,random,12,1,-89.83822946687184,46.10097017900267,-32.9688184631172,-11.030166604510502,0.3761787892872537,4.215738350617517,174.368073,-480.767792,-5.802176,168.7390500465621,0.6659488452805561,-175.89048006226705,778.276384710145,-390.42812156061694,-98.14625607612841,171.41302684243158,-82.48421328807345,10.336685888802753,0.3738384921208893,1.2388849771300152,20,20,10,-0.9973615169228311,-0.07254733816144868,-0.002624554643650936,174.368073,-0.0716583317957799,0.9780637156784284,0.1955925651898667,-480.767792,-0.011622738301924144,0.19526456872406409,-0.9806817323450918,-5.802176,0.0,0.0,0.0,1.0,0.2072066578638237,-0.9758757814092381,-0.06878851790679451,0.032014486264676546,0.9680037954287726,0.21469224101641501,-0.12990725030898334,-0.2086449299366796,0.1415417004716121,-0.03966989924689351,0.9891371220014674,0.787715208851746,0.0,0.0,0.0,1.0,0.12867653246921767,0.031795430946521853,0.991176775637234,778.276384710145,0.023469610377493344,-0.9993035777550101,0.02900925498466847,-390.42812156061694,0.991408859845638,0.019529722398483607,-0.12933314564569717,-98.14625607612841,0.0,0.0,0.0,1.0
2026-07-18T16:43:51.433,57,random,12,2,-89.83822946687184,46.10097017900267,-32.9688184631172,-6.809428375652465,-3.4843610721789062,8.00290190702377,174.367981,-480.767822,-5.802227,172.9595144612753,-3.194583482531419,-172.10317174067274,797.8620092823086,-389.2505960225202,-100.23826384076769,158.89839463423385,-86.54617121839401,19.971904575257227,0.21672511155616775,0.4653888986528104,24,24,10,-0.988977843270991,-0.12958803090791834,-0.07162239708685737,174.367981,-0.1371762153290887,0.9839868054913725,0.11380972088038563,-480.767822,0.05572711608406239,0.12238018166472948,-0.9909175443338669,-5.802227,0.0,0.0,0.0,1.0,0.1350679396401484,-0.9784461517594274,-0.15620428863681293,0.0031972800847917798,0.9908311921525843,0.13388640747076364,0.018110178134450497,-0.16133773879220076,0.0031937969337783555,-0.1572181859764961,0.9875587282077991,0.8144384140675319,0.0,0.0,0.0,1.0,0.056621111157053795,-0.01910112689367448,0.9982130016798679,797.8620092823086,0.020576962008251185,-0.9995822736121712,-0.020294504547611645,-389.2505960225202,0.998183669675001,0.02168928840957631,-0.05620441586240914,-100.23826384076769,0.0,0.0,0.0,1.0
2026-07-18T16:43:56.203,58,random,12,3,-89.83822946687184,46.10097017900267,-32.9688184631172,6.6874729579574534,-4.636118543667249,1.8365211124537115,174.367905,-480.768341,-5.802181,-173.5438741165292,-4.3464005380829125,-178.2694581234297,798.7073690803194,-389.2413998357299,-99.37123145395418,155.6191742733566,-86.38053665029703,23.00504780917386,0.22381171579647746,0.3885933485089346,24,24,10,-0.9966693016200388,-0.03852524605554918,-0.07187564695071277,174.367905,-0.03011221161563319,0.9929477023504206,-0.1146652306003693,-480.768341,0.07578626471755578,-0.11211898061158036,-0.9908005734085849,-5.802181,0.0,0.0,0.0,1.0,-0.08963619526190905,-0.9943679705181238,-0.05654813619066171,0.08281950101003091,0.995829874755956,-0.09044638602678327,0.011929450877207124,-0.13933850813069293,-0.016976838413159834,-0.05524301279223275,0.9983286014610275,0.8121073050867051,0.0,0.0,0.0,1.0,0.05810887929391942,-0.023251636755082607,0.998039437865766,798.7073690803194,0.024671797944020753,-0.9993899366190377,-0.02471956655781178,-389.2413998357299,0.9980053409343133,0.026059853660494296,-0.05749976951066446,-99.37123145395418,0.0,0.0,0.0,1.0
2026-07-18T16:44:00.842,59,random,12,4,-89.83822946687184,46.10097017900267,-32.9688184631172,-5.107072732251764,-3.9988921781692,10.35014993711933,174.368271,-480.767517,-5.802281,174.66211584528602,-3.709099582558896,-169.75610742869884,797.2253364026869,-388.93418887320115,-100.00543114979824,158.917429952862,-86.57571615802756,20.059656473105406,0.24184028157388018,0.5537858040611597,24,24,10,-0.9819984060420887,-0.17114525124680788,-0.07992767672379981,174.368271,-0.17746614238315028,0.9808624451735266,0.08009139751467644,-480.767517,0.0646907940779882,0.09283408115491583,-0.9935778452329147,-5.802281,0.0,0.0,0.0,1.0,0.1031610877436021,-0.9755433964545501,-0.1940950066577646,-0.019768429060372683,0.9946474971092184,0.10002979640364629,0.025892012780259942,-0.15316970435944804,-0.005843498089758868,-0.19572716077582542,0.980640980208715,0.8140360284901991,0.0,0.0,0.0,1.0,0.05610602751245621,-0.017248990982927866,0.9982758065719324,797.2253364026869,0.02048710562898514,-0.9996203515888659,-0.01842365849387384,-388.93418887320115,0.9982146022673276,0.021485460186436354,-0.055731345047995276,-100.00543114979824,0.0,0.0,0.0,1.0
2026-07-18T16:44:07.611,60,random,12,5,-89.83822946687184,46.10097017900267,-32.9688184631172,7.856215754949318,11.537538807655096,-3.4516265955966254,174.368439,-480.767883,-5.802198,-172.3749829186828,11.827109398649482,176.44246760209606,785.9287201384739,-390.53606148864253,-98.5346480966437,162.0328602717576,-84.04838202405922,15.917460703963338,0.1195254946552385,0.2973743239777511,24,24,10,-0.976884426141075,0.08864555108078073,0.19452193767441067,174.368439,0.06073346011011986,0.9875602081787276,-0.1450388983860559,-480.767883,-0.20495917834065178,-0.12987225067570388,-0.9701159382869411,-5.802198,0.0,0.0,0.0,1.0,-0.09225000752862075,-0.993660745162656,0.06425153409657874,0.1608648265814626,0.949614914012966,-0.10720457794687498,-0.29451433505243696,-0.29783599473554107,0.2995353922245516,0.033845265400449666,0.9534846861983975,0.7529372567808854,0.0,0.0,0.0,1.0,0.09971297386932124,-0.034167049444178615,0.9944294522862922,785.9287201384739,0.02843684358471706,-0.9989041863153337,-0.03717220048152771,-390.53606148864253,0.9946098072958428,0.03198498544598051,-0.0986321039872213,-98.5346480966437,0.0,0.0,0.0,1.0
2026-07-18T16:44:24.659,61,random,13,1,15.591780340704906,1.8040979118166025,10.0173745541164,9.450043558626689,11.802173246975766,7.354594511028953,279.793457,-525.046143,37.209309,-170.79591123530227,12.08465392756079,-172.7584635709639,798.7268271571163,-388.8118956610703,-98.1008454008394,139.69772967353376,-87.7608274200781,38.46521471770693,0.23341564240005078,0.5601714927816698,16,16,10,-0.9700396890992758,-0.09120965348446591,0.2251750445396295,279.793457,-0.12325902724045384,0.9834722415015194,-0.13262564759394793,-525.046143,-0.209356666423397,-0.15640699890740395,-0.9652495205473359,37.209309,0.0,0.0,0.0,1.0,-0.1351758541830066,-0.9837286818233538,-0.11834428166997055,0.11331432289766588,0.9608472226198687,-0.10099165368831962,-0.25801802392271445,-0.3313907511210251,0.2418679458497518,-0.14858858113389903,0.9588646047941468,0.6718499829956854,0.0,0.0,0.0,1.0,0.03059203366546436,-0.03167046873759319,0.9990300840746247,798.7268271571163,0.024303692554649432,-0.9991788191837496,-0.03241940503428536,-388.8118956610703,0.9992364374883552,0.025271895546418576,-0.029797202739028125,-98.1008454008394,0.0,0.0,0.0,1.0
2026-07-18T16:44:29.161,62,random,13,2,15.591780340704906,1.8040979118166025,10.0173745541164,8.799094462629522,1.563646882180855,-0.8967123498258172,279.795013,-525.082764,37.146828,-171.40232976566872,1.8725979618260697,179.00886015804602,793.3303323130488,-389.59432101899444,-98.24969794804474,161.67105373876734,-85.20510953081815,17.192418560648896,0.222042849615174,0.4335317971694806,24,24,10,-0.9993164202209956,0.021987755161480795,0.029719200858251575,279.795013,0.017288553109629443,0.9885300229200497,-0.1500316623818502,-525.082764,-0.032677181764495064,-0.14941530178882192,-0.9882344202583137,37.146828,0.0,0.0,0.0,1.0,-0.12271261073081562,-0.9923545742038756,0.013191445116840209,0.17095619529892847,0.986109603569427,-0.12341798676264404,-0.1111568724443193,-0.2307378102937579,0.11193509242312737,-0.0006321393036394587,0.9937153191352774,0.6864175009220582,0.0,0.0,0.0,1.0,0.07985401164067998,-0.018783472658844124,0.9966295791214328,793.3303323130488,0.024707367425727905,-0.9994779669304704,-0.02081681088501222,-389.59432101899444,0.9965003175211632,0.026286399057435014,-0.07934823504535572,-98.24969794804474,0.0,0.0,0.0,1.0
2026-07-18T16:44:31.295,63,random,13,3,15.591780340704906,1.8040979118166025,10.0173745541164,9.487526195457107,1.507571271380593,-0.9450720543106002,279.798035,-525.065002,37.18401,-170.74382937172487,1.797311307545879,178.94887147689585,793.6158986437698,-389.62427039056405,-98.30923291038766,161.47363485873143,-85.27515569673442,17.29620465199694,0.21885926002606526,0.4748180275632677,24,24,10,-0.9993398392668238,0.02314975163743699,0.02799954737640846,279.798035,0.018335599583993084,0.9867204178547546,-0.16138966130590232,-525.065002,-0.031363855663075466,-0.1607697296995407,-0.9864934883567567,37.18401,0.0,0.0,0.0,1.0,-0.13423822241224778,-0.9908571182206011,0.0135007746135617,0.17282010325726518,0.9848914936855054,-0.13490937031696792,-0.10857351180934387,-0.22819113566190563,0.10940221802840383,-0.001277917151279504,0.9939967412513081,0.6867456837300706,0.0,0.0,0.0,1.0,0.07864589743277575,-0.02043776840983814,0.9966930924007747,793.6158986437698,0.024489754414905838,-0.9994484959302502,-0.022426678565023745,-389.62427039056405,0.9966017633667374,0.02617253532211081,-0.07810200797112696,-98.30923291038766,0.0,0.0,0.0,1.0
2026-07-18T16:44:36.830,64,random,13,4,15.591780340704906,1.8040979118166025,10.0173745541164,-8.054212397553222,-4.324642973016574,-2.4911154110018927,279.798035,-525.064758,37.184105,171.71499283447162,-4.034826089090768,177.4028021625148,795.4899372241595,-390.0778829136216,-101.05982474441225,161.69342685140273,-86.21496120534215,17.6521035268378,0.22446128337472807,0.5121815993618931,24,24,10,-0.9964967990559269,0.05496988518315158,-0.06302730514818881,279.798035,0.04520181883977444,0.9880875931593098,0.14710439768483674,-525.064758,0.0703628100978634,0.1437401125907223,-0.9871108625618191,37.184105,0.0,0.0,0.0,1.0,0.1666636695590301,-0.985429413848899,0.03394247443151344,0.1473551831408934,0.985977771764194,0.16685309386215116,0.0028068942878837783,-0.22581657680495024,-0.008429403065080112,0.03299871800606375,0.9994198465979767,0.6975109089678235,0.0,0.0,0.0,1.0,0.06290513149787136,-0.010769524007613551,0.9979614029529827,795.4899372241595,0.020017662225946475,-0.9997270037060463,-0.012050363477475727,-390.0778829136216,0.9978187398672386,0.02073488397799236,-0.06267237793618285,-101.05982474441225,0.0,0.0,0.0,1.0
2026-07-18T16:44:40.668,65,random,13,5,15.591780340704906,1.8040979118166025,10.0173745541164,0.3349115771400051,0.9690804219888243,-3.5973496294471055,279.798187,-525.064941,37.183933,-179.89642907848318,1.2586736843433932,176.29659254745573,790.8768100983161,-390.0588961593237,-99.02009590839086,164.74037541513258,-84.96687448257089,14.861399595130742,0.21578520924938632,0.5504473181459062,24,24,10,-0.9976709957414814,0.06463117431463633,0.021803567664766564,279.798187,0.06457607032961035,0.9979075835343876,-0.003222710868908613,-525.064941,-0.021966233108709817,-0.0018072164426145673,-0.9997570797807552,37.183933,0.0,0.0,0.0,1.0,0.026134765538149182,-0.9980512766121308,0.05666236213891892,0.17350131770803934,0.9941257985201761,0.019993138370132738,-0.10636809265345995,-0.2488791940884897,0.10502795221696115,0.059109421169630465,0.9927110383097908,0.6781782695127808,0.0,0.0,0.0,1.0,0.084796973140828,-0.0059693927029403826,0.9963803689841106,790.8768100983161,0.022501568311428133,-0.9997155597216858,-0.007904370555773548,-390.0588961593237,0.9961441425665665,0.023090387634575195,-0.08463853276850475,-99.02009590839086,0.0,0.0,0.0,1.0
2026-07-18T16:44:53.142,66,random,14,1,-9.6562983115938,44.836334076834234,-25.11126205852829,-6.003530014713319,-8.849280971546095,2.9173538044562584,254.542694,-482.042908,2.023016,173.79895492692143,-8.54119644357421,-177.17929132663429,799.6857359285744,-389.7097551172816,-101.27463031429696,154.6098477500263,-87.27414664423601,23.846366866453,0.2245845428994842,0.3964345607981596,24,24,10,-0.9877111841309593,-0.03289946407561024,-0.15278822600631203,254.542694,-0.04866498925810164,0.9937339780350121,0.10062057304159504,-482.042908,0.14852048869811568,0.10681950272421109,-0.9831232162219673,2.023016,0.0,0.0,0.0,1.0,0.12437380353429978,-0.9901284105434058,-0.0646288451792205,0.06828547418278622,0.9867221128244357,0.11656327767974803,0.1131038211548803,-0.1295534907305157,-0.10445395663972032,-0.07783786309593953,0.9914790154163452,0.7382790882691941,0.0,0.0,0.0,1.0,0.043497348498539944,-0.026497137441630285,0.9987020989168872,799.6857359285744,0.019226679446438383,-0.9994408867419626,-0.027354135078684377,-389.7097551172816,0.9988685176093298,0.02039155746475389,-0.04296357658646651,-101.27463031429696,0.0,0.0,0.0,1.0
2026-07-18T16:44:57.177,67,random,14,2,-9.6562983115938,44.836334076834234,-25.11126205852829,3.1005998250675457,-11.913669704967692,7.0183030780020985,254.550003,-482.032623,2.055435,-177.13070450560718,-11.623823972937062,-173.0879143031641,800.1610135994237,-389.3151532371088,-100.37760427730547,146.85618900748543,-87.87680223209227,31.427569843581765,0.2535374418378759,0.5101654628023794,24,24,10,-0.9723725899260324,-0.1302079557362652,-0.19374579898290115,254.550003,-0.11787812935582842,0.9902736175913054,-0.07391149384364694,-482.032623,0.2014852177707102,-0.04903111833939423,-0.9782635925221166,2.055435,0.0,0.0,0.0,1.0,-0.03398391423076513,-0.9867707779421895,-0.15851979489300883,0.03129517634933153,0.9851447425382364,-0.05978883208895945,0.16098177476568226,-0.08964378511834414,-0.168329824519681,-0.15069415170073405,0.9741439025217831,0.7421052965886801,0.0,0.0,0.0,1.0,0.03161332382678296,-0.02962929184314262,0.9990609104661723,800.1610135994237,0.019317741058828695,-0.9993556946084067,-0.030249306341344255,-389.3151532371088,0.9993134756606686,0.020255881087287295,-0.031020584204212547,-100.37760427730547,0.0,0.0,0.0,1.0
2026-07-18T16:45:02.916,68,random,14,3,-9.6562983115938,44.836334076834234,-25.11126205852829,-3.047165097314794,-9.493034825334286,-9.870619612070254,254.549911,-482.032715,2.055611,176.7217845272223,-9.203306471627387,170.02327764856835,799.1048483389686,-390.8752245265124,-101.40818689792113,145.85685350834197,-87.60563781496441,32.43383741809863,0.27797554968241733,0.494079688954221,24,24,10,-0.9721999190510787,0.18197223675520605,-0.1473547503387092,254.549911,0.17101784797779873,0.98168207355354,0.08398334440033195,-482.032715,0.15993815389117946,0.05644830833540972,-0.9855117327642284,2.055611,0.0,0.0,0.0,1.0,0.08481127782880539,-0.9850163826730031,0.15016581841030338,0.18824119788631893,0.9879653855063975,0.10269778191448019,0.11566141375169671,-0.131377740824558,-0.12935008385865263,0.13854923837985147,0.9818720203520023,0.7103745169823414,0.0,0.0,0.0,1.0,0.03526054959652434,-0.029415070043700784,0.9989451673122383,799.1048483389686,0.022406246830370933,-0.9992922208010001,-0.030216180261259638,-390.8752245265124,0.9991269457607114,0.023448051111523996,-0.034576511593042814,-101.40818689792113,0.0,0.0,0.0,1.0
2026-07-18T16:45:06.451,69,random,14,4,-9.6562983115938,44.836334076834234,-25.11126205852829,3.7150021013738836,-5.414625803391894,-9.077761420025332,254.562469,-482.019257,2.106353,-176.65600897234128,-5.210993850935323,170.78301968491184,799.9108425552268,-390.6570164053921,-99.94541082915882,149.22323325490737,-87.11876998150811,28.951484490458874,0.28214470854880125,0.5299839030512261,24,24,10,-0.9830091907136462,0.15467161542036553,-0.09884140000909025,254.562469,0.15951173108283279,0.9862567149744741,-0.04305461432549436,-482.019257,0.09082366772741828,-0.05808944440269307,-0.9941713523480376,2.106353,0.0,0.0,0.0,1.0,-0.027215243673734527,-0.99178060249622,0.1250222661129398,0.18588466744735238,0.9983096512277829,-0.02054082226580322,0.054368326129352725,-0.14562037728794447,-0.0513533910977866,0.12629058212265926,0.990663170855704,0.7107778296816911,0.0,0.0,0.0,1.0,0.043984042443428836,-0.0312857886336134,0.9985422391866592,799.9108425552268,0.024332088499125194,-0.9991794855477533,-0.032377540514967475,-390.6570164053921,0.9987358777372555,0.025720713250228483,-0.0431867043231377,-99.94541082915882,0.0,0.0,0.0,1.0
2026-07-18T16:45:11.455,70,random,14,5,-9.6562983115938,44.836334076834234,-25.11126205852829,5.3348156950622965,7.931065886425195,-0.6958362989920452,254.549301,-482.02063,2.083601,-174.91828527548904,8.211688415594475,179.19169099047227,788.0861649015118,-389.9548291118028,-97.2698816219304,163.97830433565036,-83.9960862366331,14.348517042999871,0.14679664050171087,0.3226779382945056,24,24,10,-0.9896486228028936,0.026701921430055318,0.14100571185692873,254.549301,0.013962546261141098,0.9957917878261966,-0.0905746244806598,-482.02063,-0.14283084641015595,-0.08766825360328671,-0.9858567982338551,2.083601,0.0,0.0,0.0,1.0,-0.05866962625506112,-0.9982649760356687,0.0049912499033115424,0.1201349741949145,0.9685082949073941,-0.05813126072039575,-0.2421000603523854,-0.26684122622442563,0.2419701585953579,-0.009369853123889235,0.9702384491462777,0.6925378075540487,0.0,0.0,0.0,1.0,0.10133364089994286,-0.02773161539738308,0.9944659123013782,788.0861649015118,0.025921023564816067,-0.9991984553134684,-0.03050487561899983,-389.9548291118028,0.9945147529118472,0.028868744458843354,-0.10053358560230681,-97.2698816219304,0.0,0.0,0.0,1.0
2026-07-18T16:45:27.234,71,random,15,1,-3.1691909781480105,-23.824982094396418,46.99712554806234,10.211238469887896,4.188790506863327,-8.307966742234488,261.03714,-550.693909,74.163826,-170.01983990179755,4.478524605640082,171.58596273900815,788.8203701537939,-389.91061649762685,-98.46967751771635,160.34245770794902,-85.88270552172443,19.830742322710254,0.2481844896937814,0.4468697134829048,22,22,10,-0.9862160493714381,0.15749827466388758,0.0507168358643525,261.03714,0.145878612860886,0.9722870248787012,-0.18269474968457017,-550.693909,-0.07808542931928332,-0.1727779926102356,-0.9818606983669326,74.163826,0.0,0.0,0.0,1.0,-0.13801240910297854,-0.9755645651629754,0.1709571704608095,0.27477972745815327,0.9803511329610125,-0.15912011356602893,-0.11658664400690576,-0.268895284403921,0.1409405230430585,0.15150765214043901,0.978356376944128,0.6635732872482458,0.0,0.0,0.0,1.0,0.06754078201612791,0.0038396109895367683,0.9977091260242632,788.8203701537939,0.02435712219881044,-0.9997009040891761,0.0021983997534043057,-389.91061649762685,0.9974191563043302,0.024152841462912068,-0.06761410271848113,-98.46967751771635,0.0,0.0,0.0,1.0
2026-07-18T16:45:34.706,72,random,15,2,-3.1691909781480105,-23.824982094396418,46.99712554806234,-10.060339656636764,-7.6639877350814025,8.270252773067405,261.036957,-550.693481,74.163406,169.70883841060058,-7.37402411911321,-171.8360588165828,799.3177083732431,-389.4500997927808,-101.49793689713641,158.25104373831388,-86.93332036568673,20.023695269711155,0.23393676487219275,0.4591321195912425,24,24,10,-0.9816790649514581,-0.11702478807618547,-0.15037091610998057,261.036957,-0.1408315272871392,0.9771975038933752,0.15890726637422503,-550.693481,0.1283459947096235,0.17717290244357636,-0.9757751115301704,74.163406,0.0,0.0,0.0,1.0,0.18893754169274096,-0.9695999232590489,-0.1554946756488766,0.0689520088118572,0.9790251300068137,0.17369711997960244,0.10648523524852091,-0.2180869416772056,-0.07623909859281541,-0.17235225361693762,0.9820805977713427,0.7536725261159698,0.0,0.0,0.0,1.0,0.050264202898252064,-0.02960837857787778,0.9982969767684329,799.3177083732431,0.018318218319023034,-0.9993649904052389,-0.030562376052146317,-389.4500997927808,0.9985679510101552,0.019823215438602597,-0.049689911904277004,-101.49793689713641,0.0,0.0,0.0,1.0
2026-07-18T16:45:41.417,73,random,15,3,-3.1691909781480105,-23.824982094396418,46.99712554806234,3.252146445834235,11.072278804895149,-0.005279204553573891,261.037415,-550.693848,74.163811,-176.97904257723604,11.361810373223745,179.88875144402843,784.3419612385508,-390.1599927155271,-98.81863242642675,162.69411551802293,-84.16676400572366,15.202366352942162,0.08064584523579753,0.2072076867005417,12,12,10,-0.9804008542739688,0.012321282499828175,0.19662744197194715,261.037415,0.0019036012303418777,0.9985882834126056,-0.05308310968115109,-550.693848,-0.1970039117409293,-0.051668425838462546,-0.9790402609342209,74.163811,0.0,0.0,0.0,1.0,-0.02357884951646385,-0.9995080650197911,-0.020680082588623607,0.18119274067531332,0.9561008536208898,-0.01650144553094405,-0.29257282854153627,-0.3657311746008208,0.2920876504765065,-0.02667077531272049,0.9560195992673648,0.6586644137157858,0.0,0.0,0.0,1.0,0.09807679526945959,-0.03521863510711683,0.994555473551307,784.3419612385508,0.026651225204695404,-0.9989222204274856,-0.03800144380559574,-390.1599927155271,0.9948219209611139,0.03023318172824372,-0.09703247032733901,-98.81863242642675,0.0,0.0,0.0,1.0
2026-07-18T16:45:47.617,74,random,15,4,-3.1691909781480105,-23.824982094396418,46.99712554806234,1.7876609037405693,-9.518565104964091,6.463384905308303,261.03717,-550.693542,74.164185,-178.4434081100314,-9.22880309351071,-173.6427093361893,799.8901602656329,-389.1184880506566,-100.54148329170528,155.47050879492232,-87.23317749852971,22.996887590979462,0.2205367658743941,0.44804000290892104,24,24,10,-0.9809860982625689,-0.11501702001612428,-0.1563245346137064,261.03717,-0.10929483754728514,0.9930015935198461,-0.04474900839749267,-550.693542,0.16037740957221494,-0.02681269053371527,-0.9866915253133823,74.164185,0.0,0.0,0.0,1.0,-0.013165481807199503,-0.9899709669404463,-0.14065615771725684,0.10865134989601383,0.9933314984864207,-0.029062197518995178,0.11157025943363856,-0.1829143359531527,-0.11453909465115752,-0.13824931569582707,0.9837519618817177,0.7542854542490949,0.0,0.0,0.0,1.0,0.044435079142199935,-0.026300280773956897,0.9986660197347446,799.8901602656329,0.01885872341054576,-0.9994531887310719,-0.027160119414623256,-389.1184880506566,0.9988342566677171,0.020040428301389003,-0.04391479181945363,-100.54148329170528,0.0,0.0,0.0,1.0
2026-07-18T16:45:50.748,75,random,15,5,-3.1691909781480105,-23.824982094396418,46.99712554806234,4.890307874111048,-4.292326531922002,7.268459208083346,261.039551,-550.674805,74.191208,-175.35843145370853,-4.012996397096285,-172.84658447985498,798.2947322186169,-389.0262017142005,-99.78463393688972,157.37244504670898,-86.52470200001024,20.76272189530664,0.2422024042538235,0.4632569563642338,24,24,10,-0.989783561750542,-0.12973722628316725,-0.059133349345029305,261.039551,-0.12422123685507322,0.9882570218731556,-0.0889783290054208,-550.674805,0.06998274932157797,-0.0807236696065743,-0.9942766737496369,74.191208,0.0,0.0,0.0,1.0,-0.06669218717855147,-0.9852323584520485,-0.15770019666555776,0.10959233863965473,0.9977120501895473,-0.06760534290915317,0.0004272197386631705,-0.22882720050894545,-0.01108228658311636,-0.15731089431171172,0.987486944447844,0.744021844005832,0.0,0.0,0.0,1.0,0.056681449502329805,-0.031880154203854615,0.9978831940915,798.2947322186169,0.021489073424619108,-0.9992195607229604,-0.03314346378950252,-389.0262017142005,0.9981610255893913,0.023322204796142495,-0.05595213809838358,-99.78463393688972,0.0,0.0,0.0,1.0
2026-07-18T16:46:06.860,76,random,16,1,-7.184844513707002,9.180436938665416,-91.82344346662994,-4.516349245024424,0.5162595640901984,1.0610425103237322,257.021484,-517.688416,-64.656731,175.25289262784543,0.8059797304105291,-179.0451283864778,794.6975876672127,-389.32447449074834,-99.78202139474567,160.9258766226881,-85.73510015200262,18.137474803656552,0.16422477138866554,0.3414787374872467,24,24,10,-0.9997622063359252,-0.01777167154376771,0.012637186113352324,257.021484,-0.01666323333594086,0.9964118895753288,0.08298001547188864,-517.688416,-0.014066536073783662,0.0827497069690481,-0.9964710826508825,-64.656731,0.0,0.0,0.0,1.0,0.10433208404275937,-0.9937117864844137,-0.040641132381497226,0.12094134691389576,0.990897596705633,0.10735824355931943,-0.08121674939849799,-0.1544476909912938,0.08506920172597765,-0.03179768768029722,0.9958675303351802,0.7191931148412862,0.0,0.0,0.0,1.0,0.07067265993087213,-0.015486913017724714,0.9973793313797295,794.6975876672127,0.023150559056749172,-0.9995846798651575,-0.017161567359402323,-389.32447449074834,0.9972308793622744,0.02430274272695967,-0.07028477745779631,-99.78202139474567,0.0,0.0,0.0,1.0
2026-07-18T16:46:10.494,77,random,16,2,-7.184844513707002,9.180436938665416,-91.82344346662994,3.562851896473811,-2.2144141023629,2.047544691092188,257.021423,-517.688599,-64.656738,-176.66849945227514,-1.9245652338444352,-178.05855235904204,795.0656803883452,-388.7860518633987,-99.32724352165411,159.53459479681996,-85.90948538422006,19.752375828843803,0.19771666659072565,0.43544044305923735,24,24,10,-0.998862202848577,-0.03577144101683063,-0.03153892401568905,257.021423,-0.033859059368716554,0.9976708396949117,-0.05921536727164243,-517.688599,0.03358368382345404,-0.05808011389476764,-0.9977468800005425,-64.656738,0.0,0.0,0.0,1.0,-0.03628266966687953,-0.9983266722440698,-0.04502691825924378,0.11686936093246086,0.9987501140464827,-0.03467444009467005,-0.0359985124173002,-0.11199004009047886,0.03437699192747238,-0.046276761881117186,0.9983369590152499,0.7229609544566648,0.0,0.0,0.0,1.0,0.0671352652194775,-0.011606119172996395,0.9976763774699954,795.0656803883452,0.024107165913518747,-0.9996215567206371,-0.013250958117315303,-388.7860518633987,0.9974526057490293,0.02494075654728595,-0.0668300676890318,-99.32724352165411,0.0,0.0,0.0,1.0
2026-07-18T16:46:15.897,78,random,16,3,-7.184844513707002,9.180436938665416,-91.82344346662994,-8.824623395094413,1.7787366420537012,-10.66031789388716,257.021423,-517.688416,-64.656288,170.9445364873592,2.068377640422272,169.2338563984371,786.5704737443737,-390.07078417987157,-100.20564310589776,163.6315732755922,-84.75437684916501,16.257634425690163,0.32883224831634655,0.5948574992119294,24,24,10,-0.9817577380980138,0.17889206799786056,0.06441561683412399,257.021423,0.18667913569834066,0.9712147697717847,0.14796206024538835,-517.688416,-0.036092159530739666,0.15728794926690426,-0.9868930322156598,-64.656288,0.0,0.0,0.0,1.0,0.19718896457465032,-0.966982764162013,0.16143372034234238,0.21858476853860376,0.973318981165358,0.17339165496944123,-0.1502847127627671,-0.19007720732913816,0.11733146702060197,0.18676099111043076,0.9753735997279417,0.6747822760669989,0.0,0.0,0.0,1.0,0.0877696747808564,-0.0008006286104565438,0.9961404736194043,786.5704737443737,0.02559521624811236,-0.9996677095701901,-0.003058651320735393,-390.07078417987157,0.9958119145170312,0.025764887667474413,-0.08772001749547981,-100.20564310589776,0.0,0.0,0.0,1.0
2026-07-18T16:46:20.703,79,random,16,4,-7.184844513707002,9.180436938665416,-91.82344346662994,-10.069528609127842,-10.643275912202654,-3.1169458499096017,257.012939,-517.691406,-64.687553,169.72384990483297,-10.338278568002032,176.78274723662423,796.5616552176201,-390.0727264961223,-102.21522024659457,144.00994894326388,-87.9520376142147,35.58956773905233,0.1740559016434471,0.39521013293717583,24,24,10,-0.9822148602565561,0.08718571383319805,-0.16629076821817107,257.012939,0.05521102772589805,0.9806118635076103,0.18802158271214983,-517.691406,0.17945949601133931,0.17549650837417646,-0.9679851573447956,-64.687553,0.0,0.0,0.0,1.0,0.19831237527026221,-0.9772710412519983,0.07492338583447515,0.17109935652869152,0.9682890357758485,0.2071921562090926,0.13959854441112063,-0.07259932047747554,-0.15194915271544976,0.04486337410028509,0.9873696028607497,0.709641504699418,0.0,0.0,0.0,1.0,0.029060817815785202,-0.006684457792729902,0.9995552945644852,796.5616552176201,0.020797499724495086,-0.9997571270414497,-0.007290468780300602,-390.0727264961223,0.9993612624437104,0.021000117948339038,-0.028914739719881826,-102.21522024659457,0.0,0.0,0.0,1.0
2026-07-18T16:46:25.039,80,random,16,5,-7.184844513707002,9.180436938665416,-91.82344346662994,-10.362855416324866,1.3281318633841774,-2.6332020209418765,257.024048,-517.68103,-64.622086,169.3981233983011,1.6075476857985505,177.25755736144916,793.3582097593159,-389.8198023222326,-100.51987221061025,161.34710106236423,-85.5666194288114,17.78559849728876,0.18346093056077856,0.4000594277187575,24,24,10,-0.9984615851015288,0.04187417129271897,0.036345795562769255,257.024048,0.04782754817728177,0.9820505326432654,0.1824534926232672,-517.68103,-0.028053319088699246,0.18391113374025744,-0.9825424704176816,-64.622086,0.0,0.0,0.0,1.0,0.20963091585933288,-0.9776997697048689,0.01257137363306716,0.146922732744261,0.9726193033553409,0.207187837164154,-0.10528480836193754,-0.18009331890343955,0.10033229717566977,0.03429811146820153,0.9943626449606634,0.7083867162163973,0.0,0.0,0.0,1.0,0.07360544299368374,-0.014225427659604727,0.9971859786266569,793.3582097593159,0.02361171591125558,-0.9995931187021602,-0.01600262212932742,-389.8198023222326,0.9970078864449509,0.024723152128910318,-0.07323960755889605,-100.51987221061025,0.0,0.0,0.0,1.0
2026-07-18T16:46:43.720,81,random,17,1,46.32898936562287,61.142747626331484,28.008766857871542,-2.9850371851291815,-2.8425574931200472,-7.863732335238514,310.527863,-465.741119,55.134884,176.81546312672623,-2.510815649822293,172.04060474944447,795.6308725042913,-389.9843248738543,-99.8806603967488,162.15545781447142,-86.00079694128792,16.17831193148777,0.2891477675620017,0.5195411599059079,24,24,10,-0.9894156684720907,0.14066762613161235,-0.035626590356401325,310.527863,0.1383383397829253,0.9885001326172099,0.061073656856800565,-465.741119,0.04380797562122453,0.05549870966297549,-0.9974972453584596,55.134884,0.0,0.0,0.0,1.0,0.08399433683916435,-0.9906799621375193,0.10722949220317861,0.1400207271248959,0.9962678589824076,0.081342861823592,-0.028873724888866595,-0.2439717567722634,0.01988226691197435,0.10925452599114881,0.9938149445509918,0.6562793664896671,0.0,0.0,0.0,1.0,0.06698073727633129,-0.02836048984629993,0.9973511234513136,795.6308725042913,0.019432211951933953,-0.9993692697243007,-0.02972291825128547,-389.9843248738543,0.9975650204235184,0.021371601399880272,-0.06638738344768864,-99.8806603967488,0.0,0.0,0.0,1.0
2026-07-18T16:46:48.454,82,random,17,2,46.32898936562287,61.142747626331484,28.008766857871542,8.416417934444478,1.2765582490269942,-0.04499968979722091,310.538544,-465.707367,55.209858,-171.91718964037332,1.5188538191122989,179.821257015762,795.7277512565952,-390.0474554907546,-97.49217297687662,161.28310742249167,-85.05791437775773,15.711753254847558,0.2567601966374659,0.47940922819959414,24,24,10,-0.9996437926294361,0.006815479734828451,0.025803819357242887,310.538544,0.0031185524630298017,0.9900494415524606,-0.14068538627802288,-465.707367,-0.026505895343723267,-0.1405548025420879,-0.9897180330752705,55.209858,0.0,0.0,0.0,1.0,-0.11637028664840361,-0.9926031585896505,-0.034596617511222075,0.10517685415898251,0.9871806716571352,-0.11176310012917444,-0.11394442046929756,-0.2550074445267271,0.10923496643445463,-0.04741285698379141,0.9928845567842706,0.6607329258296151,0.0,0.0,0.0,1.0,0.08292990507949637,-0.051277120040230176,0.9952352926840392,795.7277512565952,0.023328901835107378,-0.9983017782762681,-0.05337903923460197,-390.0474554907546,0.9962822858922438,0.02764446510282089,-0.08159283281333786,-97.49217297687662,0.0,0.0,0.0,1.0
2026-07-18T16:46:53.892,83,random,17,3,46.32898936562287,61.142747626331484,28.008766857871542,-2.995949280946606,11.160993492379369,-11.581652617874328,310.535339,-465.725952,55.175552,176.77300695410702,11.450733423028042,168.3122537849692,799.910248299552,-391.4673551033339,-98.56393609548694,101.3799499152547,-88.2611457273663,77.14180755983182,0.31275035052468336,0.9056348013670127,14,14,10,-0.9597746208882351,0.19131299658407394,0.20550429298889833,310.535339,0.19854570932804172,0.9799772701802374,0.01497168118532348,-465.725952,-0.19852525886211464,0.05517143525514189,-0.9785416875767828,55.175552,0.0,0.0,0.0,1.0,0.08542874030481593,-0.9824947583196874,0.16554751645455643,0.1634134892117475,0.9762604560453014,0.04935011374024438,-0.21090303040981792,-0.35412091890826514,0.19904133312493646,0.17963467412547154,0.9633866988700245,0.6044247205791526,0.0,0.0,0.0,1.0,0.006752733550582885,-0.025696875318239786,0.9996469732803044,799.910248299552,0.02958316074621128,-0.9992270791880509,-0.025885919291781443,-391.4673551033339,0.9995395125705928,0.02974751781570449,-0.005987319429069546,-98.56393609548694,0.0,0.0,0.0,1.0
2026-07-18T16:46:57.928,84,random,17,4,46.32898936562287,61.142747626331484,28.008766857871542,1.0095036645122732,1.400545968169789,-8.834022881848586,310.530731,-465.733856,55.125191,-179.10752349036758,1.7686634177893377,171.0855414007409,792.570351736628,-390.1822715095773,-98.01883750759012,163.73663785915846,-85.19594959125111,14.570997921422059,0.28413165844605504,0.4641188084562844,24,24,10,-0.9874501380256904,0.15541582744360727,0.02807392906352873,310.530731,0.1548858688948803,0.9877264495682232,-0.020169988597673945,-465.733856,-0.030864097746785002,-0.015568603128451854,-0.9994023344313868,55.125191,0.0,0.0,0.0,1.0,0.017894023426606655,-0.9918581907034928,0.1260838350463781,0.15742512342669146,0.9940408211458622,0.004086111725939993,-0.10893185753774046,-0.2670613711153745,0.10752976249051932,0.12728170813340517,0.9860206473260968,0.6395615649548558,0.0,0.0,0.0,1.0,0.08105466177117358,-0.028580834361165652,0.9962997930906041,792.570351736628,0.021069351560382973,-0.9993162903104686,-0.03038148029554997,-390.1822715095773,0.9964869413243634,0.023453951209625887,-0.0803970642664949,-98.01883750759012,0.0,0.0,0.0,1.0
2026-07-18T16:47:04.398,85,random,17,5,46.32898936562287,61.142747626331484,28.008766857871542,10.835364693116148,-0.23382186577764408,11.659083041141617,310.534485,-465.714447,55.190083,-169.39205004567273,0.051337018443721766,-168.44781559929712,799.4312270417163,-389.3531869077801,-97.58950577148153,145.45431769724553,-87.40981002987974,31.031407106955132,0.4608966337583942,0.86904709392727,22,22,10,-0.9797423226838516,-0.1966762691787875,0.037728322040139546,310.534485,-0.2002602764560815,0.9630317640436056,-0.18018224972731042,-465.714447,-0.0008959998801128156,-0.18408766005621935,-0.9829094213605039,55.190083,0.0,0.0,0.0,1.0,-0.16908016961837835,-0.9536927025575881,-0.24876118131699015,0.01100876877406786,0.9846418723431564,-0.15230699016692395,-0.08534028342380655,-0.25685480728776877,0.04350033873872141,-0.25937002493483435,0.9647978600177964,0.6741480661638988,0.0,0.0,0.0,1.0,0.038724294212099886,-0.06080078080817949,0.9973984630481891,799.4312270417163,0.02329680358387171,-0.9978208947348901,-0.0617310373575405,-389.3531869077801,0.9989783220773856,0.02562668694114097,-0.037223446050460816,-97.58950577148153,0.0,0.0,0.0,1.0
2026-07-18T16:47:30.316,86,random,18,1,-188.83161763146722,13.09572184503793,7.819593140597744,-11.406866416005046,-7.043144474802384,3.9970142818006487,75.374435,-513.772949,34.986195,168.3623302962636,-6.75322434808896,-176.10917805266843,799.4060508370857,-389.4012848352581,-101.98706620326797,155.87615124736388,-87.11009293884308,23.41454743329521,0.14229882078309974,0.3357313370311204,24,24,10,-0.9907729934627656,-0.04279408935906295,-0.12859837223215162,75.374435,-0.06738468143383697,0.9787949885878522,0.19344165793170506,-513.772949,0.11759328268609051,0.20032233083516932,-0.9726473069082514,34.986195,0.0,0.0,0.0,1.0,0.21769760712529293,-0.9738806341705225,-0.06453109513671702,0.06881128499352873,0.9734844397673301,0.21189858373181056,0.08618025146946846,-0.16617604730228797,-0.070255230287928,-0.08158125152309839,0.994187458187396,0.9218388517788416,0.0,0.0,0.0,1.0,0.04626535867604677,-0.011902352952015699,0.9988582735207144,799.4060508370857,0.02003475657048122,-0.9997168242041861,-0.012840558097656073,-389.4012848352581,0.9987282538887838,0.020605955384386778,-0.04601379670227547,-101.98706620326797,0.0,0.0,0.0,1.0
2026-07-18T16:47:37.188,87,random,18,2,-188.83161763146722,13.09572184503793,7.819593140597744,5.422429697178224,10.443914928136198,-2.7794090383518952,75.374878,-513.773254,34.986176,-174.80885033661903,10.733447559303762,177.114604391564,784.4537933440022,-389.100193331935,-99.73773939447081,163.34171316436237,-83.82203721838985,14.438431658426778,0.10102776824666064,0.24495710800716977,18,18,10,-0.981258643885745,0.06696131886412306,0.18068662256925935,75.374878,0.049457662230532454,0.9937875662611163,-0.09970061580300293,-513.773254,-0.18624020362477944,-0.0888957531088222,-0.9784743898707907,34.986176,0.0,0.0,0.0,1.0,-0.05473444359969766,-0.9978574023665983,0.035843342840988314,0.1888557808105774,0.9566363126277907,-0.06269123053650781,-0.28445874037498364,-0.3495149943425395,0.2860963230202992,0.018719352446161047,0.9580179955503242,0.8445327673184685,0.0,0.0,0.0,1.0,0.10421801506104121,-0.03712185459470346,0.9938614456996442,784.4537933440022,0.02683316466356952,-0.9988344490739356,-0.04012137357202315,-389.100193331935,0.9941924293671093,0.03084981774043017,-0.10310044682011728,-99.73773939447081,0.0,0.0,0.0,1.0
2026-07-18T16:47:41.825,88,random,18,3,-188.83161763146722,13.09572184503793,7.819593140597744,9.346644350424803,-1.957261887573413,2.9627545049717057,75.374649,-513.773254,34.986362,-170.88443321464996,-1.6675363669487475,-177.14330957710007,798.7154582990462,-387.9625797277171,-100.41056755749852,151.1883849421794,-86.77450551094762,27.767741484261684,0.17106366194074343,0.4257077172984061,20,20,10,-0.9983343495470434,-0.05381304504919335,-0.02080102634524076,75.374649,-0.04981689303824257,0.9859140463941143,-0.1596614239282629,-513.773254,0.02909989145165686,-0.15835924130065057,-0.9869526569254395,34.986362,0.0,0.0,0.0,1.0,-0.13494319731647966,-0.9887498362142744,-0.06452979842096786,0.11205469443379171,0.990610058048576,-0.13318059736740326,-0.03089727136589545,-0.20049701673581466,0.021955554900794483,-0.06809324394612686,0.9974373482770189,0.9123435092086977,0.0,0.0,0.0,1.0,0.04978639489243202,-0.017542478039437644,0.99860581629983,798.7154582990462,0.02621357625613293,-0.9994783495591204,-0.018864707324525165,-387.9625797277171,0.9984158268494534,0.027116235483782485,-0.04930057271177853,-100.41056755749852,0.0,0.0,0.0,1.0
2026-07-18T16:47:46.330,89,random,18,4,-188.83161763146722,13.09572184503793,7.819593140597744,-3.0392745492561737,1.4201787503562038,1.4175892309951514,75.37468,-513.773132,34.986294,176.72997782369268,1.7098779480089157,-178.68846215900885,793.432417266408,-389.1290853548062,-100.26010389540065,164.42466799695296,-84.74943220339574,15.627668198363471,0.17194884617404482,0.8574517269307236,24,24,10,-0.9992928678037977,-0.02455298338187429,0.02847657569848158,75.37468,-0.022878462979004793,0.9980712876703698,0.05770858393452747,-513.773132,-0.02983857047816222,0.05701627605394358,-0.9979272538500791,34.986294,0.0,0.0,0.0,1.0,0.0792174849151998,-0.9964160596239371,-0.02965849300313615,0.10456193848758018,0.9898077514153631,0.08215450932481673,-0.11632390913162072,-0.2646069233837822,0.11834359011696857,-0.02014131875289121,0.9927684130536795,0.8963660805528608,0.0,0.0,0.0,1.0,0.08812854460338297,0.0019984316716924093,0.9961071056352035,793.432417266408,0.024651812919015897,-0.9996960824967062,-0.0001753868435142079,-389.1290853548062,0.9958040207520229,0.02457130260268281,-0.08815102575984045,-100.26010389540065,0.0,0.0,0.0,1.0
2026-07-18T16:47:49.062,90,random,18,5,-188.83161763146722,13.09572184503793,7.819593140597744,-6.283091584676261,0.04631396049164138,-0.616707720882328,75.373238,-513.784302,34.972019,173.4876669568269,0.3409671838823528,179.2786086879936,794.3561064481127,-389.6015666291628,-100.83316096941425,161.99110826889586,-85.46797733350195,17.348136197852238,0.16017646205985772,0.41392210268873036,17,17,10,-0.9999030330234181,0.011834193895798564,0.007340054863970497,75.373238,0.012590097999118657,0.9934772133455135,0.11333364899978128,-513.784302,-0.0059509648748788035,0.11341507138854906,-0.993529872524721,34.972019,0.0,0.0,0.0,1.0,0.1373601579498655,-0.9904797294096699,-0.009060498691263612,0.1219789463736492,0.9871995949426557,0.137642290471035,-0.08057021545796389,-0.2562779593862239,0.08105027299795821,0.0021226168833665803,0.9967077544318208,0.8965415061892031,0.0,0.0,0.0,1.0,0.07542186135220211,-0.010609420071727218,0.9970952727978959,794.3561064481127,0.02356082367887499,-0.9996452684394835,-0.012418730777545737,-389.6015666291628,0.9968733271673692,0.02442902970430509,-0.075145140161983,-100.83316096941425,0.0,0.0,0.0,1.0
2026-07-18T16:48:15.184,91,random,19,1,70.19203388957112,74.26328653257025,10.381538227235534,0.6896378232708766,-2.6645257604822756,-6.687654843485195,334.392334,-452.620514,37.5163,-179.5164434687524,-2.3409909593455183,173.21499634212412,798.1045955508821,-390.0791999102266,-99.2281382700375,160.30968660496427,-86.06627207660041,17.204457593269932,0.29483748148578093,0.5870430382025392,24,24,10,-0.9921677376048879,0.11779754931047721,-0.04155620089040806,334.392334,0.11804547015528419,0.9930018278693068,-0.0035548310836821966,-452.620514,0.04084663305360885,-0.008432509985840156,-0.9991298440861041,37.5163,0.0,0.0,0.0,1.0,0.01945641139556024,-0.9970490199404985,0.0742610253854434,0.12338090604562671,0.9995713963187506,0.017773024045887563,-0.02326248648891851,-0.21913300558468995,0.02187399636530753,0.07468180134380197,0.9969674803277463,0.6382831765088665,0.0,0.0,0.0,1.0,0.06553298081664595,-0.0426144778541853,0.9969400356603698,798.1045955508821,0.020291433364444257,-0.998824167529559,-0.04402885520767827,-390.0791999102266,0.997644067870551,0.023114684425653786,-0.06459121617217804,-99.2281382700375,0.0,0.0,0.0,1.0
2026-07-18T16:48:19.816,92,random,19,2,70.19203388957112,74.26328653257025,10.381538227235534,0.14440288437537596,-3.651261071851156,6.739069558112941,334.398132,-452.604584,37.547604,179.91338862921904,-3.3615433840325393,-173.36711663673134,799.904449422392,-389.749973486424,-99.64184743604079,155.76785045505818,-86.66582231967448,20.724717686402997,0.3743714161958661,0.8593618315792508,24,24,10,-0.9915975626532996,-0.11541907446993915,-0.058418413095001565,334.398132,-0.11530851025289948,0.993315740341574,-0.00527138055236,-452.604584,0.05863634711757361,0.0015090520777849255,-0.9982782685997598,37.547604,0.0,0.0,0.0,1.0,0.015671979500214053,-0.984188787904258,-0.17642794229398914,0.013999139632632142,0.9998747117658614,0.015033425774667966,0.004955489946717419,-0.21142777712872005,-0.002224821269077426,-0.17648350028550494,0.9843010841695221,0.6568868895518769,0.0,0.0,0.0,1.0,0.054396121238400486,-0.06052822085089119,0.996683197648502,799.904449422392,0.020581403204155902,-0.9978810170868692,-0.061724238187460395,-389.749973486424,0.9983073013037438,0.023870697901404246,-0.05303510106839357,-99.64184743604079,0.0,0.0,0.0,1.0
2026-07-18T16:48:25.056,93,random,19,3,70.19203388957112,74.26328653257025,10.381538227235534,-0.23280535518832046,7.76864062260713,-5.572471733868197,334.398743,-452.605774,37.54789,179.53615321690492,8.058193022278923,174.32172161919885,790.2687656884713,-390.4727693678238,-97.29724134021302,163.56051802197598,-84.5451276311219,13.867316665301868,0.13247275078191073,0.2601909290287717,19,19,10,-0.9852678066202185,0.09781000281023167,0.140287392833591,334.398743,0.09796556539490148,0.995172825697393,-0.005813345880277602,-452.605774,-0.14017880451281176,0.008015631212133596,-0.9900937594094965,37.54789,0.0,0.0,0.0,1.0,0.03968018181958241,-0.9979166352077776,0.05087113470675459,0.11084085714555675,0.9727951887908831,0.02695171092592381,-0.23009373295132507,-0.2991009393341465,0.22824329965209308,0.05861735625011889,0.9718379503344022,0.6041647331240599,0.0,0.0,0.0,1.0,0.09229099312272909,-0.0436334201298214,0.9947756014479827,790.2687656884713,0.022783849670676228,-0.9986853204994781,-0.04591869785870832,-390.4727693678238,0.9954713801926223,0.026902699987730316,-0.09117552276113255,-97.29724134021302,0.0,0.0,0.0,1.0
2026-07-18T16:48:29.991,94,random,19,4,70.19203388957112,74.26328653257025,10.381538227235534,5.768651562876428,-5.552870092339816,-9.495297377397137,334.383423,-452.620941,37.483498,-174.27983840437474,-5.090386235060288,170.4473237127447,800.2283160309805,-390.2883109399824,-99.38299049511926,154.17153062126198,-86.84184873058108,23.22125302201039,0.28711102111213627,0.5626154357897394,24,24,10,-0.9822441014250511,0.15640714312415832,-0.10360178953779207,334.383423,0.16529977273758845,0.9826906557112248,-0.08363647715407874,-452.620941,0.0887271680411108,-0.09927678861436938,-0.9910961653108251,37.483498,0.0,0.0,0.0,1.0,-0.06986132322799102,-0.990819607260674,0.11574066435198395,0.15320282741055946,0.9966529743258924,-0.0643890243865935,0.050367671237558774,-0.1841722057520515,-0.042452847774752285,0.11887202953742791,0.9920016110417698,0.6394136046995104,0.0,0.0,0.0,1.0,0.05062916239191615,-0.044880732438523106,0.9977085785795746,800.2283160309805,0.02172192027521389,-0.9987039601850055,-0.04602779693125771,-390.2883109399824,0.9984812697767798,0.024002495007177254,-0.0495886492897337,-99.38299049511926,0.0,0.0,0.0,1.0
2026-07-18T16:48:36.161,95,random,19,5,70.19203388957112,74.26328653257025,10.381538227235534,-7.844634312799658,-10.809620109549368,8.840103104274792,334.398376,-452.605469,37.548134,171.9242943170329,-10.519848893278988,-171.2659658104276,799.9136088944238,-389.9595411838949,-101.47843078758365,153.13249568561218,-87.58766870581269,24.24809451961953,0.3431882527904536,0.7742792658487821,24,24,10,-0.9717904903256083,-0.12499100473995887,-0.20000122911324716,334.398376,-0.1492956638484724,0.9824968519479943,0.11140350384222697,-452.605469,0.18257614211270304,0.13812018189380118,-0.9734417125256476,37.548134,0.0,0.0,0.0,1.0,0.15018456574002184,-0.9730147398785417,-0.1751768026668337,-0.010338164231076554,0.9783288041091764,0.1207182805058911,0.16822558605042445,-0.15120961442372005,-0.14253893244930893,-0.19664539844805637,0.9700583693806353,0.6671189756593197,0.0,0.0,0.0,1.0,0.03837726447504649,-0.045336233736286737,0.9982343469757097,799.9136088944238,0.01728616181893797,-0.9987906635598787,-0.046026068647960196,-389.9595411838949,0.9991137944103168,0.019021995064293754,-0.03754716397801794,-101.47843078758365,0.0,0.0,0.0,1.0
2026-07-18T16:48:59.412,96,random,20,1,132.29210450241618,-21.46746661358276,-36.573847755715974,-8.380610531869198,-1.5741589091500465,-1.332903025180972,396.498322,-548.336304,-9.407102,171.3886360743651,-1.284342193565253,178.56103634537178,792.672576617673,-389.3651798378174,-100.87117300294345,163.4049157047509,-85.86120107329963,16.425544976182405,0.21280642604097944,0.4391492604072023,24,24,10,-0.9994334948821637,0.028183959030669482,-0.01839439482509525,396.498322,0.025105704671439733,0.9883306234349404,0.15024074804676793,-548.336304,0.022414122792882074,0.1496938316500032,-0.9884783072305462,-9.407102,0.0,0.0,0.0,1.0,0.1714246580084966,-0.985095762357924,0.014139505335420454,0.16009018196577565,0.9841077357425448,0.17054267658431477,-0.049468777174487645,-0.2090068050303908,0.04632009367813539,0.022394964789395302,0.9986755801929526,0.5740088246989715,0.0,0.0,0.0,1.0,0.06922734488784474,-0.0022445913527332586,0.9975983843859404,792.672576617673,0.020408258152851525,-0.9997850096303801,-0.003665721968031652,-389.3651798378174,0.9973921383883798,0.020613013560359796,-0.06916665347560544,-100.87117300294345,0.0,0.0,0.0,1.0
2026-07-18T16:49:03.913,97,random,20,2,132.29210450241618,-21.46746661358276,-36.573847755715974,2.9527134815708678,-6.440388678085026,2.5017704727754655,396.498413,-548.336426,-9.40715,-177.27858491253045,-6.150530043390845,-177.60442601062132,797.6957303922245,-388.96776065423626,-100.7855659723477,158.25723484261152,-86.80766635011355,20.646205280020183,0.24071495321362696,0.48124710153183603,24,24,10,-0.9933749339878787,-0.046833917353150324,-0.10494200641276127,396.498413,-0.0415578742717829,0.9977866159712793,-0.05191157938835702,-548.336426,0.10714095207057117,-0.04720649503978551,-0.9931225318234757,-9.40715,0.0,0.0,0.0,1.0,-0.029981925011866705,-0.9975043839477687,-0.06392251698396702,0.15003993402249788,0.9980694037687603,-0.03335625623208926,0.05239108159650187,-0.14237443324680613,-0.054392549427793146,-0.062228322933869484,0.9965786905165009,0.5949527521238941,0.0,0.0,0.0,1.0,0.05211138157150985,-0.018599490764807557,0.9984680580038597,797.6957303922245,0.019635356860495,-0.9996141764398798,-0.01964563619183741,-388.96776065423626,0.9984482243319733,0.02062903787651916,-0.05172606813415851,-100.7855659723477,0.0,0.0,0.0,1.0
2026-07-18T16:49:09.149,98,random,20,3,132.29210450241618,-21.46746661358276,-36.573847755715974,9.436169855445865,3.3307484024180596,-9.955015515549178,396.503571,-548.327454,-9.349465,-170.99747778762926,3.4681135339268723,169.87763177704608,788.9073746417739,-389.5772212900794,-97.83492905647122,161.90801449868445,-85.31292471137715,17.86396797029857,0.4143730403273408,0.7426567166142238,24,24,10,-0.9826317668524976,0.18290455244035508,0.03131669632850975,396.503571,0.17542919472359952,0.9706442085935552,-0.16454305808031028,-548.327454,-0.06049304431889755,-0.15619137306645448,-0.9858726320213212,-9.349465,0.0,0.0,0.0,1.0,-0.1171133195505592,-0.9748378678443312,0.18967235381195097,0.245183102201158,0.984264586101067,-0.1393785013623606,-0.10861334128585598,-0.17540293934073165,0.1323166464627336,0.1739677118740706,0.9758214694779758,0.532386262306925,0.0,0.0,0.0,1.0,0.07777406565064053,-0.002991209623985448,0.9969665226963016,788.9073746417739,0.025066336848819225,-0.9996735111875785,-0.00495477415013821,-389.5772212900794,0.9966558450484055,0.02537565161493872,-0.07767369462028904,-97.83492905647122,0.0,0.0,0.0,1.0
2026-07-18T16:49:14.555,99,random,20,4,132.29210450241618,-21.46746661358276,-36.573847755715974,-7.738980595900379,4.783591919094601,-7.498808367320034,396.498444,-548.336182,-9.407074,172.03029150913216,5.073312092765388,172.3950364415124,786.6101416201865,-389.8809684766759,-99.6365098406289,164.6961529809515,-84.9180202642383,15.307494925451897,0.3333657411416718,0.5544479657261575,22,22,10,-0.9873209019198246,0.1189110520783688,0.1051551155476498,396.498444,0.13182379034505562,0.9832531691144466,0.1258399528188888,-548.336182,-0.08843033942763613,0.13810636162035697,-0.9864617113444902,-9.407074,0.0,0.0,0.0,1.0,0.17071672675808128,-0.9796283629091104,0.10575476248861661,0.19522892415660287,0.9706568099091714,0.1487569142405119,-0.18893580349576883,-0.25197012092641746,0.16935511973943249,0.13490608233010812,0.9762782351196735,0.5362982466595059,0.0,0.0,0.0,1.0,0.08543842614894309,0.0010644050958275185,0.9963428839405557,786.6101416201865,0.023385321645032563,-0.9997260865676466,-0.00093731942127237,-389.8809684766759,0.996068974553846,0.02337988190584123,-0.08543991487190794,-99.6365098406289,0.0,0.0,0.0,1.0
2026-07-18T16:49:20.094,100,random,20,5,132.29210450241618,-21.46746661358276,-36.573847755715974,-6.790275630990715,6.5796775203608036,11.281632112930865,396.497223,-548.333252,-9.382943,173.03348331262671,6.862029033384307,-168.8155399122121,793.8859732630558,-388.46280199653995,-100.0820854216442,161.34301782507123,-85.83103366309183,16.722695714752593,0.27475090167250504,0.6421422987353733,24,24,10,-0.9739805868799055,-0.20675254205388544,0.09281811641770743,396.497223,-0.19257884172490153,0.9709543241852677,0.1419897533832113,-548.333252,-0.11947889395608785,0.12042045798030404,-0.9855068275759654,-9.382943,0.0,0.0,0.0,1.0,0.12601752488544768,-0.9605530960058718,-0.24790589580580702,0.0676437381709653,0.9734666958379782,0.16785109370574988,-0.15552685438879116,-0.2509694651660729,0.19100307724231608,-0.2217290240255383,0.9562186279238908,0.586999961069085,0.0,0.0,0.0,1.0,0.06962350055188364,-0.03294259292817815,0.9970292642355438,793.8859732630558,0.02091811602306312,-0.9991866362004607,-0.03447460602318187,-388.46280199653995,0.9973539996375141,0.023256216579149554,-0.06887777433596555,-100.0820854216442,0.0,0.0,0.0,1.0
2026-07-18T16:49:40.104,101,random,21,1,12.105378495076941,-42.083355020528,-24.19230386843383,5.007603149047668,-5.902976626237124,-4.943234635340222,276.304932,-568.964233,2.945225,-175.22665116082848,-5.603126165922857,174.95375136300763,795.2260599828577,-389.3378681581421,-100.31760870777411,154.3480277114082,-87.1977708415722,26.069189038889604,0.24193487678211292,0.49971481767542153,24,24,10,-0.9913646155575353,0.07956143906653905,-0.10424095372799388,276.304932,0.08753956809235093,0.9933837968041405,-0.07433341284506534,-568.964233,0.09763720110011873,-0.08281672331511107,-0.9917703198325121,2.945225,0.0,0.0,0.0,1.0,-0.05788149606876294,-0.9942678779215249,0.08989504628325268,0.23377592154498955,0.9967591369464401,-0.05251711521697833,0.060935831192115056,-0.13696793958698328,-0.05586551106567534,0.09313076582264851,0.9940853610886029,0.688797924212047,0.0,0.0,0.0,1.0,0.04391489704928545,0.0077467284940174784,0.9990052402338995,795.2260599828577,0.02148441081418646,-0.9997460030331601,0.0068080475311772075,-389.3378681581421,0.9988042360288215,0.02116406428027178,-0.044070176696067095,-100.31760870777411,0.0,0.0,0.0,1.0
2026-07-18T16:49:42.972,102,random,21,2,12.105378495076941,-42.083355020528,-24.19230386843383,2.0969777858330936,-5.784204602951131,-8.639081883570999,276.306396,-568.964661,2.957535,-178.1289688720636,-5.484581198110292,171.258975725327,791.551874726154,-389.70731803843535,-100.45425455807873,155.6622469871514,-87.15589512118784,25.626589498324574,0.33404441896221754,0.6000061035143153,24,24,10,-0.9838604571216392,0.14880317117093309,-0.09937915858907903,276.306396,0.15127283277539041,0.9883326068250585,-0.017753544730364158,-568.964661,0.09557787911702219,-0.03250037747255031,-0.9948912475681118,2.957535,0.0,0.0,0.0,1.0,-0.004593356011624239,-0.985115098062779,0.1718346433328008,0.26269696042342316,0.9984927713937773,0.004879717531180935,0.0546660208099028,-0.1504963689275411,-0.05469082697238457,0.17182674973814813,0.9836078901267011,0.6696967656854428,0.0,0.0,0.0,1.0,0.044737723512133516,0.02295023620539493,0.9987351114049556,791.551874726154,0.021460258881781855,-0.999527459787126,0.022007144753950214,-389.70731803843535,0.9987682380731168,0.020448564487781633,-0.04520910114910773,-100.45425455807873,0.0,0.0,0.0,1.0
2026-07-18T16:49:47.444,103,random,21,3,12.105378495076941,-42.083355020528,-24.19230386843383,8.337519270351091,2.365566719798732,-0.30970391304886746,276.313995,-568.93158,3.006984,-171.90951200591851,2.6424240553638443,179.57574460054846,792.0324716013604,-389.0186924526055,-98.8524413325697,161.21337202230703,-85.28096130447396,18.401428127499276,0.15053586395673305,0.3415314159754663,24,24,10,-0.998909322232116,0.013819053552435767,0.044600445252144245,276.313995,0.007396712683765296,0.9899718509449013,-0.1410709856001577,-568.93158,-0.04610265284393545,-0.14058722593337203,-0.9889943262249338,3.006984,0.0,0.0,0.0,1.0,-0.1133220367355675,-0.9934116955749401,0.017068072094560113,0.20505556958294452,0.9858237454074104,-0.11456260856438316,-0.12258446765324656,-0.20035917903914058,0.12373220672488082,0.0029345892125317154,0.992311306599469,0.6891292402621592,0.0,0.0,0.0,1.0,0.07806307347820783,-0.00568707754822785,0.9969322011591846,792.0324716013604,0.025970289349834204,-0.9996327814349888,-0.007736042375369665,-389.0186924526055,0.9966101046197665,0.026494516970650264,-0.07788671221890252,-98.8524413325697,0.0,0.0,0.0,1.0
2026-07-18T16:49:51.277,104,random,21,4,12.105378495076941,-42.083355020528,-24.19230386843383,7.022194723445743,-7.234875011839513,0.030695015917435953,276.30246,-568.971191,2.933842,-173.17695194452745,-6.9222468976525535,179.93968739201557,797.6501849905126,-389.13901515062935,-100.12386068743764,156.09285145221688,-86.89769620965373,23.344210096161927,0.17654064952593213,0.35899531382195,24,24,10,-0.9927100701686513,-0.013273251905017498,-0.11979372842355937,276.30246,0.0010449802049605906,0.9929323203185919,-0.11867735792099705,-568.971191,0.12052229919032738,-0.11793739038406417,-0.9856800430906949,2.933842,0.0,0.0,0.0,1.0,-0.09713079113679916,-0.9951141546992078,-0.017703912856204245,0.18929555646408297,0.9927329539671312,-0.09813739855549064,0.06964433295289216,-0.11978572554504044,-0.0710414774679684,-0.010810648548607239,0.9974147774908523,0.709779966870784,0.0,0.0,0.0,1.0,0.04968883326103714,-0.009279683700436548,0.9987216365532371,797.6501849905126,0.021444859217768394,-0.9997163968674281,-0.0103558605406226,-389.13901515062935,0.9985344950788055,0.02193201552130037,-0.04947573984172892,-100.12386068743764,0.0,0.0,0.0,1.0
2026-07-18T16:49:57.687,105,random,21,5,12.105378495076941,-42.083355020528,-24.19230386843383,-7.793424339505753,9.133502276301307,5.847137742826256,276.309509,-568.955627,3.006552,172.00989421162546,9.413524686660887,-174.25227913442896,793.0432128554098,-388.65986020237455,-99.89854812483784,160.60116162119283,-85.64804886826255,17.686381375482803,0.16501799865129438,0.40450283685003735,20,20,10,-0.9815737861457676,-0.12179697113288933,0.14723586578791503,276.309509,-0.0987998418369166,0.9830365187355875,0.15452441258654626,-568.955627,-0.16355883835630244,0.13713023246195943,-0.9769563990989905,3.006552,0.0,0.0,0.0,1.0,0.15059204083894392,-0.9753266595202048,-0.1614309278456884,0.10568932262199235,0.9599326291287993,0.18329913648377047,-0.2119688045401368,-0.30647562779207405,0.23632897573051148,-0.12304200011972297,0.9638512755797471,0.6881944127285939,0.0,0.0,0.0,1.0,0.072296161284997,-0.028971175976109764,0.9969623543675132,793.0432128554098,0.02305371536047135,-0.999262445548654,-0.030709788735854688,-388.65986020237455,0.9971167390388807,0.025203886182168882,-0.07157494568481501,-99.89854812483784,0.0,0.0,0.0,1.0
2026-07-18T16:50:20.471,106,random,22,1,-163.9501040689189,7.100745919539535,-38.88680776265224,-8.216943093283017,-0.707053863482944,-11.326438273720646,100.256195,-519.768311,-11.719866,171.55198634175693,-0.4173424579732915,168.56744918692044,785.9910034441945,-390.5787318336694,-101.13635455248902,164.92994614809965,-84.64946672463567,15.646063982393297,0.3104419619968942,0.5461205349402373,18,18,10,-0.9801327217115589,0.19711237453300276,0.022058096841141992,100.256195,0.1982089607273636,0.9693114700219708,0.14542517653839834,-519.768311,0.007283935589390484,0.1469080865364706,-0.9891233282015557,-11.719866,0.0,0.0,0.0,1.0,0.18834426091611509,-0.9632079827082519,0.1917206859654473,0.2527557520475484,0.9791756431022528,0.16910854282123752,-0.11232702568913351,-0.22435735692232317,0.07577268198534347,0.2088843766105473,0.9750004194218436,0.8271558958926448,0.0,0.0,0.0,1.0,0.0897935183644809,0.011143987315335658,0.9958980548261166,785.9910034441945,0.02514863711071629,-0.9996439405499223,0.00891841764531657,-390.5787318336694,0.9956428426454943,0.02424466268147321,-0.09004180262667155,-101.13635455248902,0.0,0.0,0.0,1.0
2026-07-18T16:50:26.610,107,random,22,2,-163.9501040689189,7.100745919539535,-38.88680776265224,9.418651344496414,-9.620540228313567,-3.6272676667584633,100.256149,-519.768311,-11.720116,-170.81241241980203,-9.330789581043996,176.2666268547704,798.0349473054922,-388.9971058804905,-100.77810841339232,150.2423347633286,-86.98708991301342,29.082756864849557,0.17953343509698202,0.3255210823058238,24,24,10,-0.9846746706999119,0.0384456200857351,-0.17011092609895215,100.256149,0.06425201951362558,0.986761592688105,-0.14890680704405287,-519.768311,0.16213411383925505,-0.1575547317342689,-0.9741093550714427,-11.720116,0.0,0.0,0.0,1.0,-0.13036076924076626,-0.9909041175915924,0.03339310681838243,0.17539804932848857,0.9843810725864981,-0.12533628174064051,0.1236313892702292,-0.05057970335415659,-0.11832148484705511,0.048988225314446424,0.9917661922066758,0.8731221330999301,0.0,0.0,0.0,1.0,0.04593400615515605,-0.011179529577340837,0.9988819175442949,798.0349473054922,0.025548436506664687,-0.9995971432054953,-0.012362390039056283,-388.9971058804905,0.998617716881993,0.026087725348182315,-0.045629881827096305,-100.77810841339232,0.0,0.0,0.0,1.0
2026-07-18T16:50:33.557,108,random,22,3,-163.9501040689189,7.100745919539535,-38.88680776265224,-11.741185573455544,3.581576591036619,-9.411486878982716,100.256233,-519.767944,-11.720153,168.0277802396867,3.871361230139945,170.4824460255862,782.0999885389701,-390.6176232730123,-100.23834950397526,167.60118752878284,-83.0929377439687,11.814647300296679,0.2404238266084512,0.461007183939182,24,24,10,-0.9839845495452939,0.14794044862598016,0.09943857358434254,100.256233,0.16497246781014982,0.9670984953926294,0.19366100555853163,-519.767944,-0.0675165988537193,0.2069640641987306,-0.9760160782536165,-11.720153,0.0,0.0,0.0,1.0,0.24668882764082334,-0.962678224951739,0.11133399086067551,0.21295326623779887,0.9524591589260665,0.21965346464137672,-0.2111253325607557,-0.2812081344442747,0.17879086356703522,0.15812334006973316,0.9710977481335981,0.8236410259608679,0.0,0.0,0.0,1.0,0.11771152302107275,-0.008670152137505901,0.9930099827342984,782.0999885389701,0.02462262558599491,-0.9996289713646259,-0.011646712744467314,-390.6176232730123,0.9927425263668884,0.025821465303362694,-0.11745436676546302,-100.23834950397526,0.0,0.0,0.0,1.0
2026-07-18T16:50:38.487,109,random,22,4,-163.9501040689189,7.100745919539535,-38.88680776265224,-11.850779250111486,-8.417360558017151,0.39939812592329815,100.25573,-519.767822,-11.720299,167.91817341347817,-8.127349028151215,-179.7068946398539,797.5235697737373,-390.0539980098451,-102.30845657314191,158.32287483245574,-86.71857112200922,21.22278711148518,0.13629508964832132,0.322801002020974,22,22,10,-0.989943334959386,0.024588016927571506,-0.13931124503448494,100.25573,-0.005064251352257256,0.9779882557581272,0.20859847784060495,-519.767822,0.1413737844429794,0.20720617998203056,-0.9680284355583385,-11.720299,0.0,0.0,0.0,1.0,0.22844309606461358,-0.9735431862957942,0.005236055523637276,0.13073260383691498,0.9695523792433647,0.2279873996533862,0.08938640558171063,-0.11961276781348601,-0.08821528078482152,-0.015343077146380455,0.9959832600097934,0.8837193447359206,0.0,0.0,0.0,1.0,0.05335838253705936,-0.007365064805301982,0.998548265650411,797.5235697737373,0.020720770208310674,-0.9997493284043537,-0.008481157764042463,-390.0539980098451,0.9983604222398862,0.021143230014779687,-0.053192397290767475,-102.30845657314191,0.0,0.0,0.0,1.0
2026-07-18T16:50:44.963,110,random,22,5,-163.9501040689189,7.100745919539535,-38.88680776265224,-10.133167688487983,11.942603354467462,-8.916221027266243,100.256203,-519.767883,-11.720249,169.63578629172142,12.232362447145507,170.97765344791776,779.1155080918271,-389.98219782858655,-100.70945565264071,165.57427124493816,-82.94786078546512,11.25824956993102,0.1613028517604742,0.36380794297315283,20,20,10,-0.9652045344969221,0.11661497074470628,0.23405374422296962,100.256203,0.15325929728964588,0.9774907536906495,0.14499453177126995,-519.767883,-0.21187683776398009,0.1758202919105106,-0.9613508363608152,-11.720249,0.0,0.0,0.0,1.0,0.21196133451563795,-0.9764881650464042,0.03928429959483315,0.19588335692896539,0.9224202631044229,0.18662320244041514,-0.3381015210336269,-0.36525762505198955,0.3228207720775083,0.10790108356819335,0.9402893731613109,0.7964924649517481,0.0,0.0,0.0,1.0,0.12041002153583136,-0.05340638295234734,0.9912866310879449,779.1155080918271,0.023969065804709644,-0.9981043405211647,-0.056685177227036615,-389.98219782858655,0.99243483947219,0.030585677902545037,-0.11890166402978378,-100.70945565264071,0.0,0.0,0.0,1.0
2026-07-18T16:51:11.321,111,random,23,1,84.54626802990781,58.19498393952996,2.9032153420008764,10.504569637972825,-5.072719676382667,8.534433773693763,348.752655,-468.674286,30.069767,-169.72671469380862,-4.782879786413573,-171.57186797724793,800.9384424669697,-389.35514026337535,-98.64949802753975,150.50229819207198,-87.15506376362555,26.051028620030028,0.4300113913351895,0.9721224658040899,24,24,10,-0.985755911389537,-0.15892869377027977,-0.055017755834420375,348.752655,-0.14605836108854248,0.971162401293148,-0.1884424195096619,-468.674286,0.08338008345349746,-0.17772242574025118,-0.9805419425360083,30.069767,0.0,0.0,0.0,1.0,-0.1634212463120806,-0.9640221694156207,-0.20965388889549882,0.03354277551868737,0.9858942765990648,-0.1673657387490658,0.001088513750724403,-0.1883892991892093,-0.036138229384021746,-0.20651868285503744,0.9777750569577893,0.6480626605312019,0.0,0.0,0.0,1.0,0.04459054255671938,-0.059574315635461644,0.9972274486951629,800.9384424669697,0.021797442315824665,-0.9979246700543712,-0.06059062968283228,-389.35514026337535,0.9987675180055592,0.024438776840100034,-0.04319943475989089,-98.64949802753975,0.0,0.0,0.0,1.0
2026-07-18T16:51:14.759,112,random,23,2,84.54626802990781,58.19498393952996,2.9032153420008764,9.862283405740534,2.248075975057766,7.635962116575964,348.753418,-468.658875,30.109734,-170.44302652928116,2.5038828605012107,-172.49295492870024,797.5963400154362,-389.4049436460106,-97.58931620024973,156.41399257602222,-86.21830966218943,20.407832609232916,0.38704864876436745,0.7741587020082688,22,22,10,-0.9904822509127241,-0.1216437108778134,0.064402781234495,348.753418,-0.1305233644457487,0.9786163876766768,-0.15897678165195891,-468.658875,-0.04368709146447659,-0.16586974821988273,-0.9851795088535119,30.109734,0.0,0.0,0.0,1.0,-0.1505212873482073,-0.9745465350087743,-0.16613967965970686,0.04964168668025122,0.9827095290504633,-0.1291668365601782,-0.13265711381773976,-0.2441136851326311,0.10782079376657709,-0.1832347659027294,0.9771385249779674,0.6293366373839435,0.0,0.0,0.0,1.0,0.061815323647766755,-0.054624622917482324,0.9965916999119777,797.5963400154362,0.02299853249363425,-0.9981581558146637,-0.05613700636664362,-389.4049436460106,0.9978225960888343,0.026390273810482038,-0.060445183288221585,-97.58931620024973,0.0,0.0,0.0,1.0
2026-07-18T16:51:18.897,113,random,23,3,84.54626802990781,58.19498393952996,2.9032153420008764,8.965066641227665,11.151689923412597,0.676507521711855,348.75293,-468.674011,30.0697,-171.2659658104276,11.441451506746919,-179.42958306701058,787.3871702114393,-390.5080612137797,-96.30979756833293,163.01213604078842,-84.49984810035487,15.239482205035294,0.14721612790224162,0.38026534629084646,16,16,10,-0.9800793475675939,0.020280010269153586,0.19756820000942102,348.75293,-0.009757652853736136,0.9886547544767907,-0.149888507435435,-468.674011,-0.19836648074275437,-0.14883043248583105,-0.9687622214371363,30.0697,0.0,0.0,0.0,1.0,-0.12136144600854311,-0.9926051860524427,0.0025187386743197857,0.1104837600706684,0.9498075986139854,-0.11686512280749264,-0.29018626550256177,-0.29937568256375147,0.2883347447635284,-0.032825107661418086,0.9569668684281432,0.5855896199995635,0.0,0.0,0.0,1.0,0.0924779395441393,-0.029212421510041296,0.9952861222418357,787.3871702114393,0.025194143045633898,-0.9991808713433875,-0.031667672754142576,-390.5080612137797,0.9953959442623153,0.028003942061556247,-0.09166620628752122,-96.30979756833293,0.0,0.0,0.0,1.0
2026-07-18T16:51:23.398,114,random,23,4,84.54626802990781,58.19498393952996,2.9032153420008764,5.693854050137947,0.16902275208970252,-5.137033560651272,348.744537,-468.693604,30.007088,-174.36400590447948,0.5753069220908598,174.79928194144034,796.027642808388,-389.9783152911481,-97.94060209218529,161.35465925972056,-85.48190405695802,16.273933878290418,0.2789841816028525,0.4644716930420307,24,24,10,-0.9958330597956967,0.09118890531636192,0.0010490782353405614,348.744537,0.09064049164270821,0.9909796796427904,-0.09870955277905187,-468.693604,-0.010040831275767406,-0.0982031470080051,-0.9951157337842748,30.007088,0.0,0.0,0.0,1.0,-0.06912678060132224,-0.996014496169811,0.05636143737783398,0.1368573741923147,0.9941230829762975,-0.07349337977173322,-0.07948596746237044,-0.22202204353810245,0.08331136835629277,0.0505355968533727,0.995241362360546,0.6169998102153814,0.0,0.0,0.0,1.0,0.07561770652533428,-0.04042335323669672,0.9963171758897617,796.027642808388,0.02207482664564573,-0.9988651963276709,-0.042202151531046256,-389.9783152911481,0.9968925039784445,0.025184758851058347,-0.07463955675914034,-97.94060209218529,0.0,0.0,0.0,1.0
2026-07-18T16:51:28.537,115,random,23,5,84.54626802990781,58.19498393952996,2.9032153420008764,-6.202793556407246,10.574577605367413,-1.1969187544452655,348.752869,-468.673279,30.070087,173.5661621747598,10.864368415491155,178.6969992301563,788.6576798766159,-389.8871935849138,-97.88953124546502,164.50676265946456,-84.72990958550103,13.280719734642554,0.09283537823091867,0.21014254294083634,16,16,10,-0.9818221735826612,0.0014811276254092104,0.1897973280169557,348.752869,0.02233210981889743,0.9939252434321546,0.10776774721301846,-468.673279,-0.18848473766449986,0.11004733858340052,-0.9758909195900201,30.070087,0.0,0.0,0.0,1.0,0.1306865393250916,-0.9902819272692244,-0.04756819276766013,0.07037741885913432,0.9525248894417164,0.13872228094646424,-0.2710211500290271,-0.3188579861430571,0.2749861149826976,-0.009891071375757541,0.9613973181124245,0.5860304029960118,0.0,0.0,0.0,1.0,0.08939434967534336,-0.037507125376685775,0.9952898400928745,788.6576798766159,0.021100168794068855,-0.9989951048411891,-0.03954191927819442,-389.8871935849138,0.9957727818749539,0.024535607783771,-0.088513111049701,-97.88953124546502,0.0,0.0,0.0,1.0
2026-07-18T16:51:49.189,116,random,24,1,-58.12914154623727,8.868010573985567,64.02838001761356,3.5167374161835667,-6.341350552608015,10.103776325141048,206.077087,-518.000671,91.194817,-176.7142787801061,-6.051580232171754,-170.0023073932666,799.9537218841242,-389.3364725094658,-99.58728585092646,152.4302090647281,-87.18119996712106,25.178339093564837,0.24465150751161194,0.6385987342904271,24,24,10,-0.9793267579562228,-0.17927375817037577,-0.0937017650976944,206.077087,-0.1726410653732454,0.9821468295730178,-0.07471725173251838,-518.000671,0.10542373403434678,-0.05699583134878665,-0.9927926830467255,91.194817,0.0,0.0,0.0,1.0,-0.04435704238536906,-0.9749650946940287,-0.21788877189769582,0.036274422960236925,0.9973248890706569,-0.05590003055532782,0.04709832506698355,-0.22614635152016627,-0.05809921196560578,-0.21521675286133501,0.9748365149381708,0.8039249654392906,0.0,0.0,0.0,1.0,0.04450504327744213,-0.04121979975887124,0.9981584189048908,799.9537218841242,0.020921936396683907,-0.9988908228531066,-0.042182894605003136,-389.3364725094658,0.9987900548665303,0.022760758504106034,-0.043593281271678344,-99.58728585092646,0.0,0.0,0.0,1.0
2026-07-18T16:51:53.926,117,random,24,2,-58.12914154623727,8.868010573985567,64.02838001761356,11.082680566205557,0.9465912795882261,0.03728646402372959,206.077179,-518.000916,91.195107,-169.14837109540355,1.2363283303332906,179.9312076166476,793.310010914116,-389.6746626627077,-98.58735750758004,161.04806627154187,-85.15430546274193,17.089396517588607,0.22051686175318994,0.4077503249633872,24,24,10,-0.999766483374252,0.005241276825923768,0.020964439861714007,206.077179,0.0012003737940256966,0.9821124186437281,-0.1882916786491667,-518.000916,-0.021576325549917095,-0.1882225442474957,-0.9818893705569703,91.195107,0.0,0.0,0.0,1.0,-0.16274724465182697,-0.9865868691477785,-0.012636612814467436,0.17032999519708625,0.9813612181276785,-0.1605321545962771,-0.10563894592258884,-0.2764936263519488,0.10219341423593302,-0.029593529121438294,0.9943242575342018,0.7628468555752063,0.0,0.0,0.0,1.0,0.08074285877273435,-0.03139212673349405,0.9962404956316294,793.310010914116,0.02482339075347285,-0.9991305618301384,-0.03349506961468234,-389.6746626627077,0.9964258075886565,0.02743455478297852,-0.07989339882088525,-98.58735750758004,0.0,0.0,0.0,1.0
2026-07-18T16:51:56.664,118,random,24,3,-58.12914154623727,8.868010573985567,64.02838001761356,9.432106545081133,3.238552459884854,-3.115399689108738,206.077164,-518.000732,91.19532,-170.79883332005744,3.5281022150770704,176.7787365320583,789.4959999344246,-389.84088175366077,-98.5169994959005,163.75331478324395,-84.7556397299324,15.38488766560602,0.15125542501898107,0.30905096053737174,22,22,10,-0.9965277091539286,0.06529349053478124,0.05166512346068152,206.077164,0.056085541228722224,0.9850203876826956,-0.1630620983383735,-518.000732,-0.061538093515353,-0.15959823289503092,-0.985262131162707,91.19532,0.0,0.0,0.0,1.0,-0.12928965396431927,-0.9895925326415046,0.06317281628959776,0.20011126856686567,0.9805387816310503,-0.1370788305019105,-0.14054569344424536,-0.2981607562982904,0.14774262450383743,0.04377229224522258,0.9880567308289119,0.7425305870279728,0.0,0.0,0.0,1.0,0.08812818913287951,-0.01391145384604338,0.9960119947731797,789.4959999344246,0.024249541105766284,-0.9995761745912425,-0.016106860206074332,-389.84088175366077,0.995813929424729,0.025572302231666306,-0.08775349179521666,-98.5169994959005,0.0,0.0,0.0,1.0
2026-07-18T16:52:03.570,119,random,24,4,-58.12914154623727,8.868010573985567,64.02838001761356,-11.368057302190945,-10.068527720228795,3.877644192617794,206.076996,-518.000671,91.194946,168.40117683477354,-9.778613393718244,-176.2285251613942,799.958720111641,-390.7846151581533,-102.09085211668946,156.08814793173212,-87.14306109295532,22.035768461156614,0.1894171989802101,0.5631231493996635,24,24,10,-0.9833371670869656,-0.030359879788909874,-0.17923809172322722,206.076996,-0.06482147677523384,0.979704100089879,0.1896788138294791,-518.000671,0.16984166736716552,0.19813670524737037,-0.9653474266085024,91.194946,0.0,0.0,0.0,1.0,0.2148083498976666,-0.9740111452886296,-0.07183078495863655,0.0738069025427113,0.9688816198180273,0.20325964924804168,0.14125835113846655,-0.20627191144499202,-0.12298690821805722,-0.09993900060084313,0.9873633660238098,0.8050602870123849,0.0,0.0,0.0,1.0,0.04620133904541662,-0.032271000792762766,0.9984107465258197,799.958720111641,0.018700111725303115,-0.9992749553476615,-0.033164279524674045,-390.7846151581533,0.9987570986440453,0.02020262663029255,-0.04556436969129894,-102.09085211668946,0.0,0.0,0.0,1.0
2026-07-18T16:52:10.778,120,random,24,5,-58.12914154623727,8.868010573985567,64.02838001761356,4.522005242273334,11.378220374914012,2.8104900031867714,206.07724,-518.000916,91.19503,-175.70902432854908,11.667941723162132,-177.29560175904584,793.076815781384,-390.1140398324113,-99.17683389210478,153.60438318682213,-86.33947975342979,23.337524979729125,0.11902484744603667,0.24183406049412207,12,12,10,-0.9782453916078153,-0.03193583847487905,0.20497818425134517,206.07724,-0.0462081426861832,0.9968002782125773,-0.06522279436532767,-518.000916,-0.20223936646351845,-0.07327555920110689,-0.976590974295892,91.19503,0.0,0.0,0.0,1.0,-0.04978724152452527,-0.9954253084651612,-0.08154560594181857,0.12818095488946368,0.9642320862553837,-0.026623125470353646,-0.263718965995585,-0.39989641181059066,0.26034153417572325,-0.0917587295968593,0.961146513870701,0.7216383597595053,0.0,0.0,0.0,1.0,0.05862136111743191,-0.0525156525849563,0.9968980099560417,793.076815781384,0.025291873637534174,-0.9982166595257429,-0.054072375323919564,-390.1140398324113,0.9979598474631347,0.028383214737658712,-0.05718860002232391,-99.17683389210478,0.0,0.0,0.0,1.0
2026-07-18T16:52:35.336,121,random,25,1,163.47626535493168,2.388333497948316,39.12833857425902,-10.32301064286856,-1.9807619768968259,-6.02483661647101,427.682434,-524.480469,66.295227,169.44619455731257,-1.690970340769599,173.8691995526045,790.9378611135104,-389.4490368728833,-101.16050020897538,165.58909654958643,-86.10781547518592,14.354984920355182,0.2757287842050514,0.5107647585675027,17,17,10,-0.9938476898297006,0.11036577547199086,-0.00928251176315454,427.682434,0.10675207310447023,0.9768835449889801,0.1852094339326722,-524.480469,0.029508715798300143,0.18307904067431946,-0.982655229751364,66.295227,0.0,0.0,0.0,1.0,0.20635459817685314,-0.9736975691436458,0.0965961886154079,0.14684331711622856,0.9778822702448149,0.20177946031993205,-0.055057378559496675,-0.2881884184258879,0.03411810885902408,0.10582104344954724,0.9937997089007082,0.5315470852040357,0.0,0.0,0.0,1.0,0.06575989259742654,-0.00041986751204707004,0.9978353873444491,790.9378611135104,0.01682921081583767,-0.9998572084836096,-0.0015298060919042256,-389.4490368728833,0.9976935472322606,0.01689338197742139,-0.06574343660376991,-101.16050020897538,0.0,0.0,0.0,1.0
2026-07-18T16:52:38.769,122,random,25,2,163.47626535493168,2.388333497948316,39.12833857425902,-5.119263106117567,-7.488632756399918,-5.697814106802606,427.673767,-524.489929,66.256302,174.6545528023903,-7.174806693746221,174.20289017248868,794.2494274056389,-389.89004716116546,-101.77344696217139,163.57724971242294,-86.4610173761746,15.24596667341735,0.3698008683455628,0.717351186487355,22,22,10,-0.9870955659477183,0.11214279162113723,-0.11430808358892164,427.673767,0.10021520563521288,0.9893839110069591,0.10524442598097844,-524.489929,0.12489698253298874,0.09243089812390577,-0.9878548844978003,66.256302,0.0,0.0,0.0,1.0,0.11499309945427183,-0.9896666615819926,0.08565328966859774,0.16424863480492324,0.9910703765332081,0.12015901399828505,0.0578041530799005,-0.24025233432314394,-0.06749885803644785,0.07824135931917814,0.9946467683834611,0.5493426627549596,0.0,0.0,0.0,1.0,0.059555179158918906,-0.020017136730414452,0.9980242957325561,794.2494274056389,0.01623210153015483,-0.9996473125972322,-0.021018308615230158,-389.89004716116546,0.9980930314931887,0.017451780833089837,-0.05920925460170893,-101.77344696217139,0.0,0.0,0.0,1.0
2026-07-18T16:52:43.906,123,random,25,3,163.47626535493168,2.388333497948316,39.12833857425902,-8.458078526960662,-10.449025878626491,10.528502253145426,427.68219,-524.480042,66.294426,171.31082840578634,-10.15917196124414,-169.5775737797361,798.5077039982964,-389.72989164637653,-102.14503909553429,160.67669840858736,-86.71141488663572,16.946021783639257,0.3514761759166509,0.7927032402721254,24,24,10,-0.9680809669278021,-0.15262049053743504,-0.19881204022957064,427.68219,-0.1780678156366322,0.9770331067440612,0.1170391445647406,-524.480042,0.1763833736680702,0.14870539396457877,-0.9730239520686577,66.294426,0.0,0.0,0.0,1.0,0.15642180841530007,-0.9669632637002391,-0.20128155530566536,0.05551192916779933,0.9803743916352755,0.1272467990208898,0.15057989362693727,-0.20794209933176522,-0.11999279177454604,-0.2208852616023033,0.9678901958016894,0.5926937081955429,0.0,0.0,0.0,1.0,0.054874321973268206,-0.04095821426842337,0.9976528622080508,798.5077039982964,0.01672025096491972,-0.9989805341862761,-0.041932392306797926,-389.72989164637653,0.9983532651299556,0.018982017828542076,-0.05413354785632245,-102.14503909553429,0.0,0.0,0.0,1.0
2026-07-18T16:52:47.243,124,random,25,4,163.47626535493168,2.388333497948316,39.12833857425902,-5.469102293799912,-4.039860995725509,11.631843709249303,427.684357,-524.467102,66.324883,174.29152674339542,-3.759577164309922,-168.47892720757272,799.0814608132762,-389.1579744183301,-100.95519504398732,157.55936090570077,-87.13015124026931,20.062171019984792,0.27878148820209786,0.7416387781878426,20,20,10,-0.9777426502954497,-0.1923472217487467,-0.0837965159106771,427.684357,-0.19929850708991556,0.9762947394767032,0.08443155063036162,-524.467102,0.06556992347838121,0.09925284860221852,-0.9928995201828755,66.324883,0.0,0.0,0.0,1.0,0.10685035906638952,-0.9655004543470658,-0.23746973159329898,0.04956136411688471,0.9941450425236121,0.0998813733249124,0.04122312079955087,-0.24839488536332235,-0.016082138946933274,-0.2404840616721599,0.9705198508472419,0.5810662376339146,0.0,0.0,0.0,1.0,0.047029328007679824,-0.04105048273333995,0.9980496481510858,799.0814608132762,0.017175089693021266,-0.9989742682405001,-0.041897824375428334,-389.1579744183301,0.9987458428455072,0.019112018750443598,-0.04627604280942765,-100.95519504398732,0.0,0.0,0.0,1.0
2026-07-18T16:52:52.781,125,random,25,5,163.47626535493168,2.388333497948316,39.12833857425902,-4.9606793977562935,-10.468729216955367,-5.311320656578687,427.670624,-524.503479,66.257919,174.7986516878657,-10.155619622914328,174.59089719135127,794.6674218895446,-389.8504616441747,-102.17536751162905,163.7052492362203,-86.63506865950737,15.175741304160583,0.3905382188871398,0.6315944382730299,24,24,10,-0.9799492477943915,0.10979181824184323,-0.16626854300906158,427.670624,0.09278955901514652,0.9899407828158991,0.10680516961093009,-524.503479,0.17632234539326186,0.08923566083688161,-0.9802792598795632,66.257919,0.0,0.0,0.0,1.0,0.11051210313530918,-0.9902499210366299,0.08480665626917963,0.16406150351018253,0.9863669717380621,0.11974571820970913,0.11287674709489842,-0.22047327292392915,-0.12193142386151162,0.0711762380109317,0.9899831670375592,0.5568423940543292,0.0,0.0,0.0,1.0,0.05664851690851566,-0.01906229234650412,0.9982121891374411,794.6674218895446,0.015365309223494994,-0.9996826554953459,-0.019962353925322942,-389.8504616441747,0.998275940211188,0.01646867670063061,-0.056337641796565155,-102.17536751162905,0.0,0.0,0.0,1.0
2026-07-18T16:53:20.807,126,random,26,1,-142.1541238178025,20.678779253862558,47.673079570404205,2.143524113408205,5.908615981196959,1.1382104194175788,122.051765,-506.176117,74.865189,-178.10055016542512,6.192184075096858,-178.97350866208643,787.9761440806695,-390.0537682046079,-99.10621725552477,162.3402782365209,-84.73752016082132,15.777041672842476,0.13902260880726405,0.34656331395487355,16,16,10,-0.9940061425730914,-0.014330219099520607,0.10838096395365177,122.051765,-0.017810175271714742,0.9993541901398781,-0.031208977981648883,-506.176117,-0.10786373896613184,-0.03295219978131929,-0.9936194273190405,74.865189,0.0,0.0,0.0,1.0,-0.009156465993909835,-0.9989309936435106,-0.04531036381327392,0.11773725411679026,0.9806435262224872,-0.00010750271119972254,-0.195801590701129,-0.3434108353517698,0.19558740656910323,-0.04622616555108108,0.9795961964044251,0.82523587632845,0.0,0.0,0.0,1.0,0.08826320703659798,-0.03162254125369433,0.9955951090520047,787.9761440806695,0.024937775551772654,-0.9991125253185851,-0.03394508951305283,-390.0537682046079,0.9957849735932669,0.027824029833548036,-0.08739627983889138,-99.10621725552477,0.0,0.0,0.0,1.0
2026-07-18T16:53:26.241,127,random,26,2,-142.1541238178025,20.678779253862558,47.673079570404205,-9.255805730260022,-3.906163267279883,-9.24293914909687,122.045753,-506.201477,74.808929,170.52473031086683,-3.6041337144909305,170.6554792797157,792.7796006681479,-391.333567857551,-101.38249066426502,158.88329035908455,-86.77439518866926,21.38693541953255,0.24571104884752515,0.520130938008886,20,20,10,-0.9847782884240698,0.17036654936892992,-0.03445230768299408,122.045753,0.16204945459300882,0.9715873436725493,0.17250509523323623,-506.201477,0.06286252392855468,0.16429629475871782,-0.9844059277624695,74.808929,0.0,0.0,0.0,1.0,0.1928978583381084,-0.9671497355830299,0.1655651086740391,0.202427220469983,0.9811118104615391,0.19260345231690598,-0.017986815407122814,-0.2721508486509867,-0.014492467748864203,0.16590750169080476,0.9860348215257227,0.8329856858026072,0.0,0.0,0.0,1.0,0.052393040886393294,0.005247775777459126,0.9986127528306787,792.7796006681479,0.02051882797913619,-0.999780739574786,0.004177376408256603,-391.333567857551,0.9984157185085974,0.020271497840148103,-0.05248923137442105,-101.38249066426502,0.0,0.0,0.0,1.0
2026-07-18T16:53:30.011,128,random,26,3,-142.1541238178025,20.678779253862558,47.673079570404205,-3.70062834054934,-9.658509433180056,-4.829398122473002,122.049065,-506.188995,74.826836,176.07462869762205,-9.36505245719282,175.06679593598693,799.3700362244888,-391.2843230625308,-101.76483906780254,151.8377588556839,-87.25652890658284,26.628996217152785,0.1767224226146712,0.365538589244696,24,24,10,-0.9830166001044305,0.09689092877688109,-0.15585413642210325,122.049065,0.08484814434191425,0.9930004372848739,0.0821640064370207,-506.188995,0.1627241725155175,0.06754464799525163,-0.9843569292722725,74.826836,0.0,0.0,0.0,1.0,0.09291609688270162,-0.9934239353965266,0.06689905471203139,0.17329882493063536,0.988134579404574,0.10025697463788551,0.1163554554862154,-0.17970699215872998,-0.12229739132553415,0.05529397451564874,0.9909520293421031,0.8648040443209544,0.0,0.0,0.0,1.0,0.04278722264473807,-0.026273408732639406,0.9987386853286087,799.3700362244888,0.02145333560431486,-0.9993995080984565,-0.027209880632091763,-391.2843230625308,0.9988538471517238,0.022590511418108174,-0.042197877009039785,-101.76483906780254,0.0,0.0,0.0,1.0
2026-07-18T16:53:34.183,129,random,26,4,-142.1541238178025,20.678779253862558,47.673079570404205,-3.41289979833782,1.587227025486639,-5.300679256548477,122.054909,-506.179688,74.870079,176.33790280448466,1.8677278205674577,174.58654271210827,788.4204635326352,-390.8426237576634,-99.82751719136394,166.40212943746556,-84.25856243042134,13.233218175229856,0.16291391926250576,0.35101113563252884,24,24,10,-0.9950109353366908,0.09207705360668038,0.03840644164090607,122.054909,0.0942920213855375,0.9937034260788337,0.06051872191493478,-506.179688,-0.032592227040095914,0.06383821111450705,-0.9974279069377728,74.870079,0.0,0.0,0.0,1.0,0.09524104680606213,-0.9923938461209897,0.07799741780645875,0.17031543075096978,0.9872982450230565,0.08416085423653485,-0.13475580131693707,-0.30882103921524706,0.12716649864519566,0.08984099729726164,0.987804270504514,0.8264718650451583,0.0,0.0,0.0,1.0,0.09738295930311906,-0.005216245552576747,0.9952333143638746,788.4204635326352,0.02290054036708849,-0.999709761482094,-0.00748051123323239,-390.8426237576634,0.9949834795051941,0.02351985501125381,-0.09723524017550013,-99.82751719136394,0.0,0.0,0.0,1.0
2026-07-18T16:53:38.223,130,random,26,5,-142.1541238178025,20.678779253862558,47.673079570404205,-11.106985788023948,7.34296573501214,-10.663955886234287,122.0522,-506.190125,74.839844,168.66198722311702,7.63271456361478,169.2299602854302,780.3382295349155,-390.8220153777578,-100.3575438739843,166.27427789508147,-84.30227670763486,13.838304560596777,0.22494750615637388,0.4763765816606652,15,15,10,-0.9736810329461236,0.1575683569434698,0.1646737956418845,122.0522,0.1852119725864248,0.9680928747585869,0.16879784078091878,-506.190125,-0.13282232979290526,0.19485481449476755,-0.9717972164894251,74.839844,0.0,0.0,0.0,1.0,0.23206993387250477,-0.9627404858132891,0.13883192272818276,0.18677403845816376,0.9471134596175963,0.19113145627051367,-0.25776900712673373,-0.4001326807729071,0.22162951158092786,0.19131001907873418,0.9561803366502024,0.7763229408238027,0.0,0.0,0.0,1.0,0.09639856164498659,0.003103158106340263,0.9953379766303231,780.3382295349155,0.0237461034464025,-0.9997176876903601,0.0008170007060872122,-390.8220153777578,0.995059515749632,0.023556640864267078,-0.0964450350578063,-100.3575438739843,0.0,0.0,0.0,1.0
2026-07-18T16:54:02.574,131,random,27,1,-83.51577113558434,-20.482876171004243,46.49780958713991,1.0436817851110671,0.7301507951409327,-11.869458070541498,180.690445,-547.351868,73.664688,-179.1873938070088,1.0198648753328654,168.02445708447496,787.8428654391673,-390.3297887488074,-99.95363508816419,158.7724204891032,-86.55821782382888,21.850018843772013,0.2997389728194767,0.6431686401893669,22,22,10,-0.9780812920097909,0.20772021058176612,0.0144672159147813,180.690445,0.20746127272716008,0.9780854991564251,-0.017566350171665482,-547.351868,-0.017799060056224045,-0.014179931445299833,-0.9997410279694044,73.664688,0.0,0.0,0.0,1.0,0.019273950187744228,-0.9757158217770734,0.2181906276127587,0.2876607433108734,0.9975241670406665,0.0040042155959211624,-0.07021041537611168,-0.28159886112935123,0.06763173082204166,0.21900365611411723,0.973377289438512,0.7381781804627878,0.0,0.0,0.0,1.0,0.055721522150231975,0.011469553107873306,0.9983804692204108,787.8428654391673,0.022343465059949708,-0.9996979343536657,0.010237656867056839,-390.3297887488074,0.9981963141278255,0.02173682130667842,-0.05596096015174828,-99.95363508816419,0.0,0.0,0.0,1.0
2026-07-18T16:54:08.312,132,random,27,2,-83.51577113558434,-20.482876171004243,46.49780958713991,-9.053708591829459,1.8669075450569714,4.433213380148949,180.690384,-547.350525,73.664352,170.71535336930685,2.1566131408724196,-175.67298528323536,792.9990521683972,-390.13916970407865,-100.59590885499259,162.4786770869361,-85.26179176874822,15.772528433259396,0.1998088722642678,0.4471348186271705,24,24,10,-0.9964433882564281,-0.0805145046816254,0.024859375211817136,180.690384,-0.07539544649626585,0.9836279193153473,0.16368152916865525,-547.350525,-0.03763111276162451,0.161225093826095,-0.9861999637361019,73.664352,0.0,0.0,0.0,1.0,0.17635925266875646,-0.9765078765153795,-0.12381349321274078,0.08274262226612289,0.9771783482912249,0.18881891039826598,-0.09731338400674633,-0.31480966890079676,0.11840561485398635,-0.1038257491156953,0.9875223157942377,0.7954263367692131,0.0,0.0,0.0,1.0,0.07949297097000974,-0.029527353382440533,0.9963980143339257,792.9990521683972,0.02245308263535136,-0.9992545674742056,-0.03140331928487946,-390.13916970407865,0.9965825237513101,0.0248685501018145,-0.07877073421837785,-100.59590885499259,0.0,0.0,0.0,1.0
2026-07-18T16:54:12.348,133,random,27,3,-83.51577113558434,-20.482876171004243,46.49780958713991,-11.15347768521204,-7.583511025249757,9.026274004415498,180.690002,-547.351318,73.664177,168.61546305015244,-7.293695436235865,-171.07981182278962,799.8513055859623,-389.75175046549157,-101.71212603236674,157.2687554614197,-87.09729337026907,21.19901908832816,0.19436627921064342,0.41603532231460477,24,24,10,-0.9799115757200545,-0.12725063153568272,-0.15355969700285915,180.690002,-0.15380381609483373,0.9723535245764877,0.17570716945630954,-547.351318,0.126955464334965,0.19579555668464904,-0.9723921071553604,73.664177,0.0,0.0,0.0,1.0,0.2073420652996463,-0.964656484300782,-0.16262575212349606,0.04561592717862151,0.9751770227812397,0.19060533654929832,0.11269152549524994,-0.20514768459523158,-0.07771127457965797,-0.18195459042130357,0.9802313425043198,0.8332277235083299,0.0,0.0,0.0,1.0,0.04721330186457817,-0.02627696483933281,0.9985391455751131,799.8513055859623,0.018311903011411522,-0.9994631670465421,-0.027167111097741656,-389.75175046549157,0.9987169660795521,0.019567801003915423,-0.04670677497672354,-101.71212603236674,0.0,0.0,0.0,1.0
2026-07-18T16:54:19.457,134,random,27,4,-83.51577113558434,-20.482876171004243,46.49780958713991,3.228711666787081,9.341217554641485,-5.755792606866792,180.690659,-547.351868,73.664635,-177.00236195949788,9.630962169913028,174.1381459416389,779.0794137044395,-390.47648274056985,-99.43284212333137,165.10792999470578,-83.06724102547206,13.410320342070836,0.12374760575411321,0.3069106859842249,16,16,10,-0.9807505039730556,0.11069377357190645,0.1608581283274453,180.690659,0.10069082127012195,0.9925163417035902,-0.0690845131941344,-547.351868,-0.16730154652167958,-0.051557734082615395,-0.9845567492977337,73.664635,0.0,0.0,0.0,1.0,-0.010399196681995817,-0.9960113410967427,0.08861864992786288,0.23636380649815553,0.9604052295478882,-0.034623911535921,-0.27644706510835154,-0.35784232485934264,0.2784127363563629,0.08223498742397083,0.9569345615442791,0.7221146857476146,0.0,0.0,0.0,1.0,0.11741331751021013,-0.02403071090109334,0.992792343748095,779.0794137044395,0.02799414802916232,-0.9992298170548196,-0.02749727958750149,-390.47648274056985,0.992688491193168,0.031020922651977624,-0.11665016849731565,-99.43284212333137,0.0,0.0,0.0,1.0
2026-07-18T16:54:24.791,135,random,27,5,-83.51577113558434,-20.482876171004243,46.49780958713991,-0.9799991340075209,-7.012702786841499,-4.301832942765904,180.682999,-547.365356,73.633644,178.811648084962,-6.71030980923366,175.60125096728498,796.492648197639,-390.56699909345457,-101.12861810438213,157.75222437114104,-86.65187425328048,21.60542939867599,0.2111018662761638,0.3930938722781702,24,24,10,-0.9902242449840084,0.07909698489352879,-0.11488956274006568,180.682999,0.07617185510247927,0.9966541158414323,0.029638182578892856,-547.365356,0.11684944645182326,0.02059709584105889,-0.9929360334416396,73.633644,0.0,0.0,0.0,1.0,0.04628946192057664,-0.9967380972213703,0.06610938861179692,0.2068828192259929,0.9968422703301257,0.05036604618154326,0.06139014151408095,-0.20942486433184987,-0.06451956136075113,0.06305891641600532,0.9959220849354913,0.7982668967955723,0.0,0.0,0.0,1.0,0.05429929549415482,-0.01060997729843131,0.9984683344455977,796.492648197639,0.021504564212072,-0.9996991997283013,-0.011792530714095415,-390.56699909345457,0.9982931133824807,0.02211195252167443,-0.054054799313214656,-101.12861810438213,0.0,0.0,0.0,1.0
2026-07-18T16:54:45.177,136,random,28,1,82.45951363030446,-12.529685101852179,14.488905829054671,9.85447786727821,11.49806021147593,3.1108211855981125,346.66571,-539.398499,41.65559,-170.37656342504604,11.787804493903502,-176.99525728283825,791.1261306796553,-389.8280944750336,-97.93131490427798,158.50340221600294,-85.5012560136768,18.959783836663593,0.13493221940282904,0.2868813914396483,16,16,10,-0.9775650864178203,-0.017576728730041027,0.2098989290684213,346.66571,-0.05131315684287343,0.9863624426602232,-0.15638443542813557,-539.398499,-0.204287693588572,-0.16364654080214644,-0.9651354039365425,41.65559,0.0,0.0,0.0,1.0,-0.13930916947757943,-0.9889784749702125,-0.05014510290207306,0.16806138344026073,0.9505765938752047,-0.11936663581418995,-0.28662823557880046,-0.30662154689460686,0.2774835030701481,-0.08759670256348065,0.9567286570516867,0.5936480323193872,0.0,0.0,0.0,1.0,0.07418177508789019,-0.04319354271308521,0.9963088788687483,791.1261306796553,0.025484605787850445,-0.9986531715983176,-0.045192673349325585,-389.8280944750336,0.9969190534404723,0.02874301175092565,-0.07298109455769122,-97.93131490427798,0.0,0.0,0.0,1.0
2026-07-18T16:54:50.213,137,random,28,2,82.45951363030446,-12.529685101852179,14.488905829054671,-0.5944665683624706,2.3206597316992053,-6.010469194557608,346.661743,-539.417236,41.610546,179.2084786538696,2.642022984907252,173.89618586475513,789.0117189434793,-389.9925959847458,-99.2743090678035,164.61480668766848,-85.29291869564214,15.396013679591002,0.21377575885913255,0.48750472420737345,20,20,10,-0.9932739242294466,0.10568695191960963,0.0472988333870663,346.661743,0.10621723753066856,0.9943036966456482,0.008835003573976964,-539.417236,-0.04609566028585415,0.013799530091302824,-0.998841710719006,41.610546,0.0,0.0,0.0,1.0,0.04377697761744458,-0.9936558965692404,0.10359312450090334,0.19887994777937454,0.9915382532225264,0.030529485767201582,-0.1261738597935815,-0.2649644746898222,0.12221075495676265,0.10824005594957965,0.9865843206036317,0.597009043588119,0.0,0.0,0.0,1.0,0.07911680885151287,0.001051553105808159,0.9968647976497206,789.0117189434793,0.02178647787399805,-0.999762419001536,-0.00067448798504935,-389.9925959847458,0.9966272522558263,0.02177153619434887,-0.07912092183954383,-99.2743090678035,0.0,0.0,0.0,1.0
2026-07-18T16:54:55.019,138,random,28,3,82.45951363030446,-12.529685101852179,14.488905829054671,-8.917843860139408,-5.429632807923518,3.59137436219798,346.665649,-539.398376,41.655434,170.85108707097334,-5.1398324927800765,-176.51471758006204,797.0666941336017,-389.7573112513726,-101.57680298700487,161.65284397296801,-86.37611943078376,16.99101144229173,0.22861871763221156,0.48215886379586387,24,24,10,-0.9941369087270191,-0.04580074456817633,-0.09794946913427942,346.665649,-0.06054770268774876,0.9863183511883812,0.15332998991804875,-539.398376,0.08958673119342211,0.15836161752783917,-0.9833086065361393,41.655434,0.0,0.0,0.0,1.0,0.17349402664671795,-0.9816535550017753,-0.07909564254927944,0.10978253630014329,0.984431207305008,0.17056328640465346,0.0424660265959528,-0.22166941104361804,-0.02819611324122414,-0.08523182083717096,0.9959621056620922,0.6496524333080026,0.0,0.0,0.0,1.0,0.06044756170044463,-0.023065051808027755,0.9979048530143363,797.0666941336017,0.018470305330654756,-0.9995359737399633,-0.024221581713315298,-389.7573112513726,0.99800047099461,0.019895742881215,-0.05999349389509908,-101.57680298700487,0.0,0.0,0.0,1.0
2026-07-18T16:55:00.624,139,random,28,4,82.45951363030446,-12.529685101852179,14.488905829054671,3.1851094241860807,2.6283151662341435,-8.812176492832918,346.665863,-539.398743,41.655609,-177.04613593504587,2.9179021632627435,171.08193176663156,788.2147106704994,-390.04693415997855,-98.77143048417295,163.3258888187747,-85.51908712762229,17.033648893404298,0.3092925819281935,0.5725385954085508,20,20,10,-0.9866302026289917,0.15740747707835598,0.0422342209600406,346.665863,0.15482094606152166,0.9861917861736681,-0.05878975713681303,-539.398743,-0.05090498915519082,-0.05146500795119822,-0.9973765763420018,41.655609,0.0,0.0,0.0,1.0,-0.016979417903249996,-0.9859529523304559,0.16615798253025255,0.22951969595049412,0.9925185858152789,-0.036715946756387,-0.11644224347297813,-0.2519267548940861,0.12090722136789397,0.16293776432932638,0.9792000453311142,0.5853742037850936,0.0,0.0,0.0,1.0,0.07469977972283419,0.007113622099930572,0.9971806954057919,788.2147106704994,0.02288599374581079,-0.9997234035574453,0.005417348962632378,-390.04693415997855,0.9969434157461625,0.022416796384309,-0.07484192034039258,-98.77143048417295,0.0,0.0,0.0,1.0
2026-07-18T16:55:05.959,140,random,28,5,82.45951363030446,-12.529685101852179,14.488905829054671,9.942953634797448,-7.013319620967113,3.9348331967635684,346.665894,-539.398804,41.655502,-170.28821333303688,-6.723373246962646,-176.17151586077867,799.3222651223476,-389.23434908100313,-99.81616665468425,156.1099751637468,-86.94477810107874,22.18174116924958,0.2534980148981265,0.5490626788992514,24,24,10,-0.9909067164688207,-0.08551875562291095,-0.10387695458420523,346.665894,-0.06631076248107247,0.982150474463526,-0.17602081777519824,-539.398804,0.11707588153056543,-0.16753205050908793,-0.9788903156207346,41.655502,0.0,0.0,0.0,1.0,-0.15175119571187282,-0.9826128916252992,-0.10697420161788763,0.13797451980174547,0.986167671660624,-0.15781634488443075,0.05066877400117119,-0.16703261091983973,-0.06667006803266479,-0.09780545229733405,0.9929698865169244,0.6550606782201179,0.0,0.0,0.0,1.0,0.04935384966206956,-0.029277729128078467,0.9983521483427764,799.3222651223476,0.020122588114432023,-0.9993382339252574,-0.030301413543331122,-389.23434908100313,0.9985786293382761,0.021584920482825596,-0.04873204527453516,-99.81616665468425,0.0,0.0,0.0,1.0
2026-07-18T16:55:26.110,141,random,29,1,41.26517779503062,-74.29902693293148,-16.719660160221274,11.761206352273327,-3.6333860142996297,10.669131135491725,305.4711,-601.167603,10.446614,-168.46981717863014,-3.3436098050449456,-169.43696993681098,798.5148853447536,-387.3317905843703,-99.56697985586827,157.73263437120585,-86.66930472608699,21.093960642839352,0.19236332526568914,0.4730157740874531,24,24,10,-0.9813803992818694,-0.19107811329798544,-0.019536287360721213,305.4711,-0.18300501796681726,0.9610782497911545,-0.20697285130503448,-601.167603,0.058323882795329476,-0.19954386083478803,-0.9781516100783268,10.446614,0.0,0.0,0.0,1.0,-0.18946847941990155,-0.9612494855109548,-0.20025264520408834,0.13875560932442116,0.981886067580512,-0.1857358225692777,-0.03744268294060527,-0.15571952108191672,-0.001202330065848387,-0.20371949052419583,0.9790285611681483,0.7094129535720923,0.0,0.0,0.0,1.0,0.05420574478864325,-0.019881165254935367,0.9983318468825958,798.5148853447536,0.020909692037053278,-0.9995599349577371,-0.021040941190917622,-387.3317905843703,0.9983108343651405,0.02201535135740545,-0.053766181692453265,-99.56697985586827,0.0,0.0,0.0,1.0
2026-07-18T16:55:31.214,142,random,29,2,41.26517779503062,-74.29902693293148,-16.719660160221274,-2.70105741600403,2.092126644460704,5.320823328836806,305.471375,-601.167847,10.447027,177.0681375143789,2.3817855543588333,-174.78512988390062,793.046778040963,-388.4779404011948,-100.42776582314633,161.3574069700892,-85.51646322990123,17.64806702881656,0.19764881969904152,0.5324401219344289,24,24,10,-0.9950005107966028,-0.0928888965498857,0.03668291717195167,305.471375,-0.09081251999556413,0.9943641284704016,0.054708922703286804,-601.167847,-0.04155802842478095,0.05110413788572875,-0.9978282905211706,10.447027,0.0,0.0,0.0,1.0,0.06759411309477134,-0.9911167281365346,-0.11453674992273184,0.16603471173574558,0.9907455542962542,0.08022165530161245,-0.10948850470655465,-0.2421557287693249,0.11770421622499044,-0.1060759974197761,0.9873670038310275,0.6798449436817402,0.0,0.0,0.0,1.0,0.07449357558140904,-0.016424696724026657,0.9970862232197477,793.046778040963,0.02369955589808735,-0.9995527905616794,-0.018235951595494862,-388.4779404011948,0.9969398368243345,0.0249889619208867,-0.07407100333319452,-100.42776582314633,0.0,0.0,0.0,1.0
2026-07-18T16:55:35.719,143,random,29,3,41.26517779503062,-74.29902693293148,-16.719660160221274,-2.7164909196866613,5.241709783414436,-7.5142331185795905,305.47168,-601.168213,10.447424,177.0524384707923,5.531391849972481,172.37968117260291,785.18075115289,-389.5387895214719,-100.34227201046214,162.82206611945477,-85.05272382772046,17.46521174532018,0.3177076135437537,0.6202652244840147,22,22,10,-0.986553234921268,0.1275196128729457,0.1022323970134495,305.47168,0.1319904132262739,0.9905145622126785,0.03820252427501594,-601.168213,-0.09639110686541033,0.051182520232592926,-0.9940267119850961,10.447424,0.0,0.0,0.0,1.0,0.08711914389828726,-0.9880981906304606,0.12677626133957232,0.27062384493559444,0.9809246840172401,0.06288724217454264,-0.1839346597500281,-0.26925450364790915,0.17377289504438748,0.14038219418605244,0.974728588122561,0.6146463394834605,0.0,0.0,0.0,1.0,0.0822633295146635,0.006063495540872697,0.9965921827101532,785.18075115289,0.025882625401189678,-0.9996572019314603,0.0039456721740845505,-389.5387895214719,0.9962744774004323,0.025469838012627505,-0.08239206898790086,-100.34227201046214,0.0,0.0,0.0,1.0
2026-07-18T16:55:39.755,144,random,29,4,41.26517779503062,-74.29902693293148,-16.719660160221274,-4.449579003387027,11.473012891857142,0.9718376223424663,305.471313,-601.166992,10.447151,175.3194130278601,11.762651646697261,-179.13439521095918,785.1092898768536,-389.46452579919264,-100.20019162165481,162.63369463706206,-84.42706550590724,15.572187080300404,0.1511275970462253,0.3837499659286458,17,17,10,-0.978888759896975,-0.03168977465062865,0.2019221481907194,305.471313,-0.014789837521327084,0.9963000483881901,0.08466093720118342,-601.166992,-0.20385793203467759,0.07988724406488404,-0.9757356054701819,10.447151,0.0,0.0,0.0,1.0,0.1025188118541653,-0.9921696039701734,-0.07133982179456648,0.19238024665350556,0.9500271352042576,0.11891760916194913,-0.2886295975931738,-0.3247350116877943,0.29485307458393906,-0.03818480311427577,0.954779338496347,0.6300869310104684,0.0,0.0,0.0,1.0,0.09354804250625491,-0.029949142502110466,0.9951642138896654,785.1092898768536,0.026070138643816985,-0.9991310477199937,-0.03251918438461179,-389.46452579919264,0.9952733853642127,0.02898617507254871,-0.09268597542413533,-100.20019162165481,0.0,0.0,0.0,1.0
2026-07-18T16:55:45.694,145,random,29,5,41.26517779503062,-74.29902693293148,-16.719660160221274,-11.588312938085902,-8.100023974679578,-1.8679026318451886,305.465485,-601.177429,10.421268,168.18648954893797,-7.803627873902299,178.02893044103376,793.6126798618573,-389.6474984216544,-102.11511338000275,159.1695276533224,-87.1020775055627,21.217696704521646,0.23815582798151153,0.5244675748831371,24,24,10,-0.9901530460613989,0.06144737503073997,-0.12578221447074672,305.465485,0.03407634597275974,0.9772839045239303,0.20917689309196244,-601.177429,0.1357783046752246,0.20283093960314116,-0.9697545369418124,10.421268,0.0,0.0,0.0,1.0,0.22334902058600298,-0.9730128857901577,0.05797533173327076,0.219394300257318,0.9706151373147114,0.22747550498774669,0.07849299233762282,-0.19397960493120148,-0.08956266085159294,0.03874040160968186,0.9952274669965169,0.6714122638988747,0.0,0.0,0.0,1.0,0.04712959094539965,0.00718221171178803,0.9988629623187791,793.6126798618573,0.018297112315784358,-0.9998125828933397,0.006325722808719375,-389.6474984216544,0.9987211909928732,0.017978179081215313,-0.04725217178819288,-102.11511338000275,0.0,0.0,0.0,1.0
2026-07-18T16:56:07.813,146,random,30,1,-108.50140035740384,-42.61161624256803,67.2191322557315,-8.018608432516437,7.288657445738771,-0.8989114994961742,155.703659,-569.483948,94.408234,171.75842303534256,7.573528023377763,178.9965415654507,783.4323733712696,-390.65344393107296,-100.39503054171402,165.29475937205444,-83.76934365186395,13.282314265269763,0.11540178185961707,0.3552732483556363,16,16,10,-0.9911245176883187,-0.0015581321380513042,0.1329276595044765,155.703659,0.017359986435105446,0.9898515618696596,0.14104083215568589,-569.483948,-0.13179841162954364,0.1420966491105113,-0.9810391026883147,94.408234,0.0,0.0,0.0,1.0,0.1657746412386176,-0.9852541011928057,-0.0423452996797159,0.15385667835156036,0.9576864014981028,0.1710835437594281,-0.23144584126816817,-0.4017745317605863,0.2352775482442425,-0.0021856663682253484,0.971925767821136,0.773378063298666,0.0,0.0,0.0,1.0,0.10562803583987022,-0.02337284649749194,0.9941309914147205,783.4323733712696,0.024934985490946467,-0.9993471331456559,-0.026144865119674645,-390.65344393107296,0.9940930361606889,0.02755027259691575,-0.10497627320808403,-100.39503054171402,0.0,0.0,0.0,1.0
2026-07-18T16:56:10.580,147,random,30,2,-108.50140035740384,-42.61161624256803,67.2191322557315,-11.554322043453546,6.090289591403838,0.6778549117903427,155.704605,-569.480164,94.385559,168.21462177667888,6.380056936120256,-179.42826526408177,786.0083212195823,-390.5472536141237,-100.48923271668073,165.23454559823378,-84.1506607396775,13.399252223096932,0.12529123411779458,0.31338594557902083,17,17,10,-0.9937571801819037,-0.03246346647452363,0.10673701411117366,155.704605,-0.009916687802118443,0.9786443307188921,0.20532153626643068,-569.480164,-0.11112302254684543,0.2029812732648738,-0.972856760558215,94.385559,0.0,0.0,0.0,1.0,0.2218184983283093,-0.9720608829402063,-0.0767736521007014,0.12059390141802855,0.9523605812575245,0.23287593360251266,-0.19692161591757337,-0.3956007752854535,0.20929853574787394,-0.029435342808666807,0.9774086573831503,0.7864881896246234,0.0,0.0,0.0,1.0,0.09913880051648827,-0.022551599193787398,0.994818035424547,786.0083212195823,0.023616826450644227,-0.9994082177547626,-0.02500919416231564,-390.5472536141237,0.9947933170968493,0.025973826403728206,-0.0985475347301844,-100.48923271668073,0.0,0.0,0.0,1.0
2026-07-18T16:56:14.583,148,random,30,3,-108.50140035740384,-42.61161624256803,67.2191322557315,-6.451319712564212,10.954956109868206,-6.478562415594441,155.704971,-569.480652,94.385979,173.31761308323203,11.244697799898997,173.41535968308136,777.8629023837539,-391.1764578963532,-100.85041977204804,164.10954801844878,-83.54826059949062,14.457701848919271,0.14332545538813452,0.2994088195892388,11,11,10,-0.974333501973299,0.09135030102111007,0.20574097655984763,155.704971,0.11246954754878591,0.989256842933716,0.09338896927897093,-569.480652,-0.19499955847800934,0.11413159602918804,-0.9741402111509471,94.385979,0.0,0.0,0.0,1.0,0.1511009808536629,-0.9871386462890877,0.05220906614380901,0.21644031666054614,0.942964668628808,0.1280883218111208,-0.3072637556454927,-0.4368426520069585,0.29662455613590644,0.0956591596145304,0.9501911375502397,0.7280645124693226,0.0,0.0,0.0,1.0,0.10880789085161631,-0.02332450492036308,0.9937891176495358,777.8629023837539,0.02805395119328685,-0.999254439517162,-0.026524345942681243,-391.1764578963532,0.9936668549925913,0.0307657695412008,-0.10807242346533305,-100.85041977204804,0.0,0.0,0.0,1.0
2026-07-18T16:56:19.521,149,random,30,4,-108.50140035740384,-42.61161624256803,67.2191322557315,5.5265832224374805,8.437334836268288,4.999008682706354,155.704941,-569.480347,94.385498,-174.70445742634618,8.727121248094162,-175.10707486898465,789.7533862887414,-389.3775343368252,-99.4304800724477,158.03906336005593,-85.60779586435166,19.123797071307674,0.12620516759930117,0.2746084609089167,16,16,10,-0.9848202033379927,-0.07097736399084606,0.1584025911979526,155.704941,-0.08430637631658963,0.9932976853521028,-0.07907049504411107,-569.480347,-0.15172871188301942,-0.0912245694704347,-0.9842034728221871,94.385498,0.0,0.0,0.0,1.0,-0.07117102054322912,-0.9908959252079792,-0.1142801436867258,0.157073398810796,0.9718353565419069,-0.043081213339714305,-0.23168955270413727,-0.3789484568299874,0.22465690643712796,-0.12755106610060726,0.9660538286900466,0.7902000856201745,0.0,0.0,0.0,1.0,0.07235695301536958,-0.0484595102676822,0.9962008568631868,789.7533862887414,0.025089502469611755,-0.9984144499780481,-0.05038951221096978,-389.3775343368252,0.99706318165709,0.028640215426014637,-0.07102640244439073,-99.4304800724477,0.0,0.0,0.0,1.0
2026-07-18T16:56:25.289,150,random,30,5,-108.50140035740384,-42.61161624256803,67.2191322557315,-5.316443156937928,-6.8402422365550875,9.679883327087317,155.704437,-569.480286,94.385605,174.45252788382717,-6.550454584392162,-170.42623886588385,799.1543001737244,-388.88784026322526,-101.17294726004576,157.3110575695321,-86.85023912564645,21.081032448158087,0.17491124858721893,0.36976444936735864,24,24,10,-0.9796350130466125,-0.1546638443615978,-0.1280403704323564,155.704437,-0.16523143327218914,0.983288124493099,0.07643976510731892,-569.480286,0.11407810776823787,0.09603936421142864,-0.9888188033456295,94.385605,0.0,0.0,0.0,1.0,0.10739801211954655,-0.976403666402286,-0.1873540691550169,0.0647746587485804,0.9923787636044847,0.09382773440306237,0.07987957062743033,-0.2267888589266447,-0.06041569779125342,-0.19450510659867365,0.9790391753997558,0.8624945133519719,0.0,0.0,0.0,1.0,0.05126862217596498,-0.02751593007609096,0.9983057657713017,799.1543001737244,0.01976341798570921,-0.99939665740527,-0.028560960710297366,-388.88784026322526,0.9984893267780586,0.021194215230120154,-0.05069388080507381,-101.17294726004576,0.0,0.0,0.0,1.0
2026-07-18T16:56:50.679,151,random,31,1,123.11935994775547,-2.3205821410896768,-47.18322356499459,-5.089467544002575,6.887981238775371,-8.72911484560899,387.324677,-529.190491,-19.990351,174.6432082380467,7.152174860838552,171.15681735045516,786.8460663218611,-390.0330664114845,-98.99455227342852,164.30893311793062,-84.6543272893904,14.752990223682993,0.3313291581247435,0.5429934158277662,22,22,10,-0.9804242652576348,0.14157389304830867,0.1368396612871174,387.324677,0.15253441806225015,0.9855842500556563,0.07319110156733802,-529.190491,-0.12450506576215138,0.09263109007982018,-0.9878856055992449,-19.990351,0.0,0.0,0.0,1.0,0.1283655230232818,-0.9849797563275864,0.1154866750920119,0.19189491911027043,0.9695243374126796,0.10013510358487342,-0.22359678037608627,-0.24490257000855498,0.20867403207745916,0.14066925980787445,0.9678157405630682,0.5406377445269099,0.0,0.0,0.0,1.0,0.09009290946431123,-0.015234316643105074,0.9958168422258545,786.8460663218611,0.023724511442687286,-0.9995664366811051,-0.01743806805365606,-390.0330664114845,0.9956507496211013,0.025196314354598494,-0.08969242176395388,-98.99455227342852,0.0,0.0,0.0,1.0
2026-07-18T16:56:55.883,152,random,31,2,123.11935994775547,-2.3205821410896768,-47.18322356499459,4.532228809989412,3.563832192700616,5.373303800104537,387.325745,-529.189453,-20.016827,-175.69899756713428,3.8536568342704065,-174.73304802032322,794.9322668335062,-388.9023436331395,-98.73022917961903,160.3553992526817,-85.91072455877514,18.24287057505746,0.24655019418705132,0.49887018865126015,24,24,10,-0.9935263241324928,-0.08651864273405936,0.0736204300125509,387.325745,-0.09158868690623531,0.9934362101965949,-0.06852743028173784,-529.189453,-0.06720830072668339,-0.0748266044243826,-0.9949291550576597,-20.016827,0.0,0.0,0.0,1.0,-0.0583187245775592,-0.9926204949684694,-0.10631782226982157,0.11549058783805521,0.9889399299982025,-0.042895455015594705,-0.14197814900242686,-0.2007089110290209,0.13636986917496485,-0.1134219242807829,0.9841436510355832,0.592526327461548,0.0,0.0,0.0,1.0,0.06772652883721446,-0.0236495076882059,0.9974235900948846,794.9322668335062,0.022323516629259296,-0.9994328230991845,-0.02521294741392332,-388.9023436331395,0.9974541482679621,0.023973587509999072,-0.06716017573633375,-98.73022917961903,0.0,0.0,0.0,1.0
2026-07-18T16:56:59.323,153,random,31,3,123.11935994775547,-2.3205821410896768,-47.18322356499459,4.755747123662754,10.950187094100091,4.674169967779076,387.321686,-529.174927,-19.98284,-175.49920718397215,11.226133967336759,-175.441567629782,792.4367174888168,-389.0329606077425,-98.23646165984556,159.85016618906516,-85.6559312675409,18.61092256445266,0.1422540258007446,0.38931966804486723,20,20,10,-0.9777637814332707,-0.06400174863093032,0.1997041909662745,387.321686,-0.07795509564858101,0.9949769724728011,-0.06279989897507238,-529.174927,-0.19468176796950354,-0.07697142600369258,-0.9778417094802341,-19.98284,0.0,0.0,0.0,1.0,-0.05729259812087143,-0.9946534487185369,-0.08591900344441486,0.12503325187450653,0.9622149101407541,-0.032067057872002876,-0.27039632116997064,-0.25062192345703216,0.2661954637167596,-0.09816425394080391,0.9589075838394772,0.5717970320836973,0.0,0.0,0.0,1.0,0.07178475950208066,-0.025917966285967268,0.9970833502405039,792.4367174888168,0.024173476161000452,-0.999323488865617,-0.02771655916135332,-389.0329606077425,0.9971271690980652,0.02609259713119265,-0.0711096689728431,-98.23646165984556,0.0,0.0,0.0,1.0
2026-07-18T16:57:04.886,154,random,31,4,123.11935994775547,-2.3205821410896768,-47.18322356499459,-4.290161866938199,-5.5494089117689045,4.822838802183526,387.319794,-529.20282,-20.054779,175.49926447975167,-5.242506529667519,-175.27552446075308,797.7273476392593,-389.2394663257106,-101.13086450539807,159.68824654512758,-86.73090289398972,19.14348650579192,0.21378542909602422,0.44947936070131617,24,24,10,-0.992433392652806,-0.07496453560223762,-0.09724340363018201,387.319794,-0.0820197044437651,0.9941196560127733,0.0707027411915733,-529.20282,0.09137138080711632,0.07814363653545965,-0.9927461119734566,-20.054779,0.0,0.0,0.0,1.0,0.09256869047000854,-0.9906935629663877,-0.09978628082874025,0.10753872918540922,0.9950471483821695,0.0883957513468572,0.045468270698776424,-0.1524743340392315,-0.036224439832526024,-0.10350099246282206,0.9939694836955663,0.606189947612936,0.0,0.0,0.0,1.0,0.05387205886885603,-0.019855054493493653,0.9983504284990772,797.7273476392593,0.01870067587341547,-0.9996068867715626,-0.020889151269072793,-389.2394663257106,0.998372718975788,0.019795169358334988,-0.053479578111339424,-101.13086450539807,0.0,0.0,0.0,1.0
2026-07-18T16:57:10.026,155,random,31,5,123.11935994775547,-2.3205821410896768,-47.18322356499459,-7.968566767289521,3.7132373574912485,-8.272814421732726,387.325806,-529.191528,-19.988314,171.76615796557684,3.9785043378294103,171.61426685408762,787.5429122311831,-389.8213555023003,-99.5815222743747,164.9215008544743,-84.99242510633782,14.945074706870894,0.3453367651471166,0.596671848126626,24,24,10,-0.9869245925638968,0.13450314268146335,0.08881865345408176,387.325806,0.14548524722140665,0.9805598015048153,0.13166821375625806,-529.191528,-0.06938221265938797,0.1428684019706506,-0.9873068055497441,-19.988314,0.0,0.0,0.0,1.0,0.17573959823974902,-0.977246103484616,0.11876719595353742,0.18461989274913426,0.9730839561226504,0.15417468644875845,-0.17128274984690867,-0.23448028233324475,0.14907450468548694,0.14567161453955746,0.9780371019394997,0.5491854476004587,0.0,0.0,0.0,1.0,0.08433481637462815,-0.0013693613114014588,0.9964365326485457,787.5429122311831,0.022510818060385265,-0.9997412216797973,-0.0032791377582895532,-389.8213555023003,0.9961831668008198,0.022707146975885144,-0.08428216690917249,-99.5815222743747,0.0,0.0,0.0,1.0
